rail,current_width,recent_width,candidates,mean_pf,median_pf,max_pf,mean_pnl,median_pnl,max_pnl,mean_wr_pct,median_wr_pct,mean_trades,median_trades,pf_ge_1_18,both_sides_pf_gt_1,main_acceptance,mean_gap,mean_dd_pct
2.15,1.75,2.0,4,0.9900709698430072,0.9951062129167185,0.9992361773334623,-428.3255915079473,-224.02236325554898,-37.08332149893591,53.24195245310987,53.31210191082803,454.5,456.5,0,0,0,0.03364202862511148,-30.630387186405233
2.15,1.75,2.25,4,0.97386237332184,0.9739333300434796,0.981133662548778,-973.2473505604469,-972.868538167675,-631.5666423512944,53.10338125729477,53.157531290461804,335.25,340.5,0,0,0,0.03909205073138361,-40.390931857651026
2.15,1.75,2.5,4,1.0487122907208994,1.0407049078667743,1.1221024186595994,1254.6389810070468,1205.521149562022,2861.3211711580566,55.07478089845143,54.729729729729726,232.5,233.0,0,1,0,0.14764092307749785,-27.359105093091483
2.15,2.0,2.25,4,0.9790508253630753,0.9762769575361023,0.9937567519766112,-773.1566393517578,-872.7559636099368,-207.97314618215952,53.173064456950144,53.115441311958726,324.5,329.5,0,0,0,0.06267579160213566,-38.74222847354717
2.15,2.0,2.5,4,1.0364712492647006,1.0247860868679664,1.1221024186595994,869.6753958867847,671.5223986990305,2861.3211711580566,54.89210644206198,54.4605152027027,231.5,232.5,0,1,0,0.1071292545412795,-27.82174333359395
2.15,2.0,2.75,4,1.2544725827906822,1.2595258467330628,1.3821196973641816,3832.1491440006635,3768.581970128746,5452.498858633169,57.61290199427887,57.75014855784614,156.5,158.5,3,4,1,0.3759109802656652,-19.68764048189338
2.15,2.25,2.5,4,1.0892872690364883,1.0780738465640756,1.144424657395757,2224.6441181391506,2038.1804486807212,3396.48488465504,56.465291286280305,56.09408033826638,215.75,217.5,0,3,0,0.10355564771307924,-20.212863543054063
2.15,2.25,2.75,4,1.2912015601459728,1.2883185509515358,1.3821196973641816,4396.201037849469,4223.84424451144,5452.498858633169,58.25681470050123,58.14873788226478,153.25,156.5,4,4,2,0.39495458013991536,-17.83539565710864
2.15,2.25,3.0,4,1.2964676314748065,1.3239487913379677,1.3918164623770695,2746.711419640766,3064.4204746787664,3829.4289108568514,57.6680019355403,58.106274141350866,96.75,98.0,3,4,0,0.7853907628059613,-16.25543296037265
2.15,2.5,2.75,4,1.346814951575599,1.3559039918380744,1.386232465732207,4435.2430728173,4661.632115114976,5035.860976817936,59.26224101071949,59.29802955665025,138.75,141.0,4,4,0,0.7371145617159305,-17.068734270168164
2.15,2.5,3.0,4,1.2533214187120088,1.2907425012142613,1.3547027427985963,2186.632449768497,2546.015410770594,3133.6022105543534,57.40521398432791,58.07142857142857,93.75,95.5,3,3,0,0.815255965914276,-16.420897980316646
2.15,2.5,3.25,4,0.999525795328245,1.0258016725626606,1.076198186135965,55.58859018544817,170.79092055779086,514.3289005375383,55.63217608563352,55.3639846743295,67.75,67.0,0,0,0,0.33086886926724024,-14.88537798851666
2.15,2.75,3.0,4,1.1432815180211398,1.14619341700875,1.241893300345138,1084.4586452508443,1116.0657238172325,1847.762489825768,55.75185854124971,55.92895476616407,86.0,87.5,1,1,0,0.8186065189800696,-17.184890800446563
2.15,2.75,3.25,4,0.984849590316667,1.0092956317229533,1.050505447769067,-47.991188711960504,66.5571421926049,308.47734167827554,55.620541485391314,55.44334975369458,66.0,66.0,0,0,0,0.2014296879296473,-14.811739333951518
2.15,2.75,3.5,4,0.8565500876953808,0.8587696094884598,1.0142134861025334,-541.8441386033645,-553.9706875090358,63.52852241847733,52.50858175248419,52.46160794941283,47.5,47.5,0,0,0,0.1518140337152262,-16.179704474602204
2.15,3.0,3.25,4,0.8513226949115575,0.8432470512113359,0.8984970401301509,-712.5270256649811,-754.61574976377,-465.6802914808126,52.860886076303345,52.58697591436218,57.25,57.5,0,0,0,0.09000446506902907,-15.606922198918625
2.15,3.0,3.5,4,0.7751789021085915,0.7812148754968916,0.8035623582098702,-817.4651199757377,-817.4038741812424,-737.877859219765,51.15494571951771,51.13695090439276,43.5,44.0,0,0,0,0.08741532284153714,-15.997878195408003
2.15,3.0,3.75,4,1.2585493213709877,1.2737918222464009,1.4917736874267633,300.4317267472552,358.91575289087865,494.14905964371536,59.22619047619048,59.72222222222223,22.5,22.5,2,0,0,0.8333180810126226,-7.010406120555423
2.15,3.25,3.5,4,0.8583163153190657,0.8566221218049168,0.8633988958615123,-425.59743348055207,-434.92754293450656,-397.60710511868854,52.66812865497076,52.63157894736842,37.5,38.0,0,0,0,0.2987817552555685,-15.947178586518984
2.15,3.25,3.75,4,1.2988662024721211,1.295042422807449,1.4917736874267633,360.9018100535581,377.9084033835659,494.14905964371536,59.63383838383839,59.54545454545455,21.0,21.0,3,0,0,0.8921812264323057,-6.934864015464374
2.15,3.25,4.0,4,1.372911798992811,1.3728726970407972,1.7640416727613575,282.871026757195,298.0833611501469,547.8016229127863,60.092407592407596,60.769230769230774,13.25,13.5,3,0,0,2.454437386079379,-6.721570173049035
2.35,1.75,2.0,4,0.9985593274144604,0.9993439871709406,1.0147584768738698,-38.8955602563464,-30.683721698050732,785.587348245688,53.47373880342826,53.47573306370071,449.75,451.5,0,0,0,0.10083118818849457,-31.420698853349194
2.35,1.75,2.25,4,1.0120835727623265,1.0127004609667432,1.0257725000314712,492.37735911898557,561.1690615423583,972.3359482281439,54.25642940849943,54.35881983020648,333.25,338.5,0,0,0,0.06401437769225196,-35.90371332242842
2.35,1.75,2.5,4,1.100481020010443,1.092329458143241,1.180981893927124,2989.940021670753,3025.526709462775,4724.371323594561,56.49899273740283,56.21996562489038,231.5,232.0,1,3,0,0.16517940317343816,-25.30343958046639
2.35,2.0,2.25,4,1.018944733137678,1.016746000400226,1.0403179586758053,740.6089011700084,681.982740080015,1514.509227810194,54.36094560770096,54.35621957361088,322.5,327.5,0,0,0,0.1294013903338806,-33.98527586288516
2.35,2.0,2.5,4,1.087900723046496,1.0758003920975963,1.180981893927124,2503.5732535602006,2347.8135453898135,4724.371323594561,56.32112985054162,55.957767722473605,230.5,231.5,1,2,0,0.14319881264562626,-25.852000171115545
2.35,2.0,2.75,4,1.2982233693308591,1.2994862131559644,1.4347975311390617,4975.443793356421,4786.073849866405,6816.125646186411,58.08869034936769,58.063021316033364,155.5,157.5,3,4,1,0.3478615563937126,-18.897358420046668
2.35,2.25,2.5,4,1.150888347776412,1.1401751786617462,1.2053775288880875,4206.735101361184,4071.7119066933155,5392.502649477589,58.003871310455786,57.73908590449366,214.75,216.5,1,3,0,0.18729990621727527,-18.678882141807676
2.35,2.25,2.75,4,1.3397548879350625,1.3320827051467978,1.4347975311390617,5653.7233017071585,5779.497033048384,6816.125646186411,58.75411097726534,58.79629629629629,152.25,155.5,4,4,2,0.3729658877417416,-17.94142026728802
2.35,2.25,3.0,4,1.3300530578131837,1.3473433201473863,1.4178049000521173,3235.9416285869866,3513.8476776282573,4390.051586520271,57.67154440827714,57.672634271099746,96.0,97.0,4,4,0,0.6873183684905331,-16.050989154162668
2.35,2.5,2.75,4,1.3941700901368475,1.410132192662426,1.444209354566079,5487.329314862318,5869.870567663864,6315.487401761277,59.49646422918626,59.71722621902478,137.75,140.0,4,4,0,0.6630585925327056,-21.424348678967572
2.35,2.5,3.0,4,1.2862872563560517,1.3145329402303032,1.3812535971940008,2599.596003714061,2928.86328283256,3592.9693306038853,57.40064348450424,57.62626262626263,93.0,94.5,3,4,0,0.7175487139997458,-18.726203796462134
2.35,2.5,3.25,4,1.0406945063603512,1.063318146972224,1.109485217954324,298.04867072039053,419.6604266145255,723.5904918643462,56.14998067864122,56.07390771743569,67.75,67.0,0,1,0,0.2836172573106729,-16.030839514371
2.35,2.75,3.0,4,1.1710646107113312,1.1632740371953092,1.2638420240666892,1355.7331531007317,1318.9967430595084,2136.500613805706,55.699015037250334,55.42483660130719,85.25,86.5,1,1,0,0.7270586715048655,-18.951249123254662
2.35,2.75,3.25,4,1.0255611643872908,1.041922754131966,1.091742635742598,182.23082211547728,257.2912318795102,585.0574869147237,56.11696393676372,56.082949308755765,66.0,66.0,0,3,0,0.15940002405499784,-16.030839514371
2.35,2.75,3.5,4,1.1139464951547127,1.107345301359921,1.2864062549158028,548.1386048938953,534.5925198712968,1287.1140936550476,56.76513098464318,56.752484191508586,47.5,47.5,2,2,0,0.29702011143027973,-12.64436759425736
2.35,3.0,3.25,4,0.9075513263547716,0.8982498198858513,0.9612607120738538,-459.1887057510981,-505.9814962242651,-183.462707184154,54.60879131839481,54.311626523936965,57.25,57.5,0,0,0,0.17063894648060915,-14.111161289183201
2.35,3.0,3.5,4,1.0573007722701135,1.0566285434192326,1.0827301197238277,209.42690758889623,210.59822676064368,307.2534873892549,55.77472859758857,55.684754521963825,43.5,44.0,0,0,0,0.4312846107304107,-12.644367594257371
2.35,3.0,3.75,4,1.6461992245622357,1.6039630642400537,1.9033783851054433,876.427916326678,883.9921701520786,1182.5046180390843,63.31018518518518,62.73148148148148,22.5,22.5,4,0,0,1.7904743829252916,-6.899357624528174
2.35,3.25,3.5,4,1.2388080336990626,1.231838393619938,1.2597169539364363,682.7555166679327,671.7768621863197,715.6914801127717,58.00438596491229,57.89473684210527,37.5,38.0,4,0,0,0.9258445550210236,-12.644367594257265
2.35,3.25,3.75,4,1.7625928954452306,1.7434974664083756,2.0587687522580644,948.5488531463463,904.6056818500755,1429.7613419217644,64.10353535353535,64.31818181818181,21.0,21.0,4,0,0,2.150270157392206,-6.815087563009412
2.35,3.25,4.0,4,1.6328507925594087,1.6650083348855742,2.208621669777759,495.7235576124816,517.3956090910979,953.5248153430272,61.759074259074254,62.91208791208791,13.25,13.5,3,0,0,3.3574517277842046,-6.340517686629268
2.45,2.25,2.5,2,1.1514902887761846,1.1514902887761846,1.1615391409287117,4328.728729389164,4328.728729389164,4658.165525910597,58.93526295387001,58.93526295387001,215.5,215.5,0,0,0,0.3225260116226891,-20.853787007852624
2.45,2.25,2.75,2,1.4679372180711074,1.4679372180711074,1.5227491926291474,8165.276633829926,8165.276633829926,8439.309620732201,60.78382633192477,60.78382633192477,155.5,155.5,2,2,1,0.27582161146641915,-17.710169387405028
2.45,2.5,2.75,2,1.4612133411764021,1.4612133411764021,1.4874132955808343,6760.620218981048,6760.620218981048,7159.209086672405,60.71228123883871,60.71228123883871,140.0,140.0,2,2,0,0.5785199197854074,-22.00851718589024
2.45,2.5,3.0,2,1.379566164648974,1.379566164648974,1.4338130265157407,3546.1694380908993,3546.1694380908993,4247.011989474579,58.68686868686868,58.68686868686868,94.5,94.5,2,2,0,0.8124879683323362,-20.089335386053683
2.45,2.75,3.0,2,1.2690672747324774,1.2690672747324774,1.317583624608176,2209.2402538084502,2209.2402538084502,2655.2841123549015,57.21256684491979,57.21256684491979,86.5,86.5,2,2,0,0.8055981488093051,-20.089335386054042
2.45,2.75,3.25,2,1.1263316268852268,1.1263316268852268,1.1481881827769214,783.6043813469546,783.6043813469546,968.6686183539376,57.6036866359447,57.6036866359447,66.0,66.0,0,1,0,0.18470827264454281,-15.448099936648541
