candidate_id,setup_label,group,width_atr_timeframe,rail,current_width,recent_width,recent_delta,width_lookback,trades,pnl,profit_factor,win_rate_pct,sharpe,max_drawdown_pct,long_trades,long_pnl,long_profit_factor,long_win_rate_pct,short_trades,short_pnl,short_profit_factor,short_win_rate_pct,pf_symmetry_gap,min_side_pf,both_sides_pf_gt_1,main_acceptance,fees_paid,stop_loss_after_bad_context,stop_loss_after_low_mfe,high_mfe_high_capture_count,high_mfe_low_capture_count,bounce_score
phase2d_transition_tail_1h_transition_245_w2p25_r2p75_lb35_sym_1hatr_sl2p45_tp2p45_fee04,1h 2.45 w2.25/r2.75/lb35,transition_tail_1h_width,1h,2.45,2.25,2.75,0.5,35,162,7891.243646927651,1.4131252435130677,60.49382716049383,0.78177976583667,-17.710169387404928,110,4934.610978278859,1.3853535417969849,60.909090909090914,52,2956.632668648793,1.4696107040329736,59.61538461538461,0.08425716223598867,1.3853535417969849,True,True,1810.2871947593005,64,25,56,7,66.07163985770546
phase2d_broad_1h_semantic_upper_235_w2p25_r2p75_lb35_sym_1hatr_sl2p35_tp2p35_fee04,1h 2.35 w2.25/r2.75/lb35,broad_1h_width_main,1h,2.35,2.25,2.75,0.5,35,162,6331.327125221177,1.3446903336295521,59.25925925925925,0.7000902409460141,-17.27344757692826,110,3544.547132470574,1.2830218270708318,59.09090909090909,52,2786.7799927506035,1.4768434437402045,59.61538461538461,0.1938216166693727,1.2830218270708318,True,True,1754.6011980960361,66,25,53,7,64.32217119940294
phase2d_broad_1h_semantic_upper_235_w2p5_r2p75_lb35_sym_1hatr_sl2p35_tp2p35_fee04,1h 2.35 w2.5/r2.75/lb35,broad_1h_width_main,1h,2.35,2.5,2.75,0.25,35,141,6231.4810817342495,1.444209354566079,60.28368794326241,0.7353279752960665,-21.424348678967597,97,2835.3315076874724,1.2725202509597076,59.79381443298969,44,3396.149574046777,1.937091260745019,61.36363636363637,0.6645710097853115,1.2725202509597076,True,False,1428.719197210394,56,23,47,6,63.6548611769237
phase2d_base_control_base_sharp_core_w11_r12_lb10_sl2p15_tp2p15_fee04,base 2.15 w11/r12/lb10,base_control,base,2.15,11.0,12.0,1.0,10,197,4088.0166949111863,1.2179238407692008,57.868020304568525,0.5013723873014091,-20.34381371580478,110,2099.7414969540755,1.2139675510904966,60.0,87,1988.2751979571105,1.2222639283045622,55.172413793103445,0.00829637721406562,1.2139675510904966,True,True,1908.6627918662386,83,45,45,5,62.425949502497836
phase2d_broad_1h_semantic_upper_235_w2_r2p75_lb20_sym_1hatr_sl2p35_tp2p35_fee04,1h 2.35 w2/r2.75/lb20,broad_1h_width_main,1h,2.35,2.0,2.75,0.75,20,149,6816.125646186411,1.4347975311390617,59.73154362416108,0.7698227214345804,-17.273447576927992,103,3268.522297871987,1.2827216671050181,59.22330097087378,46,3547.6033483144242,1.861982658718453,60.86956521739131,0.5792609916134348,1.2827216671050181,True,False,1587.246705721172,60,25,48,6,61.36858345923738
phase2d_broad_1h_semantic_upper_235_w2p25_r2p75_lb20_sym_1hatr_sl2p35_tp2p35_fee04,1h 2.35 w2.25/r2.75/lb20,broad_1h_width_main,1h,2.35,2.25,2.75,0.5,20,149,6816.125646186411,1.4347975311390617,59.73154362416108,0.7698227214345804,-17.273447576927992,103,3268.522297871987,1.2827216671050181,59.22330097087378,46,3547.6033483144242,1.861982658718453,60.86956521739131,0.5792609916134348,1.2827216671050181,True,False,1587.246705721172,60,25,48,6,61.36858345923738
phase2d_transition_tail_1h_transition_245_w2p25_r2p75_lb20_sym_1hatr_sl2p45_tp2p45_fee04,1h 2.45 w2.25/r2.75/lb20,transition_tail_1h_width,1h,2.45,2.25,2.75,0.5,20,149,8439.309620732201,1.5227491926291474,61.07382550335571,0.8517492491575371,-17.710169387405127,103,4647.570457985792,1.3955370526151978,61.165048543689316,46,3791.7391627464094,1.8629231133120474,60.86956521739131,0.4673860606968496,1.3955370526151978,True,False,1634.6474851676155,58,25,51,6,60.127272727272725
phase2d_broad_1h_semantic_upper_235_w2_r2p75_lb35_sym_1hatr_sl2p35_tp2p35_fee04,1h 2.35 w2/r2.75/lb35,broad_1h_width_main,1h,2.35,2.0,2.75,0.75,35,166,5332.374205187354,1.2794973496478854,58.43373493975904,0.6122622774309737,-17.27344757692826,112,2960.4275591936635,1.2318170748394566,58.03571428571429,54,2371.946645993691,1.3760273432144623,59.25925925925925,0.14421026837500572,1.2318170748394566,True,True,1753.0178724365405,69,25,54,7,58.84852401713595
phase2d_broad_1h_semantic_upper_235_w2p5_r2p75_lb50_sym_1hatr_sl2p35_tp2p35_fee04,1h 2.35 w2.5/r2.75/lb50,broad_1h_width_main,1h,2.35,2.5,2.75,0.25,50,144,6315.487401761277,1.4260529106958653,59.72222222222222,0.7278095390515039,-21.424348678967597,99,2292.9292151838736,1.2059674564552598,58.58585858585859,45,4022.558186577404,2.089898610659517,62.22222222222222,0.8839311542042572,1.2059674564552598,True,False,1484.0710659455863,58,24,48,6,58.547276927616245
phase2d_base_control_base_main_stability_w11_r12_lb20_sl2p15_tp2p15_fee04,base 2.15 w11/r12/lb20,base_control,base,2.15,11.0,12.0,1.0,20,200,3812.0303071275575,1.2024903895381285,57.49999999999999,0.4755075288392745,-20.347332172614262,113,1838.5790631162497,1.1835503683033415,59.29203539823009,87,1973.451244011308,1.2240272260752558,55.172413793103445,0.04047685777191434,1.1835503683033415,True,True,1912.1041216119995,85,46,45,5,57.47001239090606
phase2d_broad_1h_semantic_upper_235_w2p5_r2p75_lb20_sym_1hatr_sl2p35_tp2p35_fee04,1h 2.35 w2.5/r2.75/lb20,broad_1h_width_main,1h,2.35,2.5,2.75,0.25,20,139,5508.260053593478,1.3942114746289869,59.71223021582733,0.6743700500366888,-21.424348678967597,96,2449.618818988249,1.236311709296534,59.375,43,3058.641234605229,1.848019231775061,60.46511627906976,0.6117075224785271,1.236311709296534,True,False,1395.7900637740297,56,23,45,6,57.30824046496669
phase2d_broad_1h_semantic_primary_215_w2p5_r2p75_lb35_sym_1hatr_sl2p15_tp2p15_fee04,1h 2.15 w2.5/r2.75/lb35,broad_1h_width_main,1h,2.15,2.5,2.75,0.25,35,142,4966.481156146684,1.386232465732207,59.859154929577464,0.6595281070476601,-15.92833164945584,97,1909.7065387883636,1.1984783758701867,58.76288659793815,45,3056.774617358321,1.9443083472022473,62.22222222222222,0.7458299713320606,1.1984783758701867,True,False,1396.9038249247722,57,25,38,5,56.81844389440126
phase2d_transition_tail_1h_transition_245_w2p5_r2p75_lb35_sym_1hatr_sl2p45_tp2p45_fee04,1h 2.45 w2.5/r2.75/lb35,transition_tail_1h_width,1h,2.45,2.5,2.75,0.25,35,141,7159.209086672405,1.4874132955808343,60.99290780141844,0.7733238391195194,-22.00851718589024,97,3550.617020752412,1.328073788167146,60.824742268041234,44,3608.5920659199924,1.9335256154360692,61.36363636363637,0.6054518272689231,1.328073788167146,True,False,1467.6157313495517,55,23,50,6,56.53478583481789
phase2d_base_control_base_upper_pnl_w11_r12_lb10_sl2p35_tp2p35_fee04,base 2.35 w11/r12/lb10,base_control,base,2.35,11.0,12.0,1.0,10,196,4311.636866549699,1.205158874575288,57.14285714285714,0.4961500507523078,-23.614836144166773,110,2415.670614804114,1.2219948615521226,60.0,86,1895.9662517455854,1.1870815660742675,53.48837209302325,0.034913295477855044,1.1870815660742675,True,True,1931.4533976304829,84,43,54,5,56.05414993443445
phase2d_base_control_base_upper_balanced_w11_r12_lb20_sl2p35_tp2p35_fee04,base 2.35 w11/r12/lb20,base_control,base,2.35,11.0,12.0,1.0,20,199,4008.6450152880157,1.1902674487678315,56.78391959798995,0.4708741189440682,-24.95330092406639,113,2120.5302961055927,1.1909685907471361,59.29203539823009,86,1888.114719182423,1.1894861133367918,53.48837209302325,0.0014824774103443517,1.1894861133367918,True,False,1933.461853356476,86,44,54,5,55.767896792791674
phase2d_broad_1h_semantic_primary_215_w2p25_r2p75_lb35_sym_1hatr_sl2p15_tp2p15_fee04,1h 2.15 w2.25/r2.75/lb35,broad_1h_width_main,1h,2.15,2.25,2.75,0.5,35,163,4678.8424455511395,1.2792601104811878,58.282208588957054,0.5955366893061772,-15.794800100214879,110,2535.458705195559,1.2219350143321321,58.18181818181818,53,2143.383740355581,1.402128607575325,58.490566037735846,0.18019359324319284,1.2219350143321321,True,True,1699.639301770836,68,29,44,6,55.6029309393686
phase2d_broad_1h_semantic_primary_215_w2_r2p75_lb20_sym_1hatr_sl2p15_tp2p15_fee04,1h 2.15 w2/r2.75/lb20,broad_1h_width_main,1h,2.15,2.0,2.75,0.75,20,150,5452.498858633169,1.3821196973641816,59.333333333333336,0.6915338586683473,-17.10562261441565,103,2300.5643569349,1.2171853909304418,58.252427184466015,47,3151.9345016982697,1.8573294249770713,61.702127659574465,0.6401440340466296,1.2171853909304418,True,False,1543.443645777048,61,27,39,5,55.14920070725575
phase2d_broad_1h_semantic_primary_215_w2p25_r2p75_lb20_sym_1hatr_sl2p15_tp2p15_fee04,1h 2.15 w2.25/r2.75/lb20,broad_1h_width_main,1h,2.15,2.25,2.75,0.5,20,150,5452.498858633169,1.3821196973641816,59.333333333333336,0.6915338586683473,-17.10562261441565,103,2300.5643569349,1.2171853909304418,58.252427184466015,47,3151.9345016982697,1.8573294249770713,61.702127659574465,0.6401440340466296,1.2171853909304418,True,False,1543.443645777048,61,27,39,5,55.14920070725575
phase2d_broad_1h_semantic_primary_215_w2p5_r2p75_lb50_sym_1hatr_sl2p15_tp2p15_fee04,1h 2.15 w2.5/r2.75/lb50,broad_1h_width_main,1h,2.15,2.5,2.75,0.25,50,145,5035.860976817936,1.3717759579587288,59.310344827586206,0.6535324749941835,-15.92833164945634,99,1416.2730418085755,1.1380996645815082,57.57575757575758,46,3619.5879350093605,2.100186386198906,63.04347826086957,0.9620867216173978,1.1380996645815082,True,False,1448.2394671008567,59,26,39,5,52.12070137235766
phase2d_broad_1h_semantic_upper_235_w2p25_r2p5_lb50_sym_1hatr_sl2p35_tp2p35_fee04,1h 2.35 w2.25/r2.5/lb50,broad_1h_width_main,1h,2.35,2.25,2.5,0.25,50,225,4251.627380422169,1.1434684020912411,57.333333333333336,0.4270369871527477,-17.62308475483475,144,2962.85974124495,1.1701675337277007,58.333333333333336,81,1288.7676391772195,1.1054365104874602,55.55555555555556,0.06473102324024049,1.1054365104874602,True,False,2375.1829247091096,96,33,72,12,51.60391361537021
phase2d_broad_1h_semantic_upper_235_w2p25_r3_lb35_sym_1hatr_sl2p35_tp2p35_fee04,1h 2.35 w2.25/r3/lb35,broad_1h_width_main,1h,2.35,2.25,3.0,0.75,35,102,4294.834155021056,1.4178049000521173,58.82352941176471,0.6580904738600232,-16.8593188214223,70,1761.9034430635295,1.227830669595092,58.57142857142858,32,2532.9307119575265,1.9948156697473038,59.375,0.7669850001522118,1.227830669595092,True,False,1050.5045280482077,42,16,32,4,51.57412261117321
phase2d_broad_1h_semantic_upper_235_w2p25_r3_lb50_sym_1hatr_sl2p35_tp2p35_fee04,1h 2.35 w2.25/r3/lb50,broad_1h_width_main,1h,2.35,2.25,3.0,0.75,50,110,4390.051586520271,1.3935340002452157,59.09090909090909,0.6399479152583498,-16.85931882142241,75,1687.6233142538058,1.2047545312512542,58.666666666666664,35,2702.4282722664652,1.9276243170566605,60.0,0.7228697858054063,1.2047545312512542,True,False,1111.6477610383222,45,16,36,5,51.539848778201794
phase2d_transition_tail_1h_transition_245_w2p5_r2p75_lb20_sym_1hatr_sl2p45_tp2p45_fee04,1h 2.45 w2.5/r2.75/lb20,transition_tail_1h_width,1h,2.45,2.5,2.75,0.25,20,139,6362.031351289692,1.4350133867719699,60.431654676258994,0.71330817596317,-22.00851718589024,96,3125.6401984517765,1.2899697376907167,60.416666666666664,43,3236.391152837915,1.8415577499926084,60.46511627906976,0.5515880123018917,1.2899697376907167,True,False,1432.5312378368021,55,23,48,6,51.35810182652344
phase2d_broad_1h_semantic_primary_215_w2p25_r3_lb35_sym_1hatr_sl2p15_tp2p15_fee04,1h 2.15 w2.25/r3/lb35,broad_1h_width_main,1h,2.15,2.25,3.0,0.75,35,103,3751.2992454759087,1.3918164623770695,59.22330097087378,0.6334468196820751,-16.87248366190398,70,1324.7488584204868,1.182158398290553,58.57142857142858,33,2426.550387055422,2.0542824668668533,60.60606060606061,0.8721240685763003,1.182158398290553,True,False,1060.127868952525,42,17,26,3,51.0157035202076
phase2d_broad_1h_semantic_primary_215_w2p25_r3_lb50_sym_1hatr_sl2p15_tp2p15_fee04,1h 2.15 w2.25/r3/lb50,broad_1h_width_main,1h,2.15,2.25,3.0,0.75,50,111,3829.4289108568514,1.36848933016898,59.45945945945946,0.614902377623668,-14.645483554408656,75,1257.9230506168283,1.162320644322672,58.666666666666664,36,2571.505860240023,1.9730895855166561,61.111111111111114,0.8107689411939842,1.162320644322672,True,False,1122.622760862842,45,17,29,4,50.96605788848411
phase2d_broad_1h_semantic_primary_215_w2p5_r2p75_lb20_sym_1hatr_sl2p15_tp2p15_fee04,1h 2.15 w2.5/r2.75/lb20,broad_1h_width_main,1h,2.15,2.5,2.75,0.25,20,140,4356.783074083268,1.34003202571742,59.285714285714285,0.5987938412209791,-16.77191008657275,96,1584.9476743458868,1.1652862094508696,58.333333333333336,44,2771.8353997373815,1.8598168952049892,61.36363636363637,0.6945306857541196,1.1652862094508696,True,False,1366.9273002855284,57,25,36,5,50.73568033665432
phase2d_broad_1h_semantic_upper_235_w2p25_r2p75_lb50_sym_1hatr_sl2p35_tp2p35_fee04,1h 2.35 w2.25/r2.75/lb50,broad_1h_width_main,1h,2.35,2.25,2.75,0.5,50,168,5227.666940875591,1.260056610307592,58.333333333333336,0.581569695649149,-19.09463507297583,113,2365.9931854975393,1.1785853430411568,57.52212389380531,55,2861.6737553780517,1.4175489437437683,60.0,0.23896360070261147,1.1785853430411568,True,True,1769.3641093514955,70,26,55,8,50.71835610990527
phase2d_broad_1h_semantic_primary_215_w2_r2p75_lb35_sym_1hatr_sl2p15_tp2p15_fee04,1h 2.15 w2/r2.75/lb35,broad_1h_width_main,1h,2.15,2.0,2.75,0.75,35,167,3852.5471365156627,1.2216747020442422,57.48502994011976,0.5091348684597309,-17.730989797441055,112,2032.811952234438,1.1742998825532802,57.14285714285714,55,1819.735184281225,1.318327249094502,58.18181818181818,0.14402736654122172,1.1742998825532802,True,True,1701.5551542472494,71,29,45,6,49.978457685492565
phase2d_broad_1h_semantic_upper_235_w2p5_r3_lb35_sym_1hatr_sl2p35_tp2p35_fee04,1h 2.35 w2.5/r3/lb35,broad_1h_width_main,1h,2.35,2.5,3.0,0.5,35,99,3592.9693306038853,1.3812535971940008,58.58585858585859,0.5831881660422238,-19.570055050750756,67,1196.2352127918064,1.1697848525684842,58.2089552238806,32,2396.7341178120787,2.007666863430309,59.375,0.8378820108618248,1.1697848525684842,True,False,960.3518050311113,41,16,31,4,46.864167371434306
phase2d_broad_1h_semantic_upper_235_w2p5_r3_lb50_sym_1hatr_sl2p35_tp2p35_fee04,1h 2.35 w2.5/r3/lb50,broad_1h_width_main,1h,2.35,2.5,3.0,0.5,50,104,3547.045044728637,1.355740102363936,58.65384615384615,0.5582429812444226,-19.570055050750668,70,1349.668968168431,1.1868517328377806,58.57142857142858,34,2197.376076560206,1.7997203090340261,58.82352941176471,0.6128685761962456,1.1868517328377806,True,False,987.4823834405355,43,16,34,5,46.65735498817541
phase2d_broad_1h_semantic_upper_235_w2p25_r2p5_lb10_sym_1hatr_sl2p35_tp2p35_fee04,1h 2.35 w2.25/r2.5/lb10,broad_1h_width_main,1h,2.35,2.25,2.5,0.25,10,201,5392.502649477589,1.2053775288880875,59.20398009950249,0.5470697823164876,-16.648273731722384,133,5091.953529241039,1.3332913342070847,60.150375939849624,68,300.54912023655015,1.0273755286715311,57.35294117647059,0.30591580553555353,1.0273755286715311,True,False,2213.904634798205,82,30,64,8,46.53712069978136
phase2d_broad_1h_semantic_upper_235_w1p75_r2p5_lb10_sym_1hatr_sl2p35_tp2p35_fee04,1h 2.35 w1.75/r2.5/lb10,broad_1h_width_main,1h,2.35,1.75,2.5,0.75,10,204,4724.371323594561,1.180981893927124,58.82352941176471,0.4969035210252703,-19.501861392819432,136,4422.235361969346,1.2854185509112501,59.55882352941176,68,302.1359616252147,1.028475858904412,57.35294117647059,0.25694269200683806,1.028475858904412,True,False,2174.978642009363,84,30,64,8,46.51502952757105
phase2d_broad_1h_semantic_upper_235_w2_r2p5_lb10_sym_1hatr_sl2p35_tp2p35_fee04,1h 2.35 w2/r2.5/lb10,broad_1h_width_main,1h,2.35,2.0,2.5,0.5,10,204,4724.371323594561,1.180981893927124,58.82352941176471,0.4969035210252703,-19.501861392819432,136,4422.235361969346,1.2854185509112501,59.55882352941176,68,302.1359616252147,1.028475858904412,57.35294117647059,0.25694269200683806,1.028475858904412,True,False,2174.978642009363,84,30,64,8,46.51502952757105
phase2d_broad_1h_semantic_primary_215_w2p5_r3_lb35_sym_1hatr_sl2p15_tp2p15_fee04,1h 2.15 w2.5/r3/lb35,broad_1h_width_main,1h,2.15,2.5,3.0,0.5,35,100,3133.6022105543534,1.3547027427985963,59.0,0.5608993230056866,-16.872483661903225,67,827.9785426153558,1.1241014079951372,58.2089552238806,33,2305.6236679389976,2.066107509561054,60.60606060606061,0.9420061015659167,1.1241014079951372,True,False,975.0181738192397,41,17,25,3,46.344537907487364
phase2d_broad_1h_semantic_primary_215_w2p5_r3_lb50_sym_1hatr_sl2p15_tp2p15_fee04,1h 2.15 w2.5/r3/lb50,broad_1h_width_main,1h,2.15,2.5,3.0,0.5,50,105,3090.0546494195105,1.3301812232455053,59.04761904761905,0.5365223906337414,-15.307343634184722,70,962.9841397894777,1.1405137191027122,58.57142857142858,35,2127.070509630033,1.849010607954719,60.0,0.7084968888520069,1.1405137191027122,True,False,1004.1592133339917,43,17,27,4,46.07539861083492
phase2d_broad_1h_semantic_upper_235_w2p25_r2p5_lb35_sym_1hatr_sl2p35_tp2p35_fee04,1h 2.35 w2.25/r2.5/lb35,broad_1h_width_main,1h,2.35,2.25,2.5,0.25,35,219,3291.0139425805155,1.117825504894068,57.534246575342465,0.3735607412297342,-19.01798541731243,142,2878.8848818345764,1.1731102473149484,58.45070422535211,77,412.1290607459395,1.036468701658736,55.84415584415584,0.13664154565621245,1.036468701658736,True,False,2213.235992188956,93,33,69,12,45.27389938111459
phase2d_broad_1h_semantic_primary_215_w2p25_r2p5_lb10_sym_1hatr_sl2p15_tp2p15_fee04,1h 2.15 w2.25/r2.5/lb10,broad_1h_width_main,1h,2.15,2.25,2.5,0.25,10,202,3396.48488465504,1.144424657395757,57.920792079207914,0.4104487889369795,-16.327075707378814,133,3021.841702452847,1.2146419260023482,57.89473684210527,69,374.64318220219286,1.0396917275138657,57.971014492753625,0.17495019848848248,1.0396917275138657,True,False,2102.9513465321843,85,33,52,7,45.20483468471508
phase2d_transition_tail_1h_transition_245_w2p5_r3_lb35_sym_1hatr_sl2p45_tp2p45_fee04,1h 2.45 w2.5/r3/lb35,transition_tail_1h_width,1h,2.45,2.5,3.0,0.5,35,99,4247.011989474579,1.4338130265157407,59.59595959595959,0.6307498892737894,-20.08933538605382,67,1748.0959859627303,1.2415328994080834,59.70149253731343,32,2498.916003511849,1.979025340136658,59.375,0.7374924407285746,1.2415328994080834,True,False,983.3389680917745,40,16,34,4,44.960983936595035
phase2d_broad_1h_semantic_primary_215_w1p75_r2p5_lb10_sym_1hatr_sl2p15_tp2p15_fee04,1h 2.15 w1.75/r2.5/lb10,broad_1h_width_main,1h,2.15,1.75,2.5,0.75,10,205,2861.3211711580566,1.1221024186595994,57.56097560975609,0.36213783134200456,-17.06564159385955,136,2489.542425454816,1.1742948924066445,57.35294117647059,69,371.77874570324036,1.040630349095521,57.971014492753625,0.13366454331112343,1.040630349095521,True,False,2071.50270684962,87,33,52,7,44.94344613342732
phase2d_broad_1h_semantic_primary_215_w2_r2p5_lb10_sym_1hatr_sl2p15_tp2p15_fee04,1h 2.15 w2/r2.5/lb10,broad_1h_width_main,1h,2.15,2.0,2.5,0.5,10,205,2861.3211711580566,1.1221024186595994,57.56097560975609,0.36213783134200456,-17.06564159385955,136,2489.542425454816,1.1742948924066445,57.35294117647059,69,371.77874570324036,1.040630349095521,57.971014492753625,0.13366454331112343,1.040630349095521,True,False,2071.50270684962,87,33,52,7,44.94344613342732
phase2d_broad_1h_semantic_upper_235_w2p5_r2p75_lb10_sym_1hatr_sl2p35_tp2p35_fee04,1h 2.35 w2.5/r2.75/lb10,broad_1h_width_main,1h,2.35,2.5,2.75,0.25,10,127,3894.088722360267,1.3122066206564584,58.26771653543307,0.5334118169995619,-21.424348678967498,89,1713.383532640412,1.1851780499026543,58.42696629213483,38,2180.705189719855,1.677202733565381,57.89473684210527,0.49202468366272667,1.1851780499026543,True,False,1176.7937387181998,53,20,39,6,44.11824625617167
phase2d_broad_1h_semantic_primary_215_w2p5_r2p75_lb10_sym_1hatr_sl2p15_tp2p15_fee04,1h 2.15 w2.5/r2.75/lb10,broad_1h_width_main,1h,2.15,2.5,2.75,0.25,10,128,3381.847084221314,1.2892193568940402,58.59375,0.5036910232666956,-19.64636369518773,89,1310.5757828055393,1.1503216851222005,58.42696629213483,39,2071.271301415775,1.6963325532823441,58.97435897435898,0.5460108681601437,1.1503216851222005,True,False,1195.2721834688448,53,21,33,5,43.64520139909357
phase2d_broad_1h_semantic_primary_215_w2p25_r2p5_lb50_sym_1hatr_sl2p15_tp2p15_fee04,1h 2.15 w2.25/r2.5/lb50,broad_1h_width_main,1h,2.15,2.25,2.5,0.25,50,226,2176.3462055450314,1.0817572452891946,55.75221238938053,0.2827492834960493,-20.989148153808944,144,1254.8213140812186,1.0790097729976444,56.25,82,921.5248914638127,1.085820935255619,54.87804878048781,0.006811162257974512,1.0790097729976444,True,False,2258.8640938715453,100,38,57,11,43.57802726121244
phase2d_broad_1h_semantic_primary_215_w2p25_r2p75_lb50_sym_1hatr_sl2p15_tp2p15_fee04,1h 2.15 w2.25/r2.75/lb50,broad_1h_width_main,1h,2.15,2.25,2.75,0.5,50,169,3768.846043471739,1.2060494413166383,57.396449704142015,0.4800190178745963,-18.79479621861735,113,1553.636980145732,1.1287755459427113,56.63716814159292,56,2215.209063326007,1.3557831681340908,58.92857142857143,0.2270076221913795,1.1287755459427113,True,True,1718.1985756026997,72,30,46,7,42.97256206333409
phase2d_broad_1h_semantic_upper_235_w2_r2p75_lb10_sym_1hatr_sl2p35_tp2p35_fee04,1h 2.35 w2/r2.75/lb10,broad_1h_width_main,1h,2.35,2.0,2.75,0.75,10,130,4239.773494545455,1.3194750766640435,57.692307692307686,0.5633350804498115,-18.12415084232,92,1972.66943222565,1.1986649952547201,57.608695652173914,38,2267.1040623198046,1.6784823372362676,57.89473684210527,0.47981734198154746,1.1986649952547201,True,False,1249.5722426188524,55,21,40,6,42.323266142459524
phase2d_broad_1h_semantic_upper_235_w2p25_r2p75_lb10_sym_1hatr_sl2p35_tp2p35_fee04,1h 2.35 w2.25/r2.75/lb10,broad_1h_width_main,1h,2.35,2.25,2.75,0.5,10,130,4239.773494545455,1.3194750766640435,57.692307692307686,0.5633350804498115,-18.12415084232,92,1972.66943222565,1.1986649952547201,57.608695652173914,38,2267.1040623198046,1.6784823372362676,57.89473684210527,0.47981734198154746,1.1986649952547201,True,False,1249.5722426188524,55,21,40,6,42.323266142459524
phase2d_broad_1h_semantic_primary_215_w2_r2p75_lb10_sym_1hatr_sl2p15_tp2p15_fee04,1h 2.15 w2/r2.75/lb10,broad_1h_width_main,1h,2.15,2.0,2.75,0.75,10,131,3684.6168037418292,1.2973769914218836,58.01526717557252,0.5322389960805088,-19.646363695186686,92,1538.1667169382908,1.165152807449936,57.608695652173914,39,2146.4500868035384,1.6976258785283955,58.97435897435898,0.5324730710784595,1.165152807449936,True,False,1264.3249103970804,55,22,34,5,41.91617061613325
phase2d_broad_1h_semantic_primary_215_w2p25_r2p75_lb10_sym_1hatr_sl2p15_tp2p15_fee04,1h 2.15 w2.25/r2.75/lb10,broad_1h_width_main,1h,2.15,2.25,2.75,0.5,10,131,3684.6168037418292,1.2973769914218836,58.01526717557252,0.5322389960805088,-19.646363695186686,92,1538.1667169382908,1.165152807449936,57.608695652173914,39,2146.4500868035384,1.6976258785283955,58.97435897435898,0.5324730710784595,1.165152807449936,True,False,1264.3249103970804,55,22,34,5,41.91617061613325
phase2d_base_control_base_transition_sharp_w11_r12_lb10_sl2p45_tp2p45_fee04,base 2.45 w11/r12/lb10,base_control,base,2.45,11.0,12.0,1.0,10,196,4173.782778360487,1.192326790084704,57.14285714285714,0.47267666315226115,-24.384791708223585,110,2636.84213764121,1.2378133220516943,60.909090909090914,86,1536.9406407192769,1.1448079288818493,52.32558139534884,0.09300539316984491,1.1448079288818493,True,True,1901.7479903477263,84,42,55,6,40.78466187710592
phase2d_base_control_base_transition_stability_w11_r12_lb20_sl2p45_tp2p45_fee04,base 2.45 w11/r12/lb20,base_control,base,2.45,11.0,12.0,1.0,20,199,3862.498045430622,1.1776587626783621,56.78391959798995,0.4472887224980628,-25.76748461297904,113,2334.6917793978805,1.2064482137559542,60.17699115044248,86,1527.8062660327419,1.146450216373657,52.32558139534884,0.059997997382297275,1.146450216373657,True,False,1902.5430256656407,86,43,55,6,40.52970162521903
phase2d_broad_1h_semantic_upper_235_w2_r2p75_lb50_sym_1hatr_sl2p35_tp2p35_fee04,1h 2.35 w2/r2.75/lb50,broad_1h_width_main,1h,2.35,2.0,2.75,0.75,50,177,3513.5018275064654,1.1591235198724459,56.49717514124294,0.4227122025853495,-22.918387684010423,119,1373.9184733064303,1.094655243619163,55.46218487394958,58,2139.583354200035,1.2828128672240253,58.620689655172406,0.18815762360486232,1.094655243619163,True,False,1812.9709830014974,77,27,57,8,38.188825982995226
phase2d_broad_1h_semantic_primary_215_w2p25_r2p5_lb35_sym_1hatr_sl2p15_tp2p15_fee04,1h 2.15 w2.25/r2.5/lb35,broad_1h_width_main,1h,2.15,2.25,2.5,0.25,35,220,1425.7306905401206,1.056576725622045,55.90909090909091,0.22085817346006853,-21.25446875549536,142,1290.5975184045565,1.0847596848074046,56.33802816901409,78,135.1331721355642,1.0135493567314453,55.12820512820513,0.07121032807595928,1.0135493567314453,True,False,2115.2801071190893,97,38,55,11,37.65164869936514
phase2d_broad_1h_semantic_upper_235_w2_r2p5_lb50_sym_1hatr_sl2p35_tp2p35_fee04,1h 2.35 w2/r2.5/lb50,broad_1h_width_main,1h,2.35,2.0,2.5,0.5,50,255,1981.2546619974503,1.05715772528834,54.90196078431373,0.25484254897252295,-28.58334370620109,162,741.0077785549764,1.035703723411016,54.93827160493827,93,1240.246883442474,1.0891713407412984,54.83870967741935,0.05346761733028238,1.035703723411016,True,False,2614.299654797199,115,38,80,12,34.504265210264876
phase2d_broad_1h_semantic_upper_235_w1p75_r2p5_lb35_sym_1hatr_sl2p35_tp2p35_fee04,1h 2.35 w1.75/r2.5/lb35,broad_1h_width_main,1h,2.35,1.75,2.5,0.75,35,243,1184.335344162902,1.0362832698281659,54.73251028806584,0.19254101609837526,-30.182705981618753,155,540.3545063727739,1.0275714270303615,54.83870967741935,88,643.980837790128,1.0493736333020158,54.54545454545454,0.0218022062716543,1.0275714270303615,True,False,2415.0340149698445,110,37,76,12,34.22878961897528
phase2d_broad_1h_semantic_upper_235_w1p75_r2p5_lb50_sym_1hatr_sl2p35_tp2p35_fee04,1h 2.35 w1.75/r2.5/lb50,broad_1h_width_main,1h,2.35,1.75,2.5,0.75,50,258,3336.6809901433735,1.0902158573796294,55.42635658914728,0.35067022153533645,-26.38910134360425,162,637.1241051755802,1.0289619957490304,54.93827160493827,96,2699.5568849677934,1.1801277606130276,56.25,0.15116576486399724,1.0289619957490304,True,False,2827.1326652648795,115,38,83,12,32.9267396834329
phase2d_broad_1h_semantic_primary_215_w2_r2p75_lb50_sym_1hatr_sl2p15_tp2p15_fee04,1h 2.15 w2/r2.75/lb50,broad_1h_width_main,1h,2.15,2.0,2.75,0.75,50,178,2338.9337771119926,1.1167189403324218,55.61797752808989,0.32867916977201167,-24.267585820530122,119,700.1568822896919,1.0529990451269187,54.621848739495796,59,1638.7768948223006,1.2399984945232687,57.6271186440678,0.18699944939635005,1.0529990451269187,True,False,1765.1170927673438,79,32,48,7,30.90625828706394
phase2d_transition_tail_1h_transition_245_w2p75_r3_lb35_sym_1hatr_sl2p45_tp2p45_fee04,1h 2.45 w2.75/r3/lb35,transition_tail_1h_width,1h,2.45,2.75,3.0,0.25,35,88,2655.2841123549015,1.317583624608176,57.95454545454546,0.45093877774204344,-20.089335386054042,60,773.7972726743477,1.1224678399013466,58.333333333333336,28,1881.4868396805539,1.9211567559791578,57.14285714285714,0.7986889160778112,1.1224678399013466,True,False,802.3068343885287,37,14,27,4,30.904446359936305
phase2d_broad_1h_semantic_primary_215_w2p25_r3_lb20_sym_1hatr_sl2p15_tp2p15_fee04,1h 2.15 w2.25/r3/lb20,broad_1h_width_main,1h,2.15,2.25,3.0,0.75,20,93,2377.541703881624,1.2794082525069554,56.98924731182796,0.4520672785745005,-16.872483661903093,64,353.9072514668238,1.05322426026062,56.25,29,2023.6344524148,2.0880668391046218,58.620689655172406,1.0348425788440017,1.05322426026062,True,False,891.9890128008037,40,16,22,3,30.65040551575612
phase2d_transition_tail_1h_transition_245_w2p5_r3_lb20_sym_1hatr_sl2p45_tp2p45_fee04,1h 2.45 w2.5/r3/lb20,transition_tail_1h_width,1h,2.45,2.5,3.0,0.5,20,90,2845.326886707219,1.3253193027822074,57.77777777777777,0.4705320819611006,-20.089335386053552,62,761.0395807602209,1.1141771637573477,58.06451612903226,28,2084.287305946998,2.0016606596934454,57.14285714285714,0.8874834959360978,1.1141771637573477,True,False,835.4245873542326,38,15,28,4,30.490865960996167
phase2d_broad_1h_semantic_upper_235_w2p25_r3_lb20_sym_1hatr_sl2p35_tp2p35_fee04,1h 2.35 w2.25/r3/lb20,broad_1h_width_main,1h,2.35,2.25,3.0,0.75,20,92,2732.8612002354585,1.301152640049557,56.52173913043478,0.47243654311238403,-16.859318821422352,64,641.0296746538957,1.091179288189337,56.25,28,2091.831525581563,2.0232805661077955,57.14285714285714,0.9321012779184585,1.091179288189337,True,False,875.9833765355087,40,15,26,4,30.47049154438603
phase2d_broad_1h_semantic_primary_215_w2p75_r3_lb35_sym_1hatr_sl2p15_tp2p15_fee04,1h 2.15 w2.75/r3/lb35,broad_1h_width_main,1h,2.15,2.75,3.0,0.25,35,89,1847.762489825768,1.241893300345138,57.30337078651685,0.380479288739608,-16.729853842097953,60,68.664433408328,1.0116512192976377,56.666666666666664,29,1779.09805641744,2.019292654298129,58.620689655172406,1.0076414350004914,1.0116512192976377,True,False,806.115233360216,38,15,21,3,28.859641767557846
phase2d_broad_1h_semantic_primary_215_w2p5_r3_lb20_sym_1hatr_sl2p15_tp2p15_fee04,1h 2.15 w2.5/r3/lb20,broad_1h_width_main,1h,2.15,2.5,3.0,0.5,20,91,2001.976172121677,1.2513037791830173,57.14285714285714,0.3998346739946748,-16.87248366190324,62,57.19324617751057,1.0092364420246605,56.451612903225815,29,1944.7829259441667,2.096128113876778,58.620689655172406,1.0868916718521175,1.0092364420246605,True,False,837.250622309407,39,16,21,3,28.65773882995769
phase2d_broad_1h_semantic_upper_235_w2p75_r3_lb35_sym_1hatr_sl2p35_tp2p35_fee04,1h 2.35 w2.75/r3/lb35,broad_1h_width_main,1h,2.35,2.75,3.0,0.25,35,88,2136.500613805706,1.2638420240666892,56.81818181818182,0.39861504402200165,-19.57005505075058,60,316.1713821339412,1.0510748230874627,56.666666666666664,28,1820.329231671765,1.9544040767092867,57.14285714285714,0.903329253621824,1.0510748230874627,True,False,786.9039898584258,38,14,25,4,28.644599571833584
phase2d_broad_1h_semantic_upper_235_w2p5_r3_lb20_sym_1hatr_sl2p35_tp2p35_fee04,1h 2.35 w2.5/r3/lb20,broad_1h_width_main,1h,2.35,2.5,3.0,0.5,20,90,2310.6815209364827,1.2733257780966707,56.666666666666664,0.4190730241488586,-19.570055050750724,62,306.75649075749845,1.0471043279890082,56.451612903225815,28,2003.9250301789841,2.0320635221158136,57.14285714285714,0.9849591941268054,1.0471043279890082,True,False,818.4560296154074,39,15,25,4,28.448760901488196
phase2d_broad_1h_semantic_upper_235_w2p25_r3_lb10_sym_1hatr_sl2p35_tp2p35_fee04,1h 2.35 w2.25/r3/lb10,broad_1h_width_main,1h,2.35,2.25,3.0,0.75,10,80,1526.0195725711617,1.2077206909058447,56.25,0.32170055328463243,-13.626000152383611,56,762.8539990997274,1.1340165059872187,57.14285714285714,24,763.1655734714344,1.4613339160732741,54.166666666666664,0.3273174100860554,1.1340165059872187,True,False,707.2280549755943,35,13,21,3,25.970234427631024
phase2d_base_control_base_profit_lane_not_main_w10_r11_lb20_sl2p45_tp2p45_fee04,base 2.45 w10/r11/lb20,base_control,base,2.45,10.0,11.0,1.0,20,271,4474.087868311397,1.1530448883652926,56.08856088560885,0.4440887264309076,-22.550030831178912,157,206.20946741379936,1.0122677835183174,56.05095541401274,114,4267.878400897598,1.3434966509847603,56.14035087719298,0.331228867466443,1.0122677835183174,True,False,2461.6222328284393,119,49,78,12,22.85353843584091
phase2d_transition_tail_1h_transition_245_w2p75_r3_lb20_sym_1hatr_sl2p45_tp2p45_fee04,1h 2.45 w2.75/r3/lb20,transition_tail_1h_width,1h,2.45,2.75,3.0,0.25,20,85,1763.196395261999,1.220550924856779,56.470588235294116,0.3286384883063086,-20.089335386054042,58,165.06197771074957,1.027098984011007,56.896551724137936,27,1598.1344175512495,1.839606365551806,55.55555555555556,0.812507381540799,1.027098984011007,True,False,736.7557600046875,37,14,24,4,19.160162207416544
phase2d_broad_1h_semantic_primary_215_w2p25_r3_lb10_sym_1hatr_sl2p15_tp2p15_fee04,1h 2.15 w2.25/r3/lb10,broad_1h_width_main,1h,2.15,2.25,3.0,0.75,10,80,1028.57581834868,1.1461564808462212,55.00000000000001,0.251347208769108,-16.631280963274875,56,299.22996215488496,1.0542866757180263,55.35714285714286,24,729.345856193795,1.4781141383275853,54.166666666666664,0.42382746260955906,1.0542866757180263,True,False,714.2763001907801,36,14,18,2,13.532704321266081
phase2d_broad_1h_semantic_upper_235_w3p25_r4_lb50_sym_1hatr_sl2p35_tp2p35_fee04,1h 2.35 w3.25/r4/lb50,broad_1h_width_main,1h,2.35,3.25,4.0,0.75,50,15,953.5248153430272,2.208621669777759,66.66666666666666,0.5475308043841419,-6.340517686629321,10,1239.2832108780763,5.3677704434060045,80.0,5,-285.7583955350491,0.43436819103343255,40.0,4.933402252372572,0.43436819103343255,False,False,126.66224879417896,5,2,5,1,0.0
phase2d_broad_1h_semantic_upper_235_w3p25_r3p75_lb50_sym_1hatr_sl2p35_tp2p35_fee04,1h 2.35 w3.25/r3.75/lb50,broad_1h_width_main,1h,2.35,3.25,3.75,0.5,50,24,1429.7613419217644,2.0587687522580644,66.66666666666666,0.6213011118001001,-7.584173812523898,15,1504.0851032795565,3.536055659071192,73.33333333333333,9,-74.3237613577921,0.9018594431031041,55.55555555555556,2.634196215968088,0.9018594431031041,False,False,214.0242118422854,8,3,8,1,0.0
phase2d_broad_1h_semantic_upper_235_w3_r3p75_lb20_sym_1hatr_sl2p35_tp2p35_fee04,1h 2.35 w3/r3.75/lb20,broad_1h_width_main,1h,2.35,3.0,3.75,0.75,20,21,1020.6889632565901,1.9033783851054433,66.66666666666666,0.5448952779736836,-6.0931611653855855,12,1081.5517051942302,3.729592134695741,75.0,9,-60.86274193764021,0.9170384214027657,55.55555555555556,2.812553713292975,0.9170384214027657,False,False,182.77528821230845,7,3,6,1,0.0
phase2d_broad_1h_semantic_upper_235_w3p25_r3p75_lb20_sym_1hatr_sl2p35_tp2p35_fee04,1h 2.35 w3.25/r3.75/lb20,broad_1h_width_main,1h,2.35,3.25,3.75,0.5,20,20,894.7819420847215,1.7919422027284166,65.0,0.48753732890409407,-6.0931611653855855,11,955.6446840223617,3.4118312610887007,72.72727272727273,9,-60.86274193764021,0.9170384214027657,55.55555555555556,2.494792839685935,0.9170384214027657,False,False,174.0090783024546,7,3,6,1,0.0
phase2d_broad_1h_semantic_upper_235_w3p25_r4_lb35_sym_1hatr_sl2p35_tp2p35_fee04,1h 2.35 w3.25/r4/lb35,broad_1h_width_main,1h,2.35,3.25,4.0,0.75,35,14,611.0333561283206,1.7796249107452224,64.28571428571429,0.4365170486756994,-6.340517686629321,9,896.7917516633698,4.219490154589807,77.77777777777779,5,-285.7583955350491,0.43436819103343255,40.0,3.7851219635563744,0.43436819103343255,False,False,117.30431678850964,5,2,4,1,0.0
phase2d_broad_1h_semantic_primary_215_w3p25_r4_lb35_sym_1hatr_sl2p15_tp2p15_fee04,1h 2.15 w3.25/r4/lb35,broad_1h_width_main,1h,2.15,3.25,4.0,0.75,35,14,547.8016229127863,1.7640416727613575,64.28571428571429,0.4050666144500253,-5.987033558286214,9,811.2545214047199,4.180965889757824,77.77777777777779,5,-263.45289849193347,0.4296873688861528,40.0,3.7512785208716717,0.4296873688861528,False,False,116.78825875832962,5,2,4,1,0.0
phase2d_broad_1h_semantic_upper_235_w3_r3p75_lb50_sym_1hatr_sl2p35_tp2p35_fee04,1h 2.35 w3/r3.75/lb50,broad_1h_width_main,1h,2.35,3.0,3.75,0.75,50,27,1182.5046180390843,1.7033182317740008,62.96296296296296,0.5074136613074899,-7.921254058598748,17,1313.5839041528623,2.4990051342497055,70.58823529411765,10,-131.07928611377784,0.8371723268952276,50.0,1.661832807354478,0.8371723268952276,False,False,236.0444132104287,10,4,8,1,0.0
phase2d_broad_1h_semantic_upper_235_w3p25_r3p75_lb35_sym_1hatr_sl2p35_tp2p35_fee04,1h 2.35 w3.25/r3.75/lb35,broad_1h_width_main,1h,2.35,3.25,3.75,0.5,35,22,914.4294216154294,1.6950527300883345,63.63636363636363,0.4651639327480293,-7.584173812523643,13,981.0231729150414,2.7038174514279154,69.23076923076923,9,-66.59375129961197,0.9099897684905391,55.55555555555556,1.7938276829373763,0.9099897684905391,False,False,192.5505595615714,8,3,7,1,0.0
phase2d_broad_1h_semantic_upper_235_w3p25_r4_lb20_sym_1hatr_sl2p35_tp2p35_fee04,1h 2.35 w3.25/r4/lb20,broad_1h_width_main,1h,2.35,3.25,4.0,0.75,20,13,423.757862053875,1.550391759025926,61.53846153846154,0.32308912210723334,-6.340517686629177,8,704.4728708693029,3.5745014140512392,75.0,5,-280.71500881542795,0.4343681910334342,40.0,3.140133223017805,0.4343681910334342,False,False,107.2854768926065,5,2,3,1,0.0
phase2d_broad_1h_semantic_primary_215_w3p25_r4_lb20_sym_1hatr_sl2p15_tp2p15_fee04,1h 2.15 w3.25/r4/lb20,broad_1h_width_main,1h,2.15,3.25,4.0,0.75,20,13,378.01096805975163,1.5358533636776683,61.53846153846154,0.29809135767409034,-5.987033558286415,8,637.2229980032394,3.5394586827936294,75.0,5,-259.21202994348766,0.4296873688861506,40.0,3.109771313907479,0.4296873688861506,False,False,106.9553106877019,5,2,3,1,0.0
phase2d_broad_1h_semantic_upper_235_w3_r3p75_lb10_sym_1hatr_sl2p35_tp2p35_fee04,1h 2.35 w3/r3.75/lb10,broad_1h_width_main,1h,2.35,3.0,3.75,0.75,10,18,555.2227069634703,1.5046078967061067,61.111111111111114,0.36379461948449376,-5.9988414616045205,9,614.4678229696151,2.59542223118002,66.66666666666666,9,-59.2451160061449,0.9171583402025965,55.55555555555556,1.6782638909774237,0.9171583402025965,False,False,153.18462508981588,7,3,5,1,0.0
phase2d_broad_1h_semantic_upper_235_w3p25_r3p75_lb10_sym_1hatr_sl2p35_tp2p35_fee04,1h 2.35 w3.25/r3.75/lb10,broad_1h_width_main,1h,2.35,3.25,3.75,0.5,10,18,555.2227069634703,1.5046078967061067,61.111111111111114,0.36379461948449376,-5.9988414616045205,9,614.4678229696151,2.59542223118002,66.66666666666666,9,-59.2451160061449,0.9171583402025965,55.55555555555556,1.6782638909774237,0.9171583402025965,False,False,153.18462508981588,7,3,5,1,0.0
phase2d_broad_1h_semantic_primary_215_w3_r3p75_lb10_sym_1hatr_sl2p15_tp2p15_fee04,1h 2.15 w3/r3.75/lb10,broad_1h_width_main,1h,2.15,3.0,3.75,0.75,10,18,494.14905964371536,1.4917736874267633,61.111111111111114,0.33382757100846916,-5.680454888013154,9,553.7416677157895,2.572469984492395,66.66666666666666,9,-59.5926080720742,0.9086958734410957,55.55555555555556,1.6637741110512994,0.9086958734410957,False,False,152.28709361606965,7,3,4,1,0.0
phase2d_broad_1h_semantic_primary_215_w3p25_r3p75_lb10_sym_1hatr_sl2p15_tp2p15_fee04,1h 2.15 w3.25/r3.75/lb10,broad_1h_width_main,1h,2.15,3.25,3.75,0.5,10,18,494.14905964371536,1.4917736874267633,61.111111111111114,0.33382757100846916,-5.680454888013154,9,553.7416677157895,2.572469984492395,66.66666666666666,9,-59.5926080720742,0.9086958734410957,55.55555555555556,1.6637741110512994,0.9086958734410957,False,False,152.28709361606965,7,3,4,1,0.0
phase2d_broad_1h_semantic_upper_235_w3_r3p75_lb35_sym_1hatr_sl2p35_tp2p35_fee04,1h 2.35 w3/r3.75/lb35,broad_1h_width_main,1h,2.35,3.0,3.75,0.75,35,24,747.2953770475671,1.4734923846633914,62.5,0.3722992978045504,-7.584173812523842,15,801.4642699715156,1.9340328208510909,66.66666666666666,9,-54.16889292394858,0.9247857007748009,55.55555555555556,1.00924712007629,0.9247857007748009,False,False,206.1642349562697,9,3,7,1,0.0
phase2d_broad_1h_semantic_primary_215_w3_r3p75_lb20_sym_1hatr_sl2p15_tp2p15_fee04,1h 2.15 w3/r3.75/lb20,broad_1h_width_main,1h,2.15,3.0,3.75,0.75,20,21,478.882494263944,1.3979278121393364,61.904761904761905,0.2836529766505893,-5.793691697642522,12,537.5233463898041,1.9563132839714046,66.66666666666666,9,-58.640852125860164,0.9085682329932523,55.55555555555556,1.0477450509781523,0.9085682329932523,False,False,174.5818817697199,8,3,4,1,0.0
phase2d_broad_1h_semantic_primary_215_w3p25_r3p75_lb20_sym_1hatr_sl2p15_tp2p15_fee04,1h 2.15 w3.25/r3.75/lb20,broad_1h_width_main,1h,2.15,3.25,3.75,0.5,20,20,370.0331204480566,1.3074793332450139,60.0,0.2260209266036068,-5.793691697642522,11,428.6739725739167,1.7626582495785081,63.63636363636363,9,-58.640852125860164,0.9085682329932523,55.55555555555556,0.8540900165852559,0.9085682329932523,False,False,166.24229677360256,8,3,4,1,0.0
phase2d_broad_1h_semantic_upper_235_w2p75_r3p5_lb35_sym_1hatr_sl2p35_tp2p35_fee04,1h 2.35 w2.75/r3.5/lb35,broad_1h_width_main,1h,2.35,2.75,3.5,0.75,35,50,1287.1140936550476,1.2864062549158028,57.99999999999999,0.33617861389689707,-12.644367594257332,35,1141.8090960889435,1.3471499626180543,62.857142857142854,15,145.30499756610416,1.1205930038855898,46.666666666666664,0.2265569587324645,1.1205930038855898,True,False,447.60096197712437,21,8,15,2,0.0
phase2d_broad_1h_semantic_primary_215_w3p25_r3p75_lb35_sym_1hatr_sl2p15_tp2p15_fee04,1h 2.15 w3.25/r3.75/lb35,broad_1h_width_main,1h,2.15,3.25,3.75,0.5,35,22,385.7836863190752,1.282605512369884,59.09090909090909,0.21989387614601616,-7.169372348170711,13,448.96436398398936,1.6245690109755895,61.53846153846154,9,-63.1806776649142,0.9022360524274408,55.55555555555556,0.7223329585481487,0.9022360524274408,False,False,183.79925350477228,9,3,5,1,0.0
phase2d_broad_1h_semantic_upper_235_w3p25_r3p5_lb10_sym_1hatr_sl2p35_tp2p35_fee04,1h 2.35 w3.25/r3.5/lb10,broad_1h_width_main,1h,2.35,3.25,3.5,0.25,10,36,715.6914801127717,1.2597169539364363,58.333333333333336,0.26895039380446106,-12.644367594257687,25,953.0540508815563,1.5148082301154193,64.0,11,-237.36257076878462,0.7375410253682657,45.45454545454545,0.7772672047471536,0.7375410253682657,False,False,311.65380993378284,15,6,9,1,0.0
phase2d_broad_1h_semantic_upper_235_w2p75_r3p5_lb50_sym_1hatr_sl2p35_tp2p35_fee04,1h 2.35 w2.75/r3.5/lb50,broad_1h_width_main,1h,2.35,2.75,3.5,0.75,50,54,1164.6828701615095,1.2394052378789036,57.407407407407405,0.3012723360014417,-12.644367594257421,39,1013.982762149206,1.2747202415795573,61.53846153846154,15,150.70010801230347,1.128371601396007,46.666666666666664,0.14634864018355032,1.128371601396007,True,False,471.9459302542189,23,8,16,2,0.0
phase2d_broad_1h_semantic_upper_235_w3p25_r3p5_lb20_sym_1hatr_sl2p35_tp2p35_fee04,1h 2.35 w3.25/r3.5/lb20,broad_1h_width_main,1h,2.35,3.25,3.5,0.25,20,38,671.7768621863197,1.231838393619938,57.89473684210527,0.25067292327452245,-12.644367594257123,26,1082.035098130984,1.5930209901330596,65.38461538461539,12,-410.2582359446641,0.6176506516874127,41.66666666666667,0.9753703384456469,0.6176506516874127,False,False,325.49802535236637,16,7,9,1,0.0
phase2d_broad_1h_semantic_upper_235_w3p25_r3p5_lb35_sym_1hatr_sl2p35_tp2p35_fee04,1h 2.35 w3.25/r3.5/lb35,broad_1h_width_main,1h,2.35,3.25,3.5,0.25,35,38,671.7768621863197,1.231838393619938,57.89473684210527,0.25067292327452245,-12.644367594257123,26,1082.035098130984,1.5930209901330596,65.38461538461539,12,-410.2582359446641,0.6176506516874127,41.66666666666667,0.9753703384456469,0.6176506516874127,False,False,325.49802535236637,16,7,9,1,0.0
phase2d_broad_1h_semantic_upper_235_w3p25_r3p5_lb50_sym_1hatr_sl2p35_tp2p35_fee04,1h 2.35 w3.25/r3.5/lb50,broad_1h_width_main,1h,2.35,3.25,3.5,0.25,50,38,671.7768621863197,1.231838393619938,57.89473684210527,0.25067292327452245,-12.644367594257123,26,1082.035098130984,1.5930209901330596,65.38461538461539,12,-410.2582359446641,0.6176506516874127,41.66666666666667,0.9753703384456469,0.6176506516874127,False,False,325.49802535236637,16,7,9,1,0.0
phase2d_broad_1h_semantic_primary_215_w3p25_r4_lb50_sym_1hatr_sl2p15_tp2p15_fee04,1h 2.15 w3.25/r4/lb50,broad_1h_width_main,1h,2.15,3.25,4.0,0.75,50,15,218.1557542405422,1.2098920304039262,60.0,0.15830415275863835,-8.925180017337231,10,481.60865273247566,1.8340603768197183,70.0,5,-263.45289849193347,0.4296873688861528,40.0,1.4043730079335655,0.4296873688861528,False,False,124.24685527110377,6,2,4,1,0.0
phase2d_broad_1h_semantic_upper_235_w2p75_r3_lb20_sym_1hatr_sl2p35_tp2p35_fee04,1h 2.35 w2.75/r3/lb20,broad_1h_width_main,1h,2.35,2.75,3.0,0.25,20,85,1315.5172532427998,1.169624230575762,55.294117647058826,0.2731421646848567,-19.57005505075058,58,-234.00589362456148,0.9608210298676833,55.172413793103445,27,1549.5231468673612,1.86918202306818,55.55555555555556,0.9083609932004967,0.9608210298676833,False,False,724.1010891191406,38,14,22,4,0.0
phase2d_transition_tail_1h_transition_245_w2p25_r2p5_lb20_sym_1hatr_sl2p45_tp2p45_fee04,1h 2.45 w2.25/r2.5/lb20,transition_tail_1h_width,1h,2.45,2.25,2.5,0.25,20,213,4658.165525910597,1.1615391409287117,59.154929577464785,0.466322559835131,-22.099853209846255,140,5364.664612735802,1.3208235009877456,61.42857142857143,73,-706.4990868252037,0.9416819959767303,54.794520547945204,0.3791415050110153,0.9416819959767303,False,False,2277.4085263812735,87,32,70,11,0.0
phase2d_broad_1h_semantic_upper_235_w2p75_r3_lb50_sym_1hatr_sl2p35_tp2p35_fee04,1h 2.35 w2.75/r3/lb50,broad_1h_width_main,1h,2.35,2.75,3.0,0.25,50,90,1322.4762328762167,1.1569238438148564,55.55555555555556,0.26735668925262873,-20.470236357921113,61,-13.804279025743881,0.9977745908704164,55.73770491803278,29,1336.2805119019606,1.600717606861853,55.172413793103445,0.6029430159914365,0.9977745908704164,False,False,764.9851571301991,40,14,25,5,0.0
phase2d_broad_1h_semantic_primary_215_w2p75_r3_lb20_sym_1hatr_sl2p15_tp2p15_fee04,1h 2.15 w2.75/r3/lb20,broad_1h_width_main,1h,2.15,2.75,3.0,0.25,20,86,1114.1510474356608,1.1519870778414756,55.81395348837209,0.2552347254109698,-16.72985384209813,58,-409.19873724317483,0.9280771169024338,55.172413793103445,28,1523.3497846788355,1.9282182390698854,57.14285714285714,1.0001411221674517,0.9280771169024338,False,False,744.8309984657183,38,15,18,3,0.0
phase2d_broad_1h_semantic_primary_215_w3_r3p75_lb35_sym_1hatr_sl2p15_tp2p15_fee04,1h 2.15 w3/r3.75/lb35,broad_1h_width_main,1h,2.15,3.0,3.75,0.75,35,24,238.9490115178133,1.1496558323534651,58.333333333333336,0.13831510781164896,-7.169372348170944,15,292.092734461819,1.302325129462682,60.0,9,-53.14372294400572,0.9157121172939007,55.55555555555556,0.3866130121687814,0.9157121172939007,False,False,197.0662551445556,10,3,5,1,0.0
phase2d_transition_tail_1h_transition_245_w2p75_r3p25_lb35_sym_1hatr_sl2p45_tp2p45_fee04,1h 2.45 w2.75/r3.25/lb35,transition_tail_1h_width,1h,2.45,2.75,3.25,0.5,35,70,968.6686183539376,1.1481881827769214,57.14285714285714,0.2201174910730326,-16.590094021528547,48,463.10970878265573,1.0939027042869662,60.416666666666664,22,505.5589095712819,1.3150011660609786,50.0,0.22109846177401238,1.0939027042869662,True,False,578.7030607338977,30,10,20,3,0.0
phase2d_transition_tail_1h_transition_245_w2p25_r2p5_lb35_sym_1hatr_sl2p45_tp2p45_fee04,1h 2.45 w2.25/r2.5/lb35,transition_tail_1h_width,1h,2.45,2.25,2.5,0.25,35,218,3999.2919328677303,1.1414414366236578,58.71559633027523,0.41534449038859667,-19.607720805858996,142,4174.5050064125135,1.2508498252928375,60.56338028169014,76,-175.21307354478304,0.9849393070584745,55.26315789473685,0.26591051823436296,0.9849393070584745,False,False,2190.365417004349,90,32,72,13,0.0
phase2d_broad_1h_semantic_primary_215_w2p75_r3_lb50_sym_1hatr_sl2p15_tp2p15_fee04,1h 2.15 w2.75/r3/lb50,broad_1h_width_main,1h,2.15,2.75,3.0,0.25,50,91,1117.9804001988045,1.1403997561760246,56.043956043956044,0.2483245660790886,-18.648574554315054,61,-215.75204824645402,0.9635400006863779,55.73770491803278,30,1333.7324484452586,1.652084406947276,56.666666666666664,0.6885444062608981,0.9635400006863779,False,False,786.7506602351793,40,15,21,4,0.0
phase2d_broad_1h_semantic_upper_235_w2p25_r2p5_lb20_sym_1hatr_sl2p35_tp2p35_fee04,1h 2.35 w2.25/r2.5/lb20,broad_1h_width_main,1h,2.35,2.25,2.5,0.25,20,214,3891.7964329644624,1.1368819552322513,57.943925233644855,0.42476624803031304,-21.426184663361138,140,3952.7370789615775,1.236717589131635,59.285714285714285,74,-60.94064599711491,0.9948063386945405,55.4054054054054,0.2419112504370946,0.9948063386945405,False,False,2295.4761527295714,90,33,67,10,0.0
phase2d_broad_1h_semantic_upper_235_w2p5_r3_lb10_sym_1hatr_sl2p35_tp2p35_fee04,1h 2.35 w2.5/r3/lb10,broad_1h_width_main,1h,2.35,2.5,3.0,0.5,10,79,947.6881185872409,1.134829547769599,55.69620253164557,0.22164427527205896,-16.194650033596382,55,205.7616791535507,1.037702328451532,56.36363636363636,24,741.9264394336901,1.4721874032656397,54.166666666666664,0.4344850748141076,1.037702328451532,True,False,667.6485944215272,35,13,20,3,0.0
phase2d_broad_1h_semantic_primary_215_w3p25_r3p75_lb50_sym_1hatr_sl2p15_tp2p15_fee04,1h 2.15 w3.25/r3.75/lb50,broad_1h_width_main,1h,2.15,3.25,3.75,0.5,50,24,193.64137380338536,1.1136062768468233,58.333333333333336,0.11409826823105085,-9.095937128031107,15,251.94053281527397,1.2387056947213182,60.0,9,-58.29915901188863,0.9101778751767995,55.55555555555556,0.3285278195445187,0.9101778751767995,False,False,201.36812289823212,10,3,5,1,0.0
phase2d_broad_1h_semantic_upper_235_w2p5_r3p25_lb35_sym_1hatr_sl2p35_tp2p35_fee04,1h 2.35 w2.5/r3.25/lb35,broad_1h_width_main,1h,2.35,2.5,3.25,0.75,35,72,723.5904918643462,1.109485217954324,55.55555555555556,0.1815542733901879,-16.19465003359617,49,-87.38599345947205,0.982790079630882,57.14285714285714,23,810.9764853238182,1.529575056052039,52.17391304347826,0.5467849764211569,0.982790079630882,False,False,591.4217029847936,32,11,20,3,0.0
phase2d_transition_tail_1h_transition_245_w2p75_r3p25_lb20_sym_1hatr_sl2p45_tp2p45_fee04,1h 2.45 w2.75/r3.25/lb20,transition_tail_1h_width,1h,2.45,2.75,3.25,0.5,20,62,598.5401443399716,1.1044750709935325,58.06451612903226,0.15994714455672598,-14.306105851768535,43,605.8987746120663,1.1434273035516658,62.7906976744186,19,-7.358630272094736,0.9951092200365925,47.368421052631575,0.14831808351507325,0.9951092200365925,False,False,509.7267699430667,26,9,16,3,0.0
phase2d_broad_1h_semantic_upper_235_w1p75_r2p5_lb20_sym_1hatr_sl2p35_tp2p35_fee04,1h 2.35 w1.75/r2.5/lb20,broad_1h_width_main,1h,2.35,1.75,2.5,0.75,20,221,2714.372428782177,1.0944430589068526,57.01357466063348,0.329184713878629,-25.140089603823125,144,3191.077262550102,1.1912700498663156,58.333333333333336,77,-476.7048337679253,0.9604631003150526,54.54545454545454,0.23080694955126302,0.9604631003150526,False,False,2249.9604268924318,95,35,69,10,0.0
phase2d_broad_1h_semantic_upper_235_w2_r2p5_lb20_sym_1hatr_sl2p35_tp2p35_fee04,1h 2.35 w2/r2.5/lb20,broad_1h_width_main,1h,2.35,2.0,2.5,0.5,20,221,2714.372428782177,1.0944430589068526,57.01357466063348,0.329184713878629,-25.140089603823125,144,3191.077262550102,1.1912700498663156,58.333333333333336,77,-476.7048337679253,0.9604631003150526,54.54545454545454,0.23080694955126302,0.9604631003150526,False,False,2249.9604268924318,95,35,69,10,0.0
phase2d_broad_1h_semantic_upper_235_w2p75_r3_lb10_sym_1hatr_sl2p35_tp2p35_fee04,1h 2.35 w2.75/r3/lb10,broad_1h_width_main,1h,2.35,2.75,3.0,0.25,10,78,648.4385124782042,1.0938683443880166,55.12820512820513,0.16755293219845532,-16.194650033596382,54,-82.49803102106422,0.9846648030550622,55.55555555555556,24,730.9365434992684,1.478266226260767,54.166666666666664,0.4936014232057049,0.9846648030550622,False,False,645.9747262894085,35,13,19,3,0.0
phase2d_broad_1h_semantic_upper_235_w2p75_r3p25_lb35_sym_1hatr_sl2p35_tp2p35_fee04,1h 2.35 w2.75/r3.25/lb35,broad_1h_width_main,1h,2.35,2.75,3.25,0.5,35,70,585.0574869147237,1.091742635742598,55.714285714285715,0.15643094018415882,-16.19465003359617,48,84.22779961435181,1.017305384737476,58.333333333333336,22,500.8296873003718,1.3316717289504785,50.0,0.31436634421300247,1.017305384737476,True,False,570.2056669827401,31,10,19,3,0.0
phase2d_broad_1h_semantic_upper_235_w2p5_r3p25_lb50_sym_1hatr_sl2p35_tp2p35_fee04,1h 2.35 w2.5/r3.25/lb50,broad_1h_width_main,1h,2.35,2.5,3.25,0.75,50,79,595.1581850642699,1.0830580652248836,55.69620253164557,0.1547885441018443,-17.80176367932245,53,-1.7135354415060817,0.9996727800898684,56.60377358490566,26,596.871720505776,1.3094331468218574,53.84615384615385,0.30976036673198903,0.9996727800898684,False,False,636.4617381652723,35,12,22,4,0.0
phase2d_broad_1h_semantic_upper_235_w3_r3p5_lb35_sym_1hatr_sl2p35_tp2p35_fee04,1h 2.35 w3/r3.5/lb35,broad_1h_width_main,1h,2.35,3.0,3.5,0.5,35,45,307.2534873892549,1.0827301197238277,55.55555555555556,0.12223773154652719,-12.644367594257389,31,492.5503995025629,1.1884562071408509,61.29032258064516,14,-185.29691211330803,0.831597047269702,42.857142857142854,0.3568591598711489,0.831597047269702,False,False,373.0804336822654,20,8,11,1,0.0
phase2d_broad_1h_semantic_primary_215_w2p5_r3_lb10_sym_1hatr_sl2p15_tp2p15_fee04,1h 2.15 w2.5/r3/lb10,broad_1h_width_main,1h,2.15,2.5,3.0,0.5,10,79,520.8967669784469,1.0770979296209167,54.43037974683544,0.14930299376624961,-16.631280963275398,55,-189.17762254136892,0.964313234151745,54.54545454545454,24,710.0743895198158,1.4879424355388078,54.166666666666664,0.5236292013870628,0.964313234151745,False,False,676.9856425017243,36,14,17,2,0.0
phase2d_broad_1h_semantic_primary_215_w2p5_r3p25_lb50_sym_1hatr_sl2p15_tp2p15_fee04,1h 2.15 w2.5/r3.25/lb50,broad_1h_width_main,1h,2.15,2.5,3.25,0.75,50,79,514.3289005375383,1.076198186135965,56.9620253164557,0.14626923897672406,-14.08378450371871,53,-163.62110647643428,0.9673455394775495,56.60377358490566,26,677.9500070139726,1.3898051871598434,57.692307692307686,0.4224596476822938,0.9673455394775495,False,False,651.2415628465396,34,12,17,3,0.0
phase2d_broad_1h_semantic_primary_215_w2p25_r2p5_lb20_sym_1hatr_sl2p15_tp2p15_fee04,1h 2.15 w2.25/r2.5/lb20,broad_1h_width_main,1h,2.15,2.25,2.5,0.25,20,215,1900.014691816411,1.0743904478389565,56.27906976744186,0.2683042843278515,-22.280761555533136,140,2125.084038891867,1.1393899791042388,57.14285714285714,75,-225.069347075456,0.9781390770743381,54.666666666666664,0.16125090202990067,0.9781390770743381,False,False,2183.398203693142,94,38,54,9,0.0
phase2d_broad_1h_semantic_primary_215_w2p5_r3p25_lb35_sym_1hatr_sl2p15_tp2p15_fee04,1h 2.15 w2.5/r3.25/lb35,broad_1h_width_main,1h,2.15,2.5,3.25,0.75,35,72,430.70403122289724,1.0680896616007651,55.55555555555556,0.13106612055695033,-14.243883052510753,49,-447.8809504097562,0.9096892875676053,55.10204081632652,23,878.5849816326535,1.6430825777846427,56.52173913043478,0.7333932902170375,0.9096892875676053,False,False,603.2614546013966,32,11,17,2,0.0
phase2d_broad_1h_semantic_upper_235_w3_r3p5_lb50_sym_1hatr_sl2p35_tp2p35_fee04,1h 2.35 w3/r3.5/lb50,broad_1h_width_main,1h,2.35,3.0,3.5,0.5,50,47,241.7977082830461,1.062565115182256,55.319148936170215,0.09999948038737147,-12.644367594257444,33,423.15044290712717,1.151784374538193,60.60606060606061,14,-181.3527346240811,0.8315970472697063,42.857142857142854,0.32018732726848675,0.8315970472697063,False,False,382.70489260989007,21,8,11,1,0.0
phase2d_broad_1h_semantic_upper_235_w3_r3p5_lb20_sym_1hatr_sl2p35_tp2p35_fee04,1h 2.35 w3/r3.5/lb20,broad_1h_width_main,1h,2.35,3.0,3.5,0.5,20,43,179.39874523824125,1.0506919716562095,55.81395348837209,0.08290556382205409,-12.644367594257266,30,625.9764338468215,1.2550247648405946,63.33333333333333,13,-446.5776886085802,0.5881898092517703,38.46153846153847,0.6668349555888242,0.5881898092517703,False,False,352.5842391316395,19,8,10,1,0.0
phase2d_broad_1h_semantic_primary_215_w2p75_r3p25_lb35_sym_1hatr_sl2p15_tp2p15_fee04,1h 2.15 w2.75/r3.25/lb35,broad_1h_width_main,1h,2.15,2.75,3.25,0.5,35,70,308.47734167827554,1.050505447769067,55.714285714285715,0.10517849807898041,-14.096743091566832,48,-276.43508055747753,0.9419141206420523,56.25,22,584.9124222357531,1.4336771117154363,54.54545454545454,0.49176299107338406,0.9419141206420523,False,False,581.9685045612767,31,10,16,2,0.0
phase2d_broad_1h_semantic_primary_215_w1p75_r2p5_lb50_sym_1hatr_sl2p15_tp2p15_fee04,1h 2.15 w1.75/r2.5/lb50,broad_1h_width_main,1h,2.15,1.75,2.5,0.75,50,259,1440.7343462771896,1.0438843557480793,54.054054054054056,0.2146078037642193,-32.1362980679894,162,-835.8004226320797,0.9579239703203173,53.086419753086425,97,2276.5347689092696,1.1755745814029315,55.670103092783506,0.2176506110826142,0.9579239703203173,False,False,2674.2945261397076,119,44,68,11,0.0
phase2d_broad_1h_semantic_upper_235_w2p5_r3p25_lb20_sym_1hatr_sl2p35_tp2p35_fee04,1h 2.35 w2.5/r3.25/lb20,broad_1h_width_main,1h,2.35,2.5,3.25,0.75,20,62,244.16266816478102,1.0435782287195643,56.451612903225815,0.09040624958418231,-13.992716048799359,43,238.2953806822607,1.0569379223638489,60.46511627906976,19,5.867287482520325,1.0041386536917418,47.368421052631575,0.05279926867210705,1.0041386536917418,True,False,502.225391504597,27,9,15,3,0.0
phase2d_broad_1h_semantic_upper_235_w2p75_r3p25_lb20_sym_1hatr_sl2p35_tp2p35_fee04,1h 2.35 w2.75/r3.25/lb20,broad_1h_width_main,1h,2.35,2.75,3.25,0.5,20,62,244.16266816478102,1.0435782287195643,56.451612903225815,0.09040624958418231,-13.992716048799359,43,238.2953806822607,1.0569379223638489,60.46511627906976,19,5.867287482520325,1.0041386536917418,47.368421052631575,0.05279926867210705,1.0041386536917418,True,False,502.225391504597,27,9,15,3,0.0
phase2d_broad_1h_semantic_upper_235_w2_r2p25_lb10_sym_1hatr_sl2p35_tp2p35_fee04,1h 2.35 w2/r2.25/lb10,broad_1h_width_main,1h,2.35,2.0,2.25,0.25,10,300,1514.509227810194,1.0403179586758053,55.00000000000001,0.21691922305412678,-27.04799860217919,196,2054.8651406544736,1.0923936583990896,56.63265306122449,104,-540.3559128442794,0.9647374913277578,51.92307692307693,0.12765616707133187,0.9647374913277578,False,False,2916.83471395236,135,43,86,13,0.0
phase2d_broad_1h_semantic_upper_235_w2p75_r3p25_lb50_sym_1hatr_sl2p35_tp2p35_fee04,1h 2.35 w2.75/r3.25/lb50,broad_1h_width_main,1h,2.35,2.75,3.25,0.5,50,74,270.41979559423936,1.0402672795443677,55.4054054054054,0.09407122445201264,-17.80176367932245,50,133.15476278785906,1.027557636774259,57.99999999999999,24,137.2650328063803,1.0728677026917022,50.0,0.04531006591744324,1.027557636774259,True,False,584.0866760033883,33,10,20,4,0.0
phase2d_broad_1h_semantic_primary_215_w2p75_r3_lb10_sym_1hatr_sl2p15_tp2p15_fee04,1h 2.15 w2.75/r3/lb10,broad_1h_width_main,1h,2.15,2.75,3.0,0.25,10,78,257.94064354314435,1.0388459377219208,53.84615384615385,0.09354871341417194,-16.63128096327512,54,-442.1519471298838,0.915316400297511,53.70370370370371,24,700.0925906730282,1.4934155127889484,54.166666666666664,0.5780991124914373,0.915316400297511,False,False,655.8299656806961,36,14,16,2,0.0
phase2d_broad_1h_semantic_primary_215_w1p75_r2p5_lb20_sym_1hatr_sl2p15_tp2p15_fee04,1h 2.15 w1.75/r2.5/lb20,broad_1h_width_main,1h,2.15,1.75,2.5,0.75,20,222,970.307952846854,1.0375254599854693,55.4054054054054,0.17637920498749193,-25.66620827585964,144,1511.0788159066965,1.0988390401559487,56.25,78,-540.7708630598426,0.9488344601648289,53.84615384615385,0.15000457999111982,0.9488344601648289,False,False,2149.1050564490592,99,40,56,9,0.0
phase2d_broad_1h_semantic_primary_215_w2_r2p5_lb20_sym_1hatr_sl2p15_tp2p15_fee04,1h 2.15 w2/r2.5/lb20,broad_1h_width_main,1h,2.15,2.0,2.5,0.5,20,222,970.307952846854,1.0375254599854693,55.4054054054054,0.17637920498749193,-25.66620827585964,144,1511.0788159066965,1.0988390401559487,56.25,78,-540.7708630598426,0.9488344601648289,53.84615384615385,0.15000457999111982,0.9488344601648289,False,False,2149.1050564490592,99,40,56,9,0.0
phase2d_broad_1h_semantic_primary_215_w2p75_r3p25_lb50_sym_1hatr_sl2p15_tp2p15_fee04,1h 2.15 w2.75/r3.25/lb50,broad_1h_width_main,1h,2.15,2.75,3.25,0.5,50,74,222.23647449252536,1.0350775799213505,56.75675675675676,0.08548596691351336,-13.936369846402064,50,-19.635660800536762,0.9957621380771325,57.99999999999999,24,241.87213529306212,1.142095359552708,54.166666666666664,0.14633322147557537,0.9957621380771325,False,False,599.1191924962569,32,10,16,3,0.0
phase2d_broad_1h_semantic_upper_235_w3_r3p5_lb10_sym_1hatr_sl2p35_tp2p35_fee04,1h 2.35 w3/r3.5/lb10,broad_1h_width_main,1h,2.35,3.0,3.5,0.5,10,39,109.25768944504276,1.033215882518161,56.41025641025641,0.06078261020219484,-12.644367594257389,28,320.3555426403089,1.1309781536481716,60.71428571428571,11,-211.09785319526614,0.7497211534549887,45.45454545454545,0.38125700019318287,0.7497211534549887,False,False,318.13877167909624,17,6,9,1,0.0
phase2d_broad_1h_semantic_upper_235_w1p75_r2p25_lb10_sym_1hatr_sl2p35_tp2p35_fee04,1h 2.35 w1.75/r2.25/lb10,broad_1h_width_main,1h,2.35,1.75,2.25,0.5,10,302,972.3359482281439,1.0257725000314712,54.63576158940398,0.17418967550060008,-30.483023497066476,198,1485.179939173566,1.0656566941620844,56.060606060606055,104,-512.8439909454221,0.9660531539241576,51.92307692307693,0.09960354023792684,0.9660531539241576,False,False,2899.595570572904,137,44,86,13,0.0
phase2d_broad_1h_semantic_upper_235_w2_r2p25_lb20_sym_1hatr_sl2p35_tp2p35_fee04,1h 2.35 w2/r2.25/lb20,broad_1h_width_main,1h,2.35,2.0,2.25,0.25,20,322,939.4098475119666,1.0235829107410388,54.6583850931677,0.1717278749400648,-31.912505782964995,208,1831.0075046966288,1.0783352800054025,56.25,114,-891.5976571846621,0.9458336605832209,51.75438596491229,0.13250161942218153,0.9458336605832209,False,False,3078.2431875649745,146,49,90,14,0.0
phase2d_broad_1h_semantic_upper_235_w2_r2p5_lb35_sym_1hatr_sl2p35_tp2p35_fee04,1h 2.35 w2/r2.5/lb35,broad_1h_width_main,1h,2.35,2.0,2.5,0.5,35,242,594.2945998666147,1.0190202140636677,54.54545454545454,0.13964260388203262,-30.18270598161853,155,594.6345769375246,1.0315505706289498,54.83870967741935,87,-0.3399770709098249,0.9999725789348283,54.02298850574713,0.031577991694121565,0.9999725789348283,False,False,2301.6406296472264,110,37,75,12,0.0
phase2d_broad_1h_semantic_upper_235_w1p75_r2p25_lb35_sym_1hatr_sl2p35_tp2p35_fee04,1h 2.35 w1.75/r2.25/lb35,broad_1h_width_main,1h,2.35,1.75,2.25,0.5,35,348,842.6354046987539,1.018461493013926,54.310344827586206,0.16488590722729587,-37.52074746080051,224,925.929656664201,1.0345555205110437,55.35714285714286,124,-83.29425196544717,0.9955806076025995,52.41935483870967,0.03897491290844424,0.9955806076025995,False,False,3497.635004894313,159,54,97,14,0.0
phase2d_broad_1h_semantic_upper_235_w1p75_r2_lb35_sym_1hatr_sl2p35_tp2p35_fee04,1h 2.35 w1.75/r2/lb35,broad_1h_width_main,1h,2.35,1.75,2.0,0.25,35,460,785.587348245688,1.0147584768738698,53.69565217391305,0.16502572623622946,-29.38528375396198,293,1578.6300534072816,1.0522181813397689,55.972696245733786,167,-793.0427051615936,0.9655170976643627,49.700598802395206,0.08670108367540619,0.9655170976643627,False,False,4126.53607384437,213,76,131,20,0.0
phase2d_broad_1h_semantic_primary_215_w2p75_r3p5_lb35_sym_1hatr_sl2p15_tp2p15_fee04,1h 2.15 w2.75/r3.5/lb35,broad_1h_width_main,1h,2.15,2.75,3.5,0.75,35,50,63.52852241847733,1.0142134861025334,54.0,0.04686800458952527,-16.027079771615693,35,-80.04931668776557,0.976667100423747,57.14285714285714,15,143.5778391062429,1.1382089810972411,46.666666666666664,0.16154188067349406,0.976667100423747,False,False,423.57895141791954,23,9,12,2,0.0
phase2d_broad_1h_semantic_primary_215_w2_r2p5_lb50_sym_1hatr_sl2p15_tp2p15_fee04,1h 2.15 w2/r2.5/lb50,broad_1h_width_main,1h,2.15,2.0,2.5,0.5,50,256,372.736844551207,1.0120467137504636,53.515625,0.11875654023172698,-33.986851029999634,162,-621.5443272558642,0.9669834751915503,53.086419753086425,94,994.2811718070712,1.0820654715106708,54.25531914893617,0.11508199631912053,0.9669834751915503,False,False,2489.1628698158647,119,44,65,11,0.0
phase2d_broad_1h_semantic_upper_235_w2_r2p25_lb35_sym_1hatr_sl2p35_tp2p35_fee04,1h 2.35 w2/r2.25/lb35,broad_1h_width_main,1h,2.35,2.0,2.25,0.25,35,333,424.55563264806335,1.009909090059413,54.054054054054056,0.13043606276508748,-37.46877853931594,216,1622.4395657122532,1.064810954001157,55.55555555555556,117,-1197.8839330641897,0.9327471725821291,51.28205128205128,0.13206378141902786,0.9327471725821291,False,False,3274.495898726475,153,51,93,14,0.0
phase2d_broad_1h_semantic_upper_235_w1p75_r2_lb20_sym_1hatr_sl2p35_tp2p35_fee04,1h 2.35 w1.75/r2/lb20,broad_1h_width_main,1h,2.35,1.75,2.0,0.25,20,443,473.6732248389181,1.009337083746482,53.72460496613996,0.14103635908062392,-33.16490763965504,284,1212.4482547185519,1.041018576829817,55.633802816901415,159,-738.7750298796337,0.9651057082290114,50.314465408805034,0.0759128686008056,0.9651057082290114,False,False,3939.500754559353,205,74,125,19,0.0
phase2d_broad_1h_semantic_upper_235_w1p75_r2p25_lb20_sym_1hatr_sl2p35_tp2p35_fee04,1h 2.35 w1.75/r2.25/lb20,broad_1h_width_main,1h,2.35,1.75,2.25,0.5,20,329,279.70271838596295,1.0069394289195606,54.40729483282675,0.11807855373330964,-36.55203899378233,213,1177.121957691949,1.049077581009957,55.86854460093896,116,-897.4192393059861,0.9450157253841207,51.724137931034484,0.10406185562583636,0.9450157253841207,False,False,3091.766111141371,150,50,90,14,0.0
phase2d_broad_1h_semantic_upper_235_w2_r2p25_lb50_sym_1hatr_sl2p35_tp2p35_fee04,1h 2.35 w2/r2.25/lb50,broad_1h_width_main,1h,2.35,2.0,2.25,0.25,50,335,83.96089670980966,1.0019689730744552,53.73134328358209,0.10198143029252744,-39.51182052708052,217,1346.8439388061468,1.0539579824536731,55.29953917050692,118,-1262.883042096337,0.928573989030692,50.847457627118644,0.12538399342298112,0.928573989030692,False,False,3243.8988215520626,155,51,93,14,0.0
phase2d_broad_1h_semantic_primary_215_w1p75_r2_lb50_sym_1hatr_sl2p15_tp2p15_fee04,1h 2.15 w1.75/r2/lb50,broad_1h_width_main,1h,2.15,1.75,2.0,0.25,50,471,-37.08332149893591,0.9992361773334623,53.29087048832272,0.09924445355274174,-29.631896135627457,298,403.03081174412443,1.0145214927494968,55.033557046979865,173,-440.11413324306034,0.9788361471872153,50.28901734104046,0.03568534556228142,0.9788361471872153,False,False,4069.7473218645214,220,85,112,18,0.0
phase2d_broad_1h_semantic_primary_215_w1p75_r2_lb35_sym_1hatr_sl2p15_tp2p15_fee04,1h 2.15 w1.75/r2/lb35,broad_1h_width_main,1h,2.15,1.75,2.0,0.25,35,465,-96.44219461457952,0.9979680798260141,53.333333333333336,0.09323282993444361,-28.746850742897433,297,320.6890456130786,1.011636408577546,54.882154882154886,168,-417.13124022765805,0.9790433343975941,50.595238095238095,0.03259307417995194,0.9790433343975941,False,False,3988.4623713241463,217,84,111,18,0.0
phase2d_broad_1h_semantic_upper_235_w1p75_r2p25_lb50_sym_1hatr_sl2p35_tp2p35_fee04,1h 2.35 w1.75/r2.25/lb50,broad_1h_width_main,1h,2.35,1.75,2.25,0.5,50,354,-125.16463483691845,0.9971608690843488,53.672316384180796,0.08716368645374495,-39.05904333806437,229,67.0341236603862,1.002537233071674,54.58515283842795,125,-192.19875849730465,0.9891200310748736,52.0,0.01341720199680041,0.9891200310748736,False,False,3317.312972783777,164,55,98,15,0.0
phase2d_broad_1h_semantic_primary_215_w3_r3p75_lb50_sym_1hatr_sl2p15_tp2p15_fee04,1h 2.15 w3/r3.75/lb50,broad_1h_width_main,1h,2.15,3.0,3.75,0.75,50,27,-10.253658436451985,0.994839953564386,55.55555555555556,0.011468941021071233,-9.398105548395074,17,99.46867699361485,1.076879657564417,58.82352941176471,10,-109.72233543006683,0.8417395077121599,50.0,0.23514014985225717,0.8417395077121599,False,False,222.2516220651037,12,4,5,1,0.0
phase2d_broad_1h_semantic_primary_215_w2_r2p25_lb10_sym_1hatr_sl2p15_tp2p15_fee04,1h 2.15 w2/r2.25/lb10,broad_1h_width_main,1h,2.15,2.0,2.25,0.25,10,302,-207.97314618215952,0.9937567519766112,53.64238410596026,0.06590201445375597,-32.672381559868,197,362.46189449815864,1.0179740085219202,54.82233502538071,105,-570.4350406803181,0.9566070490252384,51.42857142857142,0.061366959496681805,0.9566070490252384,False,False,2751.4376448729436,140,50,70,12,0.0
phase2d_broad_1h_semantic_upper_235_w3p25_r4_lb10_sym_1hatr_sl2p35_tp2p35_fee04,1h 2.35 w3.25/r4/lb10,broad_1h_width_main,1h,2.35,3.25,4.0,0.75,10,11,-5.421803075296438,0.9927648306887269,54.54545454545454,0.00538099705582813,-6.340517686629255,6,267.7996698099031,2.0055176632235034,66.66666666666666,5,-273.22147288519955,0.43436819103343577,40.0,1.5711494721900676,0.43436819103343577,False,False,88.6774442031147,5,2,2,1,0.0
phase2d_broad_1h_semantic_primary_215_w1p75_r2_lb20_sym_1hatr_sl2p15_tp2p15_fee04,1h 2.15 w1.75/r2/lb20,broad_1h_width_main,1h,2.15,1.75,2.0,0.25,20,448,-351.6025318965184,0.9922443460074228,53.34821428571429,0.0684266155279543,-31.87913911555007,288,-31.313195714859145,0.9988410295459349,54.513888888888886,160,-320.28933618165934,0.9825139803509381,51.24999999999999,0.016327049194996834,0.9825139803509381,False,False,3815.6185789415026,209,82,105,17,0.0
phase2d_broad_1h_semantic_primary_215_w2p75_r3p5_lb50_sym_1hatr_sl2p15_tp2p15_fee04,1h 2.15 w2.75/r3.5/lb50,broad_1h_width_main,1h,2.15,2.75,3.5,0.75,50,54,-38.84540433168286,0.9919048191729455,53.70370370370371,0.01927369661761372,-16.027079771614684,39,-186.69149481621164,0.950667979797777,56.41025641025641,15,147.8460904845288,1.1457766300806935,46.666666666666664,0.19510865028291657,0.950667979797777,False,False,447.48625587362903,25,9,12,2,0.0
phase2d_broad_1h_semantic_primary_215_w1p75_r2p5_lb35_sym_1hatr_sl2p15_tp2p15_fee04,1h 2.15 w1.75/r2.5/lb35,broad_1h_width_main,1h,2.15,1.75,2.5,0.75,35,244,-253.80754625391353,0.9913369284904504,53.278688524590166,0.05249855126291565,-34.568272434657345,155,-776.5911135201117,0.9566017825577081,52.903225806451616,89,522.7835672661981,1.045845740482842,53.93258426966292,0.08924395792513395,0.9566017825577081,False,False,2312.9339337828214,114,43,62,11,0.0
phase2d_broad_1h_semantic_upper_235_w1p75_r2_lb50_sym_1hatr_sl2p35_tp2p35_fee04,1h 2.35 w1.75/r2/lb50,broad_1h_width_main,1h,2.35,1.75,2.0,0.25,50,466,-535.0406682350196,0.9893508905953995,53.21888412017167,0.06843592341568558,-30.0032749447086,294,1451.9722276772402,1.0518264331124092,55.78231292517006,172,-1987.0128959122596,0.910602458928922,48.837209302325576,0.1412239741834872,0.910602458928922,False,False,3814.3840124342596,218,77,131,21,0.0
phase2d_broad_1h_semantic_primary_215_w2p5_r3p25_lb20_sym_1hatr_sl2p15_tp2p15_fee04,1h 2.15 w2.5/r3.25/lb20,broad_1h_width_main,1h,2.15,2.5,3.25,0.75,20,62,-89.12219010731556,0.9835136835245559,54.83870967741935,0.010687636929749158,-15.606922198918694,43,-92.50744343740865,0.9773421690515307,58.139534883720934,19,3.385253330093086,1.0025587208202236,47.368421052631575,0.025216551768692863,0.9773421690515307,False,False,511.24752117900283,28,10,13,2,0.0
phase2d_broad_1h_semantic_primary_215_w2p75_r3p25_lb20_sym_1hatr_sl2p15_tp2p15_fee04,1h 2.15 w2.75/r3.25/lb20,broad_1h_width_main,1h,2.15,2.75,3.25,0.5,20,62,-89.12219010731556,0.9835136835245559,54.83870967741935,0.010687636929749158,-15.606922198918694,43,-92.50744343740865,0.9773421690515307,58.139534883720934,19,3.385253330093086,1.0025587208202236,47.368421052631575,0.025216551768692863,0.9773421690515307,False,False,511.24752117900283,28,10,13,2,0.0
phase2d_broad_1h_semantic_primary_215_w3p25_r4_lb10_sym_1hatr_sl2p15_tp2p15_fee04,1h 2.15 w3.25/r4/lb10,broad_1h_width_main,1h,2.15,3.25,4.0,0.75,10,11,-12.484238184300168,0.9818601291282919,54.54545454545454,-0.0010921456620896154,-5.9870335582862815,6,240.40163417618956,1.9820140704909543,66.66666666666666,5,-252.8858723604897,0.42968736888615394,40.0,1.5523267016048004,0.42968736888615394,False,False,88.58577157918553,5,2,2,1,0.0
phase2d_broad_1h_semantic_primary_215_w1p75_r2p25_lb35_sym_1hatr_sl2p15_tp2p15_fee04,1h 2.15 w1.75/r2.25/lb35,broad_1h_width_main,1h,2.15,1.75,2.25,0.5,35,350,-756.9009867662619,0.981133662548778,53.142857142857146,0.019994279919603865,-42.602210440505715,225,-634.3409478619524,0.9736074357342493,53.77777777777778,125,-122.56003890430955,0.9923801404863511,52.0,0.0187727047521018,0.9736074357342493,False,False,3284.743690110519,164,61,81,13,0.0
phase2d_broad_1h_semantic_primary_215_w1p75_r2p25_lb10_sym_1hatr_sl2p15_tp2p15_fee04,1h 2.15 w1.75/r2.25/lb10,broad_1h_width_main,1h,2.15,1.75,2.25,0.5,10,304,-631.5666423512944,0.9811301119118294,53.289473684210535,0.02459579954620739,-35.58490842581268,199,-91.59387614905933,0.995529591539893,54.2713567839196,105,-539.972766202235,0.958401623369862,51.42857142857142,0.037127968170030945,0.958401623369862,False,False,2739.676259867813,142,51,70,12,0.0
phase2d_broad_1h_semantic_primary_215_w2_r2p25_lb20_sym_1hatr_sl2p15_tp2p15_fee04,1h 2.15 w2/r2.25/lb20,broad_1h_width_main,1h,2.15,2.0,2.25,0.25,20,324,-668.8727281345708,0.9810548537700632,53.39506172839506,0.023124295341567434,-36.83612691618728,209,187.95121685230382,1.0088749179257703,54.54545454545454,115,-856.8239449868746,0.9393526033871427,51.30434782608696,0.06952231453862767,0.9393526033871427,False,False,2907.4726519650308,151,56,74,13,0.0
phase2d_broad_1h_semantic_upper_235_w1p75_r2_lb10_sym_1hatr_sl2p35_tp2p35_fee04,1h 2.35 w1.75/r2/lb10,broad_1h_width_main,1h,2.35,1.75,2.0,0.25,10,430,-879.8021458749721,0.9807908584420904,53.25581395348837,0.030725038978256958,-33.129329075071155,276,595.9737986748355,1.0223459774445653,55.434782608695656,154,-1475.7759445498077,0.922859151150286,49.35064935064935,0.0994868262942793,0.922859151150286,False,False,3501.331672055183,201,72,119,19,0.0
phase2d_broad_1h_semantic_upper_235_w2p75_r3p5_lb20_sym_1hatr_sl2p35_tp2p35_fee04,1h 2.35 w2.75/r3.5/lb20,broad_1h_width_main,1h,2.35,2.75,3.5,0.75,20,45,-95.49783041891595,0.9752853648409386,55.55555555555556,-0.0032770928206347014,-12.644367594257378,32,345.1459636424272,1.1228767851084838,62.5,13,-440.64379406134316,0.5823839307635283,38.46153846153847,0.5404928543449554,0.5823839307635283,False,False,358.3650191279855,20,8,11,2,0.0
phase2d_broad_1h_semantic_primary_215_w2_r2p5_lb35_sym_1hatr_sl2p15_tp2p15_fee04,1h 2.15 w2/r2.5/lb35,broad_1h_width_main,1h,2.15,2.0,2.5,0.5,35,243,-725.6643850089789,0.9742104046632698,53.086419753086425,-0.0009609142648069077,-34.568272434656976,155,-643.5596624820633,0.9626929323799219,52.903225806451616,88,-82.10472252691554,0.9924588309236761,53.40909090909091,0.02976589854375422,0.9626929323799219,False,False,2212.616389422994,114,43,61,11,0.0
phase2d_broad_1h_semantic_primary_215_w2_r2p25_lb35_sym_1hatr_sl2p15_tp2p15_fee04,1h 2.15 w2/r2.25/lb35,broad_1h_width_main,1h,2.15,2.0,2.25,0.25,35,335,-1076.6391990853028,0.9714990613021414,52.83582089552239,-0.016028353054782302,-42.528929146038344,217,-2.780353794175877,0.999876738334818,53.91705069124424,118,-1073.858845291127,0.9294398390085828,50.847457627118644,0.0704368993262352,0.9294398390085828,False,False,3083.4181645790486,158,58,77,13,0.0
phase2d_broad_1h_semantic_primary_215_w1p75_r2_lb10_sym_1hatr_sl2p15_tp2p15_fee04,1h 2.15 w1.75/r2/lb10,broad_1h_width_main,1h,2.15,1.75,2.0,0.25,10,434,-1228.1743180217554,0.97083527620513,52.995391705069125,-0.014523382690708216,-32.26366275154597,279,-219.89083330036317,0.9911889591300518,54.48028673835126,155,-1008.2834847213921,0.9412263135668361,50.32258064516129,0.049962645563215724,0.9412263135668361,False,False,3507.229795946019,204,80,100,17,0.0
phase2d_broad_1h_semantic_primary_215_w2_r2p25_lb50_sym_1hatr_sl2p15_tp2p15_fee04,1h 2.15 w2/r2.25/lb50,broad_1h_width_main,1h,2.15,2.0,2.25,0.25,50,337,-1139.1414840049983,0.9698926344034855,52.818991097922854,-0.02232644162815662,-42.93147627209506,218,-235.1563095954672,0.9896419367064467,53.669724770642205,119,-903.9851744095313,0.9402649436594488,51.26050420168067,0.04937699304699794,0.9402649436594488,False,False,3088.4803224621646,159,58,77,13,0.0
phase2d_broad_1h_semantic_primary_215_w1p75_r2p25_lb20_sym_1hatr_sl2p15_tp2p15_fee04,1h 2.15 w1.75/r2.25/lb20,broad_1h_width_main,1h,2.15,1.75,2.25,0.5,20,331,-1188.836089569088,0.9667365481751297,53.17220543806647,-0.028907209590164466,-40.806656601957634,214,-340.3267042937153,0.9843238802261948,54.20560747663551,117,-848.5093852753728,0.9395223349477466,51.28205128205128,0.04480154527844815,0.9395223349477466,False,False,2925.844496649996,155,57,74,13,0.0
phase2d_broad_1h_semantic_primary_215_w1p75_r2p25_lb50_sym_1hatr_sl2p15_tp2p15_fee04,1h 2.15 w1.75/r2.25/lb50,broad_1h_width_main,1h,2.15,1.75,2.25,0.5,50,356,-1315.6856835551434,0.9664491706516231,52.80898876404494,-0.03443131869666069,-42.56995196232809,230,-1324.1624665995123,0.9448922084404602,53.04347826086957,126,8.476783044368865,1.0005581931654137,52.38095238095239,0.05566598472495354,0.9448922084404602,False,False,3167.2907449798977,168,62,81,14,0.0
phase2d_broad_1h_semantic_upper_235_w3_r3p25_lb10_sym_1hatr_sl2p35_tp2p35_fee04,1h 2.35 w3/r3.25/lb10,broad_1h_width_main,1h,2.35,3.0,3.25,0.25,10,55,-183.462707184154,0.9612607120738538,56.36363636363636,-0.018170407161839167,-13.62600015238331,37,133.58156657885314,1.0395275080750899,62.16216216216216,18,-317.04427376300714,0.766255717851943,44.44444444444444,0.27327179022314685,0.766255717851943,False,False,428.95554850599257,24,9,12,2,0.0
phase2d_broad_1h_semantic_upper_235_w2p75_r3p5_lb10_sym_1hatr_sl2p35_tp2p35_fee04,1h 2.35 w2.75/r3.5/lb10,broad_1h_width_main,1h,2.35,2.75,3.5,0.75,10,41,-163.7447138220604,0.9546891229832061,56.09756097560976,-0.027015780463501834,-12.64436759425731,30,47.67239329098763,1.0170677146330913,60.0,11,-211.41710711304802,0.7423857221729427,45.45454545454545,0.27468199246014857,0.7423857221729427,False,False,324.37073271541954,18,6,10,2,0.0
phase2d_broad_1h_semantic_upper_235_w2p5_r3p25_lb10_sym_1hatr_sl2p35_tp2p35_fee04,1h 2.35 w2.5/r3.25/lb10,broad_1h_width_main,1h,2.35,2.5,3.25,0.75,10,58,-370.71666221183483,0.926656513542633,56.896551724137936,-0.06449045906167059,-16.134228295766018,40,-52.4498631670997,0.9859158261113181,62.5,18,-318.26679904473514,0.7607914086938795,44.44444444444444,0.2251244174174386,0.7607914086938795,False,False,443.0920701160103,25,9,13,3,0.0
phase2d_broad_1h_semantic_upper_235_w2p75_r3p25_lb10_sym_1hatr_sl2p35_tp2p35_fee04,1h 2.35 w2.75/r3.25/lb10,broad_1h_width_main,1h,2.35,2.75,3.25,0.5,10,58,-370.71666221183483,0.926656513542633,56.896551724137936,-0.06449045906167059,-16.134228295766018,40,-52.4498631670997,0.9859158261113181,62.5,18,-318.26679904473514,0.7607914086938795,44.44444444444444,0.2251244174174386,0.7607914086938795,False,False,443.0920701160103,25,9,13,3,0.0
phase2d_broad_1h_semantic_upper_235_w3_r3p25_lb20_sym_1hatr_sl2p35_tp2p35_fee04,1h 2.35 w3/r3.25/lb20,broad_1h_width_main,1h,2.35,3.0,3.25,0.25,20,57,-437.79064860233996,0.9106977594377067,54.385964912280706,-0.08647378319853845,-14.272881668116499,39,-135.89300716340387,0.9620309046976261,58.97435897435898,18,-301.8976414389361,0.7718609346298886,44.44444444444444,0.1901699700677375,0.7718609346298886,False,False,435.64425443864786,26,9,12,2,0.0
phase2d_broad_1h_semantic_primary_215_w3_r3p25_lb10_sym_1hatr_sl2p15_tp2p15_fee04,1h 2.15 w3/r3.25/lb10,broad_1h_width_main,1h,2.15,3.0,3.25,0.25,10,55,-465.6802914808126,0.8984970401301509,54.54545454545454,-0.11782871338897638,-15.606922198918472,37,-172.49009150916478,0.9479973734149572,59.45945945945946,18,-293.1901999716478,0.7693050192416963,44.44444444444444,0.1786923541732609,0.7693050192416963,False,False,437.5288494150777,25,10,10,1,0.0
phase2d_broad_1h_semantic_upper_235_w3_r3p25_lb50_sym_1hatr_sl2p35_tp2p35_fee04,1h 2.35 w3/r3.25/lb50,broad_1h_width_main,1h,2.35,3.0,3.25,0.25,50,59,-574.1723438461902,0.8858018803339959,54.23728813559322,-0.12099089338978787,-14.272881668116499,40,-345.85758945842827,0.9073444465423828,57.49999999999999,19,-228.3147543877619,0.823713932823327,47.368421052631575,0.08363051371905572,0.823713932823327,False,False,442.99977087060114,27,9,12,2,0.0
phase2d_broad_1h_semantic_upper_235_w3_r3p25_lb35_sym_1hatr_sl2p35_tp2p35_fee04,1h 2.35 w3/r3.25/lb35,broad_1h_width_main,1h,2.35,3.0,3.25,0.25,35,58,-641.3291233717083,0.8724449535735301,53.44827586206896,-0.13979796328073926,-14.272881668116499,40,-345.85758945842827,0.9073444465423828,57.49999999999999,18,-295.4715339132801,0.7718609346298863,44.44444444444444,0.13548351191249652,0.7718609346298863,False,False,435.5456720978674,27,9,12,2,0.0
phase2d_broad_1h_semantic_primary_215_w2p5_r3p25_lb10_sym_1hatr_sl2p15_tp2p15_fee04,1h 2.15 w2.5/r3.25/lb10,broad_1h_width_main,1h,2.15,2.5,3.25,0.75,10,58,-633.5563809113273,0.8703016500516941,55.172413793103445,-0.16195338825119884,-15.606922198918483,40,-339.2713590087378,0.9066993338318452,60.0,18,-294.28502190258956,0.7642933464309083,44.44444444444444,0.1424059874009369,0.7642933464309083,False,False,452.46543022343667,26,10,11,2,0.0
phase2d_broad_1h_semantic_primary_215_w2p75_r3p25_lb10_sym_1hatr_sl2p15_tp2p15_fee04,1h 2.15 w2.75/r3.25/lb10,broad_1h_width_main,1h,2.15,2.75,3.25,0.5,10,58,-633.5563809113273,0.8703016500516941,55.172413793103445,-0.16195338825119884,-15.606922198918483,40,-339.2713590087378,0.9066993338318452,60.0,18,-294.28502190258956,0.7642933464309083,44.44444444444444,0.1424059874009369,0.7642933464309083,False,False,452.46543022343667,26,10,11,2,0.0
phase2d_broad_1h_semantic_primary_215_w3p25_r3p5_lb10_sym_1hatr_sl2p15_tp2p15_fee04,1h 2.15 w3.25/r3.5/lb10,broad_1h_width_main,1h,2.15,3.25,3.5,0.25,10,36,-397.60710511868854,0.8633988958615123,52.77777777777778,-0.1513521794125363,-15.70747503122919,25,-195.59091815224878,0.9082056750368027,56.00000000000001,11,-202.01618696643976,0.7409932271088642,45.45454545454545,0.16721244792793855,0.7409932271088642,False,False,294.434102931495,17,7,6,1,0.0
phase2d_broad_1h_semantic_primary_215_w3p25_r3p5_lb20_sym_1hatr_sl2p15_tp2p15_fee04,1h 2.15 w3.25/r3.5/lb20,broad_1h_width_main,1h,2.15,3.25,3.5,0.25,20,38,-434.92754293450656,0.8566221218049168,52.63157894736842,-0.16322295543839802,-16.027079771615583,26,-81.06590154263324,0.9614893837445243,57.692307692307686,12,-353.8616413918733,0.6188511927130792,41.66666666666667,0.3426381910314451,0.6188511927130792,False,False,307.4707934131889,18,8,6,1,0.0
phase2d_broad_1h_semantic_primary_215_w3p25_r3p5_lb35_sym_1hatr_sl2p15_tp2p15_fee04,1h 2.15 w3.25/r3.5/lb35,broad_1h_width_main,1h,2.15,3.25,3.5,0.25,35,38,-434.92754293450656,0.8566221218049168,52.63157894736842,-0.16322295543839802,-16.027079771615583,26,-81.06590154263324,0.9614893837445243,57.692307692307686,12,-353.8616413918733,0.6188511927130792,41.66666666666667,0.3426381910314451,0.6188511927130792,False,False,307.4707934131889,18,8,6,1,0.0
phase2d_broad_1h_semantic_primary_215_w3p25_r3p5_lb50_sym_1hatr_sl2p15_tp2p15_fee04,1h 2.15 w3.25/r3.5/lb50,broad_1h_width_main,1h,2.15,3.25,3.5,0.25,50,38,-434.92754293450656,0.8566221218049168,52.63157894736842,-0.16322295543839802,-16.027079771615583,26,-81.06590154263324,0.9614893837445243,57.692307692307686,12,-353.8616413918733,0.6188511927130792,41.66666666666667,0.3426381910314451,0.6188511927130792,False,False,307.4707934131889,18,8,6,1,0.0
phase2d_broad_1h_semantic_primary_215_w3_r3p25_lb20_sym_1hatr_sl2p15_tp2p15_fee04,1h 2.15 w3/r3.25/lb20,broad_1h_width_main,1h,2.15,3.0,3.25,0.25,20,57,-693.2424373701289,0.8540376908100438,52.63157894736842,-0.1888964719440012,-15.606922198918793,39,-413.0644521058289,0.8822198944300136,56.41025641025641,18,-280.17798526430005,0.7744829105034012,44.44444444444444,0.10773698392661235,0.7744829105034012,False,False,445.6580311360123,27,10,10,1,0.0
phase2d_broad_1h_semantic_primary_215_w3_r3p25_lb50_sym_1hatr_sl2p15_tp2p15_fee04,1h 2.15 w3/r3.25/lb50,broad_1h_width_main,1h,2.15,3.0,3.25,0.25,50,59,-815.9890621574112,0.8324564116126282,52.54237288135594,-0.22630693609647928,-15.606922198918616,40,-600.4960096259467,0.8355804695576409,55.00000000000001,19,-215.4930525314646,0.8230895064356359,47.368421052631575,0.012490963122004928,0.8230895064356359,False,False,453.62629933805044,28,10,10,1,0.0
phase2d_broad_1h_semantic_primary_215_w3_r3p25_lb35_sym_1hatr_sl2p15_tp2p15_fee04,1h 2.15 w3/r3.25/lb35,broad_1h_width_main,1h,2.15,3.0,3.25,0.25,35,58,-875.1963116515718,0.8202996370934075,51.724137931034484,-0.24620195487318167,-15.606922198918616,40,-600.4960096259467,0.8355804695576409,55.00000000000001,18,-274.70030202562515,0.7744829105034028,44.44444444444444,0.06109755905423808,0.7744829105034028,False,False,446.35596619010096,28,10,10,1,0.0
phase2d_broad_1h_semantic_primary_215_w3_r3p5_lb35_sym_1hatr_sl2p15_tp2p15_fee04,1h 2.15 w3/r3.5/lb35,broad_1h_width_main,1h,2.15,3.0,3.5,0.5,35,45,-737.877859219765,0.8035623582098702,51.11111111111111,-0.2588878122575456,-16.02707977161536,31,-577.3132205000561,0.7938298079237305,54.83870967741935,14,-160.5646387197089,0.832066036935821,42.857142857142854,0.03823622901209056,0.7938298079237305,False,False,354.1333287086418,22,9,8,1,0.0
phase2d_broad_1h_semantic_primary_215_w3_r3p5_lb50_sym_1hatr_sl2p15_tp2p15_fee04,1h 2.15 w3/r3.5/lb50,broad_1h_width_main,1h,2.15,3.0,3.5,0.5,50,47,-792.8707414742448,0.796113779637532,51.06382978723404,-0.2710413224917611,-16.02707977161584,33,-635.4452581360996,0.7846944740596233,54.54545454545454,14,-157.4254833381452,0.8320660369358192,42.857142857142854,0.047371562876195816,0.7846944740596233,False,False,363.5107461471844,23,9,8,1,0.0
phase2d_broad_1h_semantic_primary_215_w3_r3p5_lb20_sym_1hatr_sl2p15_tp2p15_fee04,1h 2.15 w3/r3.5/lb20,broad_1h_width_main,1h,2.15,3.0,3.5,0.5,20,43,-841.9370068882398,0.7663159713562512,51.162790697674424,-0.3084195856914734,-16.027079771616037,30,-453.08976675748875,0.8296220300795203,56.666666666666664,13,-388.8472401307511,0.5878956853339894,38.46153846153847,0.2417263447455309,0.5878956853339894,False,False,334.9366315491805,21,9,7,1,0.0
phase2d_broad_1h_semantic_primary_215_w3_r3p5_lb10_sym_1hatr_sl2p15_tp2p15_fee04,1h 2.15 w3/r3.5/lb10,broad_1h_width_main,1h,2.15,3.0,3.5,0.5,10,39,-897.1748723207014,0.7347234992307127,51.28205128205128,-0.34737247285969824,-15.910273466784774,28,-715.8727336777364,0.7298930000745749,53.57142857142857,11,-181.302138642965,0.7522201548069062,45.45454545454545,0.022327154732331267,0.7298930000745749,False,False,302.2348954095281,19,7,6,1,0.0
phase2d_broad_1h_semantic_primary_215_w2p75_r3p5_lb20_sym_1hatr_sl2p15_tp2p15_fee04,1h 2.15 w2.75/r3.5/lb20,broad_1h_width_main,1h,2.15,2.75,3.5,0.75,20,45,-1069.0959706863887,0.7256343998039742,51.11111111111111,-0.37433126527772814,-16.754384888393435,32,-685.0253531774875,0.76985156491628,56.25,13,-384.07061750890114,0.5826048212427147,38.46153846153847,0.1872467436735653,0.5826048212427147,False,False,341.6857305124959,22,9,8,2,0.0
phase2d_broad_1h_semantic_primary_215_w2p75_r3p5_lb10_sym_1hatr_sl2p15_tp2p15_fee04,1h 2.15 w2.75/r3.5/lb10,broad_1h_width_main,1h,2.15,2.75,3.5,0.75,10,41,-1122.9637018138637,0.69444764570207,51.21951219512195,-0.4122897017077265,-15.910273466784997,30,-941.3670275111912,0.6821462038606719,53.333333333333336,11,-181.5966743026727,0.7455050640916008,45.45454545454545,0.06335886023092885,0.6821462038606719,False,False,309.36060728203114,20,7,7,2,0.0
