candidate_id,rail,current_width,recent_width,lookback,trades,pnl,profit_factor,win_rate_pct,max_drawdown_pct,long_profit_factor,short_profit_factor,long_pnl,short_pnl,bad_context_stops,low_mfe_stops
phase2a_semantic_primary_215_w9_r8_lb10_sym_1hatr_sl2p15_tp2p15_fee04,2.15,9,8,10,362,3313.196715658281,1.092765530754777,56.353591160220994,-20.630546576211938,1.1526943733007413,1.0360936896124644,2650.6345072284053,662.5622084298755,158,68
phase2a_semantic_primary_215_w9_r8_lb20_sym_1hatr_sl2p15_tp2p15_fee04,2.15,9,8,20,362,3313.196715658281,1.092765530754777,56.353591160220994,-20.630546576211938,1.1526943733007413,1.0360936896124644,2650.6345072284053,662.5622084298755,158,68
phase2a_semantic_primary_215_w9_r8_lb35_sym_1hatr_sl2p15_tp2p15_fee04,2.15,9,8,35,362,3313.196715658281,1.092765530754777,56.353591160220994,-20.630546576211938,1.1526943733007413,1.0360936896124644,2650.6345072284053,662.5622084298755,158,68
phase2a_semantic_primary_215_w9_r10_lb10_sym_1hatr_sl2p15_tp2p15_fee04,2.15,9,10,10,350,3862.860732195996,1.116566452265786,56.285714285714285,-19.966320545930337,1.1304682119483187,1.1022967533076329,2190.007788795682,1672.8529434003144,153,65
phase2a_semantic_primary_215_w9_r10_lb20_sym_1hatr_sl2p15_tp2p15_fee04,2.15,9,10,20,352,3696.8316641262113,1.1080027807298314,56.25,-19.966320545930337,1.1456703919137199,1.0707648344762613,2478.7784230867906,1218.0532410394208,154,65
phase2a_semantic_primary_215_w9_r10_lb35_sym_1hatr_sl2p15_tp2p15_fee04,2.15,9,10,35,354,3526.880897479594,1.1035128572031552,56.21468926553672,-19.966320545930337,1.1350151147697294,1.072050447104096,2298.6558770927086,1228.2250203868855,155,66
phase2a_semantic_primary_215_w9_r12_lb10_sym_1hatr_sl2p15_tp2p15_fee04,2.15,9,12,10,285,2307.3690345378427,1.0894139139619372,56.14035087719298,-24.976249920147843,1.081624116724199,1.0995722307645617,1192.156802710005,1115.2122318278375,125,55
phase2a_semantic_primary_215_w9_r12_lb20_sym_1hatr_sl2p15_tp2p15_fee04,2.15,9,12,20,301,4427.246940746892,1.1496134180815387,56.47840531561462,-18.48343704208527,1.1071917872040866,1.2043679616201852,1787.2490641537795,2639.9978765931123,131,57
phase2a_semantic_primary_215_w9_r12_lb35_sym_1hatr_sl2p15_tp2p15_fee04,2.15,9,12,35,320,3768.5687699594614,1.1241807209673593,56.56250000000001,-18.48343704208527,1.1449561922541962,1.0999189540826118,2369.7891974586223,1398.779572500839,139,61
phase2a_semantic_primary_215_w9_r14_lb10_sym_1hatr_sl2p15_tp2p15_fee04,2.15,9,14,10,211,-309.18094346863336,0.9816994666458462,53.08056872037915,-23.395456908663792,1.0456840200312572,0.9000417080742754,432.7361478060933,-741.9170912747267,99,51
phase2a_semantic_primary_215_w9_r14_lb20_sym_1hatr_sl2p15_tp2p15_fee04,2.15,9,14,20,237,-346.0766565907535,0.9822371427944653,53.58649789029536,-23.439327930762587,1.0045848056938762,0.9499828130394184,52.76670141861173,-398.84335800936526,110,53
phase2a_semantic_primary_215_w9_r14_lb35_sym_1hatr_sl2p15_tp2p15_fee04,2.15,9,14,35,258,-82.55914824171265,0.9960242631242563,54.263565891472865,-22.52824316396148,1.0691297992945237,0.8932021442763775,839.0064526192108,-921.5656008609235,118,55
phase2a_semantic_primary_215_w11_r8_lb10_sym_1hatr_sl2p15_tp2p15_fee04,2.15,11,8,10,204,3567.6542934604167,1.1897076702501066,56.86274509803921,-20.926434911146462,1.1510864526731839,1.2337399914085685,1513.6780949467386,2053.9761985136784,88,48
phase2a_semantic_primary_215_w11_r8_lb20_sym_1hatr_sl2p15_tp2p15_fee04,2.15,11,8,20,204,3567.6542934604167,1.1897076702501066,56.86274509803921,-20.926434911146462,1.1510864526731839,1.2337399914085685,1513.6780949467386,2053.9761985136784,88,48
phase2a_semantic_primary_215_w11_r8_lb35_sym_1hatr_sl2p15_tp2p15_fee04,2.15,11,8,35,204,3567.6542934604167,1.1897076702501066,56.86274509803921,-20.926434911146462,1.1510864526731839,1.2337399914085685,1513.6780949467386,2053.9761985136784,88,48
phase2a_semantic_primary_215_w11_r10_lb10_sym_1hatr_sl2p15_tp2p15_fee04,2.15,11,10,10,204,3567.6542934604167,1.1897076702501066,56.86274509803921,-20.926434911146462,1.1510864526731839,1.2337399914085685,1513.6780949467386,2053.9761985136784,88,48
phase2a_semantic_primary_215_w11_r10_lb20_sym_1hatr_sl2p15_tp2p15_fee04,2.15,11,10,20,204,3567.6542934604167,1.1897076702501066,56.86274509803921,-20.926434911146462,1.1510864526731839,1.2337399914085685,1513.6780949467386,2053.9761985136784,88,48
phase2a_semantic_primary_215_w11_r10_lb35_sym_1hatr_sl2p15_tp2p15_fee04,2.15,11,10,35,204,3567.6542934604167,1.1897076702501066,56.86274509803921,-20.926434911146462,1.1510864526731839,1.2337399914085685,1513.6780949467386,2053.9761985136784,88,48
phase2a_semantic_primary_215_w11_r12_lb10_sym_1hatr_sl2p15_tp2p15_fee04,2.15,11,12,10,197,4088.0166949111863,1.2179238407692008,57.868020304568525,-20.34381371580478,1.2139675510904966,1.2222639283045622,2099.7414969540755,1988.2751979571105,83,45
phase2a_semantic_primary_215_w11_r12_lb20_sym_1hatr_sl2p15_tp2p15_fee04,2.15,11,12,20,200,3812.0303071275575,1.2024903895381285,57.49999999999999,-20.347332172614262,1.1835503683033415,1.2240272260752558,1838.5790631162497,1973.451244011308,85,46
phase2a_semantic_primary_215_w11_r12_lb35_sym_1hatr_sl2p15_tp2p15_fee04,2.15,11,12,35,203,3190.5307400602005,1.1700465015798922,56.65024630541872,-20.926434911146462,1.1531834415043696,1.1892378621842514,1529.86918962784,1660.6615504323606,88,48
phase2a_semantic_primary_215_w11_r14_lb10_sym_1hatr_sl2p15_tp2p15_fee04,2.15,11,14,10,168,1254.954268191191,1.0864402594562708,54.761904761904766,-21.16411671255688,1.1176470703912003,1.0494453544410667,926.4875125941254,328.46675559706557,76,45
phase2a_semantic_primary_215_w11_r14_lb20_sym_1hatr_sl2p15_tp2p15_fee04,2.15,11,14,20,176,2833.1637499601275,1.1756344734854585,56.81818181818182,-20.225822264167693,1.2321719375834306,1.1072853704871561,2049.6925877274252,783.4711622327021,76,44
phase2a_semantic_primary_215_w11_r14_lb35_sym_1hatr_sl2p15_tp2p15_fee04,2.15,11,14,35,184,2832.2599346417032,1.172176940184937,56.52173913043478,-20.809306472462186,1.242165833444376,1.0861054354823405,2197.0385548696954,635.2213797720082,80,46
phase2a_semantic_upper_235_w9_r8_lb10_sym_1hatr_sl2p35_tp2p35_fee04,2.35,9,8,10,360,3462.523198316544,1.0869065047474422,55.833333333333336,-22.22069893775549,1.1130750867969468,1.0613955548013216,2223.9007256382415,1238.6224726783025,159,64
phase2a_semantic_upper_235_w9_r8_lb20_sym_1hatr_sl2p35_tp2p35_fee04,2.35,9,8,20,360,3462.523198316544,1.0869065047474422,55.833333333333336,-22.22069893775549,1.1130750867969468,1.0613955548013216,2223.9007256382415,1238.6224726783025,159,64
phase2a_semantic_upper_235_w9_r8_lb35_sym_1hatr_sl2p35_tp2p35_fee04,2.35,9,8,35,360,3462.523198316544,1.0869065047474422,55.833333333333336,-22.22069893775549,1.1130750867969468,1.0613955548013216,2223.9007256382415,1238.6224726783025,159,64
phase2a_semantic_upper_235_w9_r10_lb10_sym_1hatr_sl2p35_tp2p35_fee04,2.35,9,10,10,348,4061.551249746445,1.1101302647147187,55.74712643678161,-21.937931634377094,1.0896982046147878,1.1317948435365828,1702.440071367788,2359.111178378657,154,61
phase2a_semantic_upper_235_w9_r10_lb20_sym_1hatr_sl2p35_tp2p35_fee04,2.35,9,10,20,350,3878.0095235021276,1.101670821652316,55.714285714285715,-21.937931634376906,1.105136083781326,1.0981360375010747,2025.0060340587809,1853.0034894433468,155,61
phase2a_semantic_upper_235_w9_r10_lb35_sym_1hatr_sl2p35_tp2p35_fee04,2.35,9,10,35,352,3692.0185806337645,1.097327393625211,55.68181818181818,-21.93793163437634,1.095403897494127,1.099309208313499,1836.548238862278,1855.4703417714866,156,62
phase2a_semantic_upper_235_w9_r12_lb10_sym_1hatr_sl2p35_tp2p35_fee04,2.35,9,12,10,283,1988.5959388304882,1.069074359653854,55.12367491166078,-25.686609479822387,1.0427976755339592,1.104104310995801,704.0150025638721,1284.5809362666162,127,53
phase2a_semantic_upper_235_w9_r12_lb20_sym_1hatr_sl2p35_tp2p35_fee04,2.35,9,12,20,299,4274.044409972947,1.1280592927828055,55.51839464882943,-19.714788508318705,1.0655707339000957,1.21050478568671,1244.8999834259248,3029.1444265470222,133,55
phase2a_semantic_upper_235_w9_r12_lb35_sym_1hatr_sl2p35_tp2p35_fee04,2.35,9,12,35,318,3938.1608588339964,1.1162818648339043,55.9748427672956,-19.714788508318705,1.1031253970111132,1.1322022089945116,1912.2856261173574,2025.8752327166392,140,58
phase2a_semantic_upper_235_w9_r14_lb10_sym_1hatr_sl2p35_tp2p35_fee04,2.35,9,14,10,209,-460.76125027385314,0.9750868546298492,53.110047846889955,-25.874184871999905,1.0458780909243204,0.8851156221814642,474.86671169160593,-935.627961965459,98,46
phase2a_semantic_upper_235_w9_r14_lb20_sym_1hatr_sl2p35_tp2p35_fee04,2.35,9,14,20,235,-601.3686701138923,0.9717731952062418,53.191489361702125,-26.337274716334058,0.9971890613652882,0.9350913115780725,-35.375795048049426,-565.9928750658429,110,49
phase2a_semantic_upper_235_w9_r14_lb35_sym_1hatr_sl2p35_tp2p35_fee04,2.35,9,14,35,256,-423.9418288777569,0.9812744021782099,53.515625,-25.706461343913347,1.053338293167386,0.8794427145255761,707.1378647816501,-1131.079693659407,119,52
phase2a_semantic_upper_235_w11_r8_lb10_sym_1hatr_sl2p35_tp2p35_fee04,2.35,11,8,10,203,3934.3138007704406,1.1871471309203296,56.65024630541872,-25.02150440364821,1.160238276367567,1.217452691256743,1784.30439381677,2150.009406953671,88,45
phase2a_semantic_upper_235_w11_r8_lb20_sym_1hatr_sl2p35_tp2p35_fee04,2.35,11,8,20,203,3934.3138007704406,1.1871471309203296,56.65024630541872,-25.02150440364821,1.160238276367567,1.217452691256743,1784.30439381677,2150.009406953671,88,45
phase2a_semantic_upper_235_w11_r8_lb35_sym_1hatr_sl2p35_tp2p35_fee04,2.35,11,8,35,203,3934.3138007704406,1.1871471309203296,56.65024630541872,-25.02150440364821,1.160238276367567,1.217452691256743,1784.30439381677,2150.009406953671,88,45
phase2a_semantic_upper_235_w11_r10_lb10_sym_1hatr_sl2p35_tp2p35_fee04,2.35,11,10,10,203,3934.3138007704406,1.1871471309203296,56.65024630541872,-25.02150440364821,1.160238276367567,1.217452691256743,1784.30439381677,2150.009406953671,88,45
phase2a_semantic_upper_235_w11_r10_lb20_sym_1hatr_sl2p35_tp2p35_fee04,2.35,11,10,20,203,3934.3138007704406,1.1871471309203296,56.65024630541872,-25.02150440364821,1.160238276367567,1.217452691256743,1784.30439381677,2150.009406953671,88,45
phase2a_semantic_upper_235_w11_r10_lb35_sym_1hatr_sl2p35_tp2p35_fee04,2.35,11,10,35,203,3934.3138007704406,1.1871471309203296,56.65024630541872,-25.02150440364821,1.160238276367567,1.217452691256743,1784.30439381677,2150.009406953671,88,45
phase2a_semantic_upper_235_w11_r12_lb10_sym_1hatr_sl2p35_tp2p35_fee04,2.35,11,12,10,196,4311.636866549699,1.205158874575288,57.14285714285714,-23.614836144166773,1.2219948615521226,1.1870815660742675,2415.670614804114,1895.9662517455854,84,43
phase2a_semantic_upper_235_w11_r12_lb20_sym_1hatr_sl2p35_tp2p35_fee04,2.35,11,12,20,199,4008.6450152880157,1.1902674487678315,56.78391959798995,-24.95330092406639,1.1909685907471361,1.1894861133367918,2120.5302961055927,1888.114719182423,86,44
phase2a_semantic_upper_235_w11_r12_lb35_sym_1hatr_sl2p35_tp2p35_fee04,2.35,11,12,35,202,3510.9644232527185,1.1674329668816792,56.43564356435643,-25.02150440364821,1.1625720555479606,1.1728965552863793,1804.0156877099387,1706.94873554278,88,45
phase2a_semantic_upper_235_w11_r14_lb10_sym_1hatr_sl2p35_tp2p35_fee04,2.35,11,14,10,167,1523.2892357561816,1.094565844880428,55.08982035928144,-24.447058567598777,1.1444096184321146,1.0367350005504288,1249.3680065261697,273.92122923001193,75,41
phase2a_semantic_upper_235_w11_r14_lb20_sym_1hatr_sl2p35_tp2p35_fee04,2.35,11,14,20,175,3145.8518555727,1.174066009570558,56.57142857142857,-22.09534808899306,1.2417565592461701,1.0933068562618424,2376.9222923628863,768.9295632098139,76,41
phase2a_semantic_upper_235_w11_r14_lb35_sym_1hatr_sl2p35_tp2p35_fee04,2.35,11,14,35,183,3337.607497403405,1.1810710893250622,56.830601092896174,-23.529998426538455,1.253779026105387,1.0918710402646088,2577.1440696866,760.463427716805,79,42
phase2a_transition_245_w9_r8_lb10_sym_1hatr_sl2p45_tp2p45_fee04,2.45,9,8,10,360,4483.573444358731,1.1067653133018673,56.388888888888886,-22.163255564610918,1.1701061498865521,1.0475347953851075,3451.999063463209,1031.5743808955217,157,62
phase2a_transition_245_w9_r8_lb20_sym_1hatr_sl2p45_tp2p45_fee04,2.45,9,8,20,360,4483.573444358731,1.1067653133018673,56.388888888888886,-22.163255564610918,1.1701061498865521,1.0475347953851075,3451.999063463209,1031.5743808955217,157,62
phase2a_transition_245_w9_r8_lb35_sym_1hatr_sl2p45_tp2p45_fee04,2.45,9,8,35,360,4483.573444358731,1.1067653133018673,56.388888888888886,-22.163255564610918,1.1701061498865521,1.0475347953851075,3451.999063463209,1031.5743808955217,157,62
phase2a_transition_245_w9_r10_lb10_sym_1hatr_sl2p45_tp2p45_fee04,2.45,9,10,10,348,5151.638616053605,1.1329583461482553,56.32183908045977,-22.576012783154688,1.1448810254873647,1.1207790194109857,2836.68679401698,2314.9518220366244,152,59
phase2a_transition_245_w9_r10_lb20_sym_1hatr_sl2p45_tp2p45_fee04,2.45,9,10,20,350,4945.58891384468,1.1232517719645756,56.285714285714285,-22.57601278315323,1.1613152033306726,1.085922364610046,3204.949136728234,1740.6397771164463,153,59
phase2a_transition_245_w9_r10_lb35_sym_1hatr_sl2p45_tp2p45_fee04,2.45,9,10,35,352,4737.857335040859,1.118785595470276,56.25,-22.576012783151477,1.1510177658566583,1.0868567518895065,2997.493235839658,1740.3640992012006,154,60
phase2a_transition_245_w9_r12_lb10_sym_1hatr_sl2p45_tp2p45_fee04,2.45,9,12,10,283,2813.206006983193,1.0934018087834025,55.830388692579504,-26.386091204447325,1.1052504811433155,1.0783810075423634,1772.1655116541988,1041.0404953289942,125,51
phase2a_transition_245_w9_r12_lb20_sym_1hatr_sl2p45_tp2p45_fee04,2.45,9,12,20,299,5374.525351378222,1.152983023616922,56.187290969899664,-20.360026423965838,1.1261953935223517,1.1866724428901743,2469.694920582068,2904.8304307961535,131,53
phase2a_transition_245_w9_r12_lb35_sym_1hatr_sl2p45_tp2p45_fee04,2.45,9,12,35,318,5004.865390500856,1.140646378065501,56.60377358490566,-20.360026423965838,1.1623311875081923,1.1154899115315209,3102.321035593035,1902.544354907821,138,56
phase2a_transition_245_w9_r14_lb10_sym_1hatr_sl2p45_tp2p45_fee04,2.45,9,14,10,209,-709.7658338940007,0.9624398424685884,53.110047846889955,-26.706074688549087,1.0591328119789265,0.8432613616036573,616.9057985364907,-1326.6716324304914,98,45
phase2a_transition_245_w9_r14_lb20_sym_1hatr_sl2p45_tp2p45_fee04,2.45,9,14,20,235,-482.13658597595247,0.9782251285212142,53.61702127659574,-27.102221295538122,1.0373659231223142,0.8970023257803107,478.75539977014256,-960.8919857460951,109,47
phase2a_transition_245_w9_r14_lb35_sym_1hatr_sl2p45_tp2p45_fee04,2.45,9,14,35,256,-288.62090613271596,0.9877337034071217,53.90625,-26.421834216924832,1.0923211792680236,0.846436763715054,1248.295542894103,-1536.9164490268188,118,50
phase2a_transition_245_w11_r8_lb10_sym_1hatr_sl2p45_tp2p45_fee04,2.45,11,8,10,203,3787.3408094067404,1.1747740088445884,56.65024630541872,-25.83494815114825,1.1756972106289194,1.1737628029798517,1990.2791125489543,1797.0616968577858,88,44
phase2a_transition_245_w11_r8_lb20_sym_1hatr_sl2p45_tp2p45_fee04,2.45,11,8,20,203,3787.3408094067404,1.1747740088445884,56.65024630541872,-25.83494815114825,1.1756972106289194,1.1737628029798517,1990.2791125489543,1797.0616968577858,88,44
phase2a_transition_245_w11_r8_lb35_sym_1hatr_sl2p45_tp2p45_fee04,2.45,11,8,35,203,3787.3408094067404,1.1747740088445884,56.65024630541872,-25.83494815114825,1.1756972106289194,1.1737628029798517,1990.2791125489543,1797.0616968577858,88,44
phase2a_transition_245_w11_r10_lb10_sym_1hatr_sl2p45_tp2p45_fee04,2.45,11,10,10,203,3787.3408094067404,1.1747740088445884,56.65024630541872,-25.83494815114825,1.1756972106289194,1.1737628029798517,1990.2791125489543,1797.0616968577858,88,44
phase2a_transition_245_w11_r10_lb20_sym_1hatr_sl2p45_tp2p45_fee04,2.45,11,10,20,203,3787.3408094067404,1.1747740088445884,56.65024630541872,-25.83494815114825,1.1756972106289194,1.1737628029798517,1990.2791125489543,1797.0616968577858,88,44
phase2a_transition_245_w11_r10_lb35_sym_1hatr_sl2p45_tp2p45_fee04,2.45,11,10,35,203,3787.3408094067404,1.1747740088445884,56.65024630541872,-25.83494815114825,1.1756972106289194,1.1737628029798517,1990.2791125489543,1797.0616968577858,88,44
phase2a_transition_245_w11_r12_lb10_sym_1hatr_sl2p45_tp2p45_fee04,2.45,11,12,10,196,4173.782778360487,1.192326790084704,57.14285714285714,-24.384791708223585,1.2378133220516943,1.1448079288818493,2636.84213764121,1536.9406407192769,84,42
phase2a_transition_245_w11_r12_lb20_sym_1hatr_sl2p45_tp2p45_fee04,2.45,11,12,20,199,3862.498045430622,1.1776587626783621,56.78391959798995,-25.76748461297904,1.2064482137559542,1.146450216373657,2334.6917793978805,1527.8062660327419,86,43
phase2a_transition_245_w11_r12_lb35_sym_1hatr_sl2p45_tp2p45_fee04,2.45,11,12,35,202,3350.7006728956303,1.15503371971565,56.43564356435643,-25.83494815114825,1.1782159809875297,1.1296962848373757,2011.4103671946662,1339.2903057009644,88,44
phase2a_transition_245_w11_r14_lb10_sym_1hatr_sl2p45_tp2p45_fee04,2.45,11,14,10,167,1300.0551652295549,1.078427186743782,55.08982035928144,-25.250526201257028,1.1635264261499203,0.9832083190401342,1431.4189514150992,-131.36378618554428,75,40
phase2a_transition_245_w11_r14_lb20_sym_1hatr_sl2p45_tp2p45_fee04,2.45,11,14,20,175,2965.953765247015,1.1589525553837223,56.57142857142857,-22.818300974203652,1.2597674610444487,1.0426323646919353,2596.6098001897913,369.3439650572235,76,40
phase2a_transition_245_w11_r14_lb35_sym_1hatr_sl2p45_tp2p45_fee04,2.45,11,14,35,183,3166.880284422546,1.166456961688953,56.830601092896174,-24.29849974170676,1.2713697886330588,1.041911475227914,2802.304832151988,364.57545227055766,79,41
