candidate_id,favorite_id,run_kind,adx,profile,trades,pnl,pf,wr,dd_abs,long_trades,short_trades,long_pnl,short_pnl,long_pf,short_pf,gap,high_mfe_high,high_mfe_low,signal_exit_winners,signal_exit_giveback_failures,sl_low_mfe,sl_bad,branch,setup
phase3b_old_strict_base_6_14_initial_control_fee04,old_strict_base_6_14,initial,,initial_control,138,2639.3666259281977,1.357132147028444,40.57971014492754,11.175043077104775,80,58,1041.1752216140958,1598.1914043141019,1.223430578011057,1.5853111909017177,0.36188061289066065,25.0,2.0,,,52.0,82.0,historical_strict,base w12/r14/lb20 + base SL6/TP14
phase3b_old_strict_base_6_14_adx40_runner_no_signal_fee04,old_strict_base_6_14,managed,40.0,runner_no_signal,11,-639.219571428573,0.20409644410770098,18.181818181818183,6.3921957142857195,8,3,-563.460600000001,-75.75897142857195,0.17580159813517715,0.36598156548918626,0.1901799673540091,,,,,,,historical_strict,base w12/r14/lb20 + base SL6/TP14
phase3b_old_strict_base_6_14_adx40_runner_rsi85_15_fee04,old_strict_base_6_14,managed,40.0,runner_rsi85_15,138,13544.106285714455,1.454910874634555,38.405797101449274,38.50514363601385,80,58,9735.89204000011,3808.2142457143455,1.5504790187424087,1.3150700715728403,0.2354089471695684,,,,,,,historical_strict,base w12/r14/lb20 + base SL6/TP14
phase3b_old_strict_base_6_14_adx40_runner_rsi90_10_fee04,old_strict_base_6_14,managed,40.0,runner_rsi90_10,135,16788.943857143022,1.558449728986174,36.2962962962963,31.258767761846784,78,57,5834.834640000102,10954.10921714292,1.3178569838502217,1.9357135714009812,0.6178565875507596,,,,,,,historical_strict,base w12/r14/lb20 + base SL6/TP14
phase3b_old_strict_base_6_14_adx40_runner_ema100_200_fee04,old_strict_base_6_14,managed,40.0,runner_ema100_200,134,12870.18172000017,1.4896511026064352,41.04477611940299,30.244393371186973,77,57,5510.981320000111,7359.20040000006,1.3334187209209685,1.7543501354300006,0.42093141450903215,,,,,,,historical_strict,base w12/r14/lb20 + base SL6/TP14
phase3b_old_strict_base_6_14_adx40_runner_rsi85_15_plus_ema100_200_fee04,old_strict_base_6_14,managed,40.0,runner_rsi85_15_plus_ema100_200,138,10759.69278857159,1.3911125416227146,40.57971014492754,38.27359036607556,80,58,4861.114160000106,5898.578628571484,1.2797827105514603,1.5819507667670278,0.3021680562155675,,,,,,,historical_strict,base w12/r14/lb20 + base SL6/TP14
phase3b_old_strict_base_6_14_adx40_runner_rsi90_10_plus_ema100_200_fee04,old_strict_base_6_14,managed,40.0,runner_rsi90_10_plus_ema100_200,135,13656.088800000172,1.5106092225674042,40.74074074074074,30.70493383940124,78,57,3534.2838000001125,10121.80500000006,1.2080334827007666,2.037529155007933,0.8294956723071663,,,,,,,historical_strict,base w12/r14/lb20 + base SL6/TP14
phase3b_old_strict_base_6_14_adx45_runner_no_signal_fee04,old_strict_base_6_14,managed,45.0,runner_no_signal,63,-4610.501154285721,0.6806709959110065,30.158730158730158,57.77563948833969,40,23,-2529.528479999994,-2080.9726742857274,0.6950979050035049,0.6611837572053748,0.03391414779813007,,,,,,,historical_strict,base w12/r14/lb20 + base SL6/TP14
phase3b_old_strict_base_6_14_adx45_runner_rsi85_15_fee04,old_strict_base_6_14,managed,45.0,runner_rsi85_15,139,9799.17318857162,1.3306407131646583,39.568345323741006,37.77148859125794,80,59,7186.012400000123,2613.1607885714966,1.406305764111863,1.2186616558193768,0.18764410829248623,,,,,,,historical_strict,base w12/r14/lb20 + base SL6/TP14
phase3b_old_strict_base_6_14_adx45_runner_rsi90_10_fee04,old_strict_base_6_14,managed,45.0,runner_rsi90_10,138,14964.704640000196,1.5084235979644185,39.130434782608695,33.73125863998758,80,58,5329.198280000124,9635.506360000072,1.2983368782915208,1.8327638622590918,0.534426983967571,,,,,,,historical_strict,base w12/r14/lb20 + base SL6/TP14
phase3b_old_strict_base_6_14_adx45_runner_ema100_200_fee04,old_strict_base_6_14,managed,45.0,runner_ema100_200,137,13078.079805714502,1.4790401453327837,40.14598540145985,33.460511245177535,79,58,4420.807440000147,8657.272365714356,1.2535343522743827,1.8776747780780048,0.6241404258036221,,,,,,,historical_strict,base w12/r14/lb20 + base SL6/TP14
phase3b_old_strict_base_6_14_adx45_runner_rsi85_15_plus_ema100_200_fee04,old_strict_base_6_14,managed,45.0,runner_rsi85_15_plus_ema100_200,139,8764.417154285924,1.3114455840701709,39.568345323741006,37.77148859125794,80,59,4185.313160000143,4579.10399428578,1.2338552572006354,1.447000783616017,0.21314552641538165,,,,,,,historical_strict,base w12/r14/lb20 + base SL6/TP14
phase3b_old_strict_base_6_14_adx45_runner_rsi90_10_plus_ema100_200_fee04,old_strict_base_6_14,managed,45.0,runner_rsi90_10_plus_ema100_200,138,11900.0787257145,1.4286633388233159,39.85507246376812,33.73125863998758,80,58,3097.7483600001437,8802.330365714355,1.1730873441906688,1.89238076659035,0.7192934223996812,,,,,,,historical_strict,base w12/r14/lb20 + base SL6/TP14
phase3b_old_strict_base_5_20_initial_control_fee04,old_strict_base_5_20,initial,,initial_control,139,2601.358244188775,1.3428646140792133,29.496402877697843,14.578558941103026,80,59,1993.7972097456748,607.5610344431004,1.4453110955153152,1.195368777660629,0.24994231785468624,28.0,8.0,,,55.0,98.0,historical_strict_runner,base w12/r14/lb20 + base SL5/TP20
phase3b_old_strict_base_5_20_adx40_runner_no_signal_fee04,old_strict_base_5_20,managed,40.0,runner_no_signal,11,-530.5185142857173,0.24783897206558944,9.090909090909092,5.30518514285715,8,3,-403.31040000000144,-127.20811428571585,0.30237308118624895,0.0,0.30237308118624895,,,,,,,historical_strict_runner,base w12/r14/lb20 + base SL5/TP20
phase3b_old_strict_base_5_20_adx40_runner_rsi85_15_fee04,old_strict_base_5_20,managed,40.0,runner_rsi85_15,138,10293.959445714412,1.3411723080616904,29.71014492753623,52.20143262751573,80,58,7723.590140000075,2570.3693057143378,1.445852252546583,1.2000425506642125,0.2458097018823704,,,,,,,historical_strict_runner,base w12/r14/lb20 + base SL5/TP20
phase3b_old_strict_base_5_20_adx40_runner_rsi90_10_fee04,old_strict_base_5_20,managed,40.0,runner_rsi90_10,136,14128.118920000126,1.4597371534787655,26.47058823529412,49.755753546438164,78,58,4453.216080000071,9674.902840000055,1.2509995723711442,1.7448572936846778,0.49385772131353356,,,,,,,historical_strict_runner,base w12/r14/lb20 + base SL5/TP20
phase3b_old_strict_base_5_20_adx40_runner_ema100_200_fee04,old_strict_base_5_20,managed,40.0,runner_ema100_200,135,11809.802385714438,1.4216354475935713,28.888888888888886,57.61689368817515,77,58,2666.905120000099,9142.89726571434,1.160567779583424,1.8019879141568285,0.6414201345734045,,,,,,,historical_strict_runner,base w12/r14/lb20 + base SL5/TP20
phase3b_old_strict_base_5_20_adx40_runner_rsi85_15_plus_ema100_200_fee04,old_strict_base_5_20,managed,40.0,runner_rsi85_15_plus_ema100_200,138,7145.915851428728,1.2530029684720256,31.15942028985507,51.90858803782188,80,58,2847.5484800001004,4298.367371428628,1.167661398300406,1.3817218068878598,0.2140604085874538,,,,,,,historical_strict_runner,base w12/r14/lb20 + base SL5/TP20
phase3b_old_strict_base_5_20_adx40_runner_rsi90_10_plus_ema100_200_fee04,old_strict_base_5_20,managed,40.0,runner_rsi90_10_plus_ema100_200,136,10204.59512571445,1.3633091398374872,29.411764705882355,48.46640601719846,78,58,1664.8390200001045,8539.756105714345,1.099764923562025,1.74908215498742,0.649317231425395,,,,,,,historical_strict_runner,base w12/r14/lb20 + base SL5/TP20
phase3b_old_strict_base_5_20_adx45_runner_no_signal_fee04,old_strict_base_5_20,managed,45.0,runner_no_signal,11,-439.41065714285935,0.35363195269569675,18.181818181818183,4.816220571428587,8,3,-403.31040000000144,-36.10025714285791,0.30237308118624895,0.6450226119125984,0.3426495307263494,,,,,,,historical_strict_runner,base w12/r14/lb20 + base SL5/TP20
phase3b_old_strict_base_5_20_adx45_runner_rsi85_15_fee04,old_strict_base_5_20,managed,45.0,runner_rsi85_15,139,9791.917048571548,1.3276975500350592,30.215827338129497,49.26222333641983,80,59,7332.917900000101,2458.999148571446,1.4233002922464981,1.1958152093134224,0.22748508293307568,,,,,,,historical_strict_runner,base w12/r14/lb20 + base SL5/TP20
phase3b_old_strict_base_5_20_adx45_runner_rsi90_10_fee04,old_strict_base_5_20,managed,45.0,runner_rsi90_10,138,16079.99092857155,1.537732681456456,29.71014492753623,46.56203739221737,79,59,6708.227780000105,9371.763148571446,1.386740260647104,1.7462929638017395,0.3595527031546355,,,,,,,historical_strict_runner,base w12/r14/lb20 + base SL5/TP20
phase3b_old_strict_base_5_20_adx45_runner_ema100_200_fee04,old_strict_base_5_20,managed,45.0,runner_ema100_200,137,17728.764000000145,1.619824463634958,29.927007299270077,45.25582724310569,78,59,4756.947120000122,12971.816880000022,1.2730536370003107,2.1601051835575884,0.8870515465572777,,,,,,,historical_strict_runner,base w12/r14/lb20 + base SL5/TP20
phase3b_old_strict_base_5_20_adx45_runner_rsi85_15_plus_ema100_200_fee04,old_strict_base_5_20,managed,45.0,runner_rsi85_15_plus_ema100_200,139,8426.686020000141,1.293453265214447,30.215827338129497,49.26222333641983,80,59,4332.218660000122,4094.4673600000197,1.247075161846516,1.3661794529004612,0.11910429105394527,,,,,,,historical_strict_runner,base w12/r14/lb20 + base SL5/TP20
phase3b_old_strict_base_5_20_adx45_runner_rsi90_10_plus_ema100_200_fee04,old_strict_base_5_20,managed,45.0,runner_rsi90_10_plus_ema100_200,138,12606.71002000014,1.4395448811127942,30.434782608695656,45.99002165436254,79,59,4305.560660000122,8301.14936000002,1.2460363451780323,1.7423945690190594,0.4963582238410271,,,,,,,historical_strict_runner,base w12/r14/lb20 + base SL5/TP20
phase3b_old_relaxed_base_4_10_initial_control_fee04,old_relaxed_base_4_10,initial,,initial_control,357,2285.663873551711,1.1215288368116865,34.73389355742297,19.89512993301126,202,155,2451.7888303712675,-166.1249568195567,1.2484170540694675,0.9814135005188607,0.2670035535506068,41.0,11.0,,,143.0,233.0,historical_relaxed,base w9/r10/lb20 + base SL4/TP10
phase3b_old_relaxed_base_4_10_adx40_runner_no_signal_fee04,old_relaxed_base_4_10,managed,40.0,runner_no_signal,121,-3302.387257142879,0.847990670875398,27.27272727272727,43.03519059653645,71,50,4966.145799999987,-8268.533057142866,1.4522458437495855,0.23039191178673837,1.2218539319628472,,,,,,,historical_relaxed,base w9/r10/lb20 + base SL4/TP10
phase3b_old_relaxed_base_4_10_adx40_runner_rsi85_15_fee04,old_relaxed_base_4_10,managed,40.0,runner_rsi85_15,356,10367.798354285862,1.1287992786143777,33.70786516853933,50.41057705874685,201,155,10553.123560000207,-185.32520571434443,1.2434584133899933,0.9950113083637606,0.24844710502623268,,,,,,,historical_relaxed,base w9/r10/lb20 + base SL4/TP10
phase3b_old_relaxed_base_4_10_adx40_runner_rsi90_10_fee04,old_relaxed_base_4_10,managed,40.0,runner_rsi90_10,352,21734.806291428704,1.2677010867451708,32.67045454545455,55.440355613272885,198,154,14271.763200000189,7463.043091428514,1.32225184714383,1.2022342013707537,0.12001764577307639,,,,,,,historical_relaxed,base w9/r10/lb20 + base SL4/TP10
phase3b_old_relaxed_base_4_10_adx40_runner_ema100_200_fee04,old_relaxed_base_4_10,managed,40.0,runner_ema100_200,347,8292.268074285852,1.1058874642593677,33.71757925072046,42.20334683598702,196,151,6723.296600000208,1568.971474285644,1.1574090179255987,1.0440724627607343,0.1133365551648644,,,,,,,historical_relaxed,base w9/r10/lb20 + base SL4/TP10
phase3b_old_relaxed_base_4_10_adx40_runner_rsi85_15_plus_ema100_200_fee04,old_relaxed_base_4_10,managed,40.0,runner_rsi85_15_plus_ema100_200,356,3483.986274285875,1.043588297214898,33.98876404494382,50.15598537047815,201,155,3056.266360000219,427.71991428565576,1.0704984246008753,1.0116936429123626,0.058804781688512664,,,,,,,historical_relaxed,base w9/r10/lb20 + base SL4/TP10
phase3b_old_relaxed_base_4_10_adx40_runner_rsi90_10_plus_ema100_200_fee04,old_relaxed_base_4_10,managed,40.0,runner_rsi90_10_plus_ema100_200,352,10949.993382857294,1.1388243723273157,33.80681818181818,52.8989578586712,198,154,5094.078600000208,5855.914782857086,1.118524395992809,1.1631290576009616,0.044604661608152574,,,,,,,historical_relaxed,base w9/r10/lb20 + base SL4/TP10
phase3b_old_relaxed_base_4_10_adx45_runner_no_signal_fee04,old_relaxed_base_4_10,managed,45.0,runner_no_signal,152,984.5267714285285,1.0339501446015629,30.92105263157895,51.0491669060022,90,62,5727.063999999985,-4742.537228571457,1.3822154897639998,0.6616178858051862,0.7205976039588136,,,,,,,historical_relaxed,base w9/r10/lb20 + base SL4/TP10
phase3b_old_relaxed_base_4_10_adx45_runner_rsi85_15_fee04,old_relaxed_base_4_10,managed,45.0,runner_rsi85_15,357,12017.486205714393,1.1499504018171511,34.45378151260504,47.982688746482935,202,155,9708.299720000177,2309.1864857142155,1.2249618953472137,1.0624310864629778,0.16253080888423588,,,,,,,historical_relaxed,base w9/r10/lb20 + base SL4/TP10
phase3b_old_relaxed_base_4_10_adx45_runner_rsi90_10_fee04,old_relaxed_base_4_10,managed,45.0,runner_rsi90_10,356,16242.128422857251,1.1999991635473275,33.70786516853933,51.0491669060022,202,154,7654.721480000175,8587.406942857075,1.1721349562910395,1.2337238571353288,0.06158890084428936,,,,,,,historical_relaxed,base w9/r10/lb20 + base SL4/TP10
phase3b_old_relaxed_base_4_10_adx45_runner_ema100_200_fee04,old_relaxed_base_4_10,managed,45.0,runner_ema100_200,354,5756.531497143003,1.0722508999648963,33.89830508474576,48.98922807866094,201,153,2735.0672800002126,3021.4642171427913,1.063069228095954,1.0832174264526457,0.020148198356691793,,,,,,,historical_relaxed,base w9/r10/lb20 + base SL4/TP10
phase3b_old_relaxed_base_4_10_adx45_runner_rsi85_15_plus_ema100_200_fee04,old_relaxed_base_4_10,managed,45.0,runner_rsi85_15_plus_ema100_200,357,6740.7977257144175,1.0838888888439306,34.173669467787114,47.982688746482935,202,155,4431.611240000203,2309.1864857142155,1.102190648899922,1.0624310864629778,0.03975956243694423,,,,,,,historical_relaxed,base w9/r10/lb20 + base SL4/TP10
phase3b_old_relaxed_base_4_10_adx45_runner_rsi90_10_plus_ema100_200_fee04,old_relaxed_base_4_10,managed,45.0,runner_rsi90_10_plus_ema100_200,356,9880.812114285849,1.1240152282664506,34.26966292134831,48.98922807866094,202,154,3513.5786000002013,6367.233514285647,1.0810212939831076,1.1753668912163873,0.09434559723327962,,,,,,,historical_relaxed,base w9/r10/lb20 + base SL4/TP10
phase3b_old_relaxed_base_4_12_initial_control_fee04,old_relaxed_base_4_12,initial,,initial_control,354,2276.4292553301493,1.1175662556503296,31.07344632768362,20.168898943252945,199,155,2339.9816565246897,-63.55240119454082,1.2298685501959803,0.993079565573613,0.2367889846223673,42.0,17.0,,,143.0,244.0,historical_relaxed,base w9/r10/lb20 + base SL4/TP12
phase3b_old_relaxed_base_4_12_adx40_runner_no_signal_fee04,old_relaxed_base_4_12,managed,40.0,runner_no_signal,118,-7898.28548571428,0.6623949943556922,22.033898305084744,81.43493641226647,68,50,-124.16440000000455,-7774.121085714276,0.9901733960584428,0.2774653593864368,0.712708036672006,,,,,,,historical_relaxed,base w9/r10/lb20 + base SL4/TP12
phase3b_old_relaxed_base_4_12_adx40_runner_rsi85_15_fee04,old_relaxed_base_4_12,managed,40.0,runner_rsi85_15,352,13065.470777143035,1.155662084873055,30.113636363636363,56.777348302786756,197,155,15561.691400000218,-2496.2206228571836,1.3536575376984428,0.937489283107048,0.4161682545913947,,,,,,,historical_relaxed,base w9/r10/lb20 + base SL4/TP12
phase3b_old_relaxed_base_4_12_adx40_runner_rsi90_10_fee04,old_relaxed_base_4_12,managed,40.0,runner_rsi90_10,348,19614.891765714445,1.227424294046604,27.873563218390807,77.33480926618236,195,153,14255.056240000216,5359.835525714229,1.3074921554886725,1.1343690431071691,0.17312311238150335,,,,,,,historical_relaxed,base w9/r10/lb20 + base SL4/TP12
phase3b_old_relaxed_base_4_12_adx40_runner_ema100_200_fee04,old_relaxed_base_4_12,managed,40.0,runner_ema100_200,341,9293.511325714435,1.116039766423264,30.205278592375368,50.243318814668704,191,150,7088.280640000221,2205.230685714215,1.1627354711421105,1.0603644407119381,0.10237103043017237,,,,,,,historical_relaxed,base w9/r10/lb20 + base SL4/TP12
phase3b_old_relaxed_base_4_12_adx40_runner_rsi85_15_plus_ema100_200_fee04,old_relaxed_base_4_12,managed,40.0,runner_rsi85_15_plus_ema100_200,352,7674.773108571614,1.0934849606634867,30.96590909090909,49.741016248184486,197,155,9060.93560000023,-1386.1624914286167,1.209060346374148,0.9642327678890212,0.24482757848512682,,,,,,,historical_relaxed,base w9/r10/lb20 + base SL4/TP12
phase3b_old_relaxed_base_4_12_adx40_runner_rsi90_10_plus_ema100_200_fee04,old_relaxed_base_4_12,managed,40.0,runner_rsi90_10_plus_ema100_200,348,12573.831474285895,1.1535503042477997,30.17241379310345,66.55895334493718,195,153,5650.585120000237,6923.2463542856585,1.1277435848811816,1.1838669381524438,0.056123353271262166,,,,,,,historical_relaxed,base w9/r10/lb20 + base SL4/TP12
phase3b_old_relaxed_base_4_12_adx45_runner_no_signal_fee04,old_relaxed_base_4_12,managed,45.0,runner_no_signal,121,-4726.847257142862,0.7955665756188014,24.793388429752067,58.06761928267691,71,50,2864.9151999999867,-7591.762457142848,1.2307941073241593,0.2910460822298729,0.9397480250942865,,,,,,,historical_relaxed,base w9/r10/lb20 + base SL4/TP12
phase3b_old_relaxed_base_4_12_adx45_runner_rsi85_15_fee04,old_relaxed_base_4_12,managed,45.0,runner_rsi85_15,354,10882.014925714482,1.1298979988411677,31.07344632768362,57.054406055060205,199,155,14031.21092000027,-3149.195994285789,1.318875588606951,0.9208175519325842,0.3980580366743668,,,,,,,historical_relaxed,base w9/r10/lb20 + base SL4/TP12
phase3b_old_relaxed_base_4_12_adx45_runner_rsi90_10_fee04,old_relaxed_base_4_12,managed,45.0,runner_rsi90_10,352,17616.624417143055,1.2056168004697405,29.829545454545453,55.442649402803546,198,154,13317.58928000027,4299.035137142785,1.2912004405580975,1.1076277428342511,0.18357269772384632,,,,,,,historical_relaxed,base w9/r10/lb20 + base SL4/TP12
phase3b_old_relaxed_base_4_12_adx45_runner_ema100_200_fee04,old_relaxed_base_4_12,managed,45.0,runner_ema100_200,349,8988.271937143072,1.110603653912541,31.23209169054441,48.22505537423205,197,152,7882.469920000287,1105.8020171427843,1.1801356964626026,1.0294824832656335,0.15065321319696912,,,,,,,historical_relaxed,base w9/r10/lb20 + base SL4/TP12
phase3b_old_relaxed_base_4_12_adx45_runner_rsi85_15_plus_ema100_200_fee04,old_relaxed_base_4_12,managed,45.0,runner_rsi85_15_plus_ema100_200,354,7303.701577143071,1.088522231351812,31.35593220338983,49.910285454875655,199,155,9955.884560000291,-2652.1829828572218,1.2297092448791536,0.9322830720555662,0.2974261728235874,,,,,,,historical_relaxed,base w9/r10/lb20 + base SL4/TP12
phase3b_old_relaxed_base_4_12_adx45_runner_rsi90_10_plus_ema100_200_fee04,old_relaxed_base_4_12,managed,45.0,runner_rsi90_10_plus_ema100_200,352,12441.4355657145,1.1512736850468612,31.25,48.22505537423205,198,154,10377.80852000029,2063.6270457142105,1.2371609133277501,1.0536201523199116,0.18354076100783856,,,,,,,historical_relaxed,base w9/r10/lb20 + base SL4/TP12
phase3b_current_base_sharp_1h_2p15_2p15_initial_control_fee04,current_base_sharp_1h_2p15_2p15,initial,,initial_control,197,4088.0166949111863,1.2179238407692008,57.868020304568525,20.34381371580478,110,87,2099.7414969540755,1988.2751979571105,1.2139675510904966,1.2222639283045622,0.00829637721406562,45.0,5.0,,,45.0,83.0,current_symmetric,base w11/r12/lb10 + 1h SL2.15/TP2.15
phase3b_current_base_sharp_1h_2p15_2p15_adx40_runner_no_signal_fee04,current_base_sharp_1h_2p15_2p15,managed,40.0,runner_no_signal,14,-1352.6291500000002,0.2040626167027374,21.428571428571427,15.404744129213055,10,4,-849.5702300000017,-503.05891999999835,0.2898693339282157,0.0,0.2898693339282157,,,,,,,current_symmetric,base w11/r12/lb10 + 1h SL2.15/TP2.15
phase3b_current_base_sharp_1h_2p15_2p15_adx40_runner_rsi85_15_fee04,current_base_sharp_1h_2p15_2p15,managed,40.0,runner_rsi85_15,196,17917.06094742855,1.2887810040855077,55.61224489795919,32.71610227980991,110,86,8185.697523999946,9731.363423428602,1.2235220490796384,1.3827879672695542,0.15926591818991587,,,,,,,current_symmetric,base w11/r12/lb10 + 1h SL2.15/TP2.15
phase3b_current_base_sharp_1h_2p15_2p15_adx40_runner_rsi90_10_fee04,current_base_sharp_1h_2p15_2p15,managed,40.0,runner_rsi90_10,191,31801.32753499996,1.4757199720151488,52.879581151832454,19.85378388174435,107,84,13964.88411099995,17836.44342400001,1.3811496964165269,1.590415309005308,0.20926561258878107,,,,,,,current_symmetric,base w11/r12/lb10 + 1h SL2.15/TP2.15
phase3b_current_base_sharp_1h_2p15_2p15_adx40_runner_ema100_200_fee04,current_base_sharp_1h_2p15_2p15,managed,40.0,runner_ema100_200,185,2199.6321497142812,1.036222063201184,48.64864864864865,56.19060620055794,102,83,2467.750771999971,-268.1186222856899,1.0746619212168873,0.9903115241539406,0.08435039706294667,,,,,,,current_symmetric,base w11/r12/lb10 + 1h SL2.15/TP2.15
phase3b_current_base_sharp_1h_2p15_2p15_adx40_runner_rsi85_15_plus_ema100_200_fee04,current_base_sharp_1h_2p15_2p15,managed,40.0,runner_rsi85_15_plus_ema100_200,196,11476.387370857141,1.190853471541542,52.55102040816326,30.587833714124567,110,86,3591.655518999978,7884.731851857163,1.1019417492806138,1.3166622676943562,0.2147205184137424,,,,,,,current_symmetric,base w11/r12/lb10 + 1h SL2.15/TP2.15
phase3b_current_base_sharp_1h_2p15_2p15_adx40_runner_rsi90_10_plus_ema100_200_fee04,current_base_sharp_1h_2p15_2p15,managed,40.0,runner_rsi90_10_plus_ema100_200,192,8387.512762999997,1.1369168124904105,49.47916666666667,46.4165244240553,107,85,1582.8103509999805,6804.702412000016,1.0467547865406068,1.248288096566694,0.2015333100260872,,,,,,,current_symmetric,base w11/r12/lb10 + 1h SL2.15/TP2.15
phase3b_current_base_sharp_1h_2p15_2p15_adx45_runner_no_signal_fee04,current_base_sharp_1h_2p15_2p15,managed,45.0,runner_no_signal,62,-8595.008120714307,0.5013595506236919,40.32258064516129,86.99320673624133,40,22,-9391.37535000001,796.3672292857023,0.27080347781082353,1.1827447449775161,0.9119412671666927,,,,,,,current_symmetric,base w11/r12/lb10 + 1h SL2.15/TP2.15
phase3b_current_base_sharp_1h_2p15_2p15_adx45_runner_rsi85_15_fee04,current_base_sharp_1h_2p15_2p15,managed,45.0,runner_rsi85_15,197,19950.352874285727,1.3184668443445944,56.852791878172596,30.026690050530334,110,87,9490.039506999963,10460.313367285766,1.2612975730825746,1.3973363012102034,0.13603872812762874,,,,,,,current_symmetric,base w11/r12/lb10 + 1h SL2.15/TP2.15
phase3b_current_base_sharp_1h_2p15_2p15_adx45_runner_rsi90_10_fee04,current_base_sharp_1h_2p15_2p15,managed,45.0,runner_rsi90_10,194,33630.27357485715,1.520321939134969,55.670103092783506,18.57725381504659,109,85,10425.350136999967,23204.923437857185,1.2834549072094548,1.833090774851448,0.5496358676419932,,,,,,,current_symmetric,base w11/r12/lb10 + 1h SL2.15/TP2.15
phase3b_current_base_sharp_1h_2p15_2p15_adx45_runner_ema100_200_fee04,current_base_sharp_1h_2p15_2p15,managed,45.0,runner_ema100_200,191,17590.787991428617,1.2832695895561816,54.45026178010471,25.43336836962158,108,83,5265.49913299999,12325.288858428627,1.1451644215580121,1.4772351347589299,0.33207071320091774,,,,,,,current_symmetric,base w11/r12/lb10 + 1h SL2.15/TP2.15
phase3b_current_base_sharp_1h_2p15_2p15_adx45_runner_rsi85_15_plus_ema100_200_fee04,current_base_sharp_1h_2p15_2p15,managed,45.0,runner_rsi85_15_plus_ema100_200,197,14573.63884757147,1.2372446734021623,55.32994923857868,30.452861153442136,110,87,3982.3452519999896,10591.29359557148,1.1107934935798023,1.4155913567563543,0.304797863176552,,,,,,,current_symmetric,base w11/r12/lb10 + 1h SL2.15/TP2.15
phase3b_current_base_sharp_1h_2p15_2p15_adx45_runner_rsi90_10_plus_ema100_200_fee04,current_base_sharp_1h_2p15_2p15,managed,45.0,runner_rsi90_10_plus_ema100_200,194,18500.705789714328,1.2990778048749452,54.63917525773196,23.686394412408664,109,85,3999.21626199999,14501.489527714339,1.1115432185064666,1.5576282026569375,0.4460849841504708,,,,,,,current_symmetric,base w11/r12/lb10 + 1h SL2.15/TP2.15
phase3b_current_base_stability_1h_2p15_2p15_initial_control_fee04,current_base_stability_1h_2p15_2p15,initial,,initial_control,200,3812.0303071275575,1.2024903895381285,57.49999999999999,20.347332172614262,113,87,1838.5790631162497,1973.451244011308,1.1835503683033415,1.2240272260752558,0.04047685777191434,45.0,5.0,,,46.0,85.0,current_symmetric,base w11/r12/lb20 + 1h SL2.15/TP2.15
phase3b_current_base_stability_1h_2p15_2p15_adx40_runner_no_signal_fee04,current_base_stability_1h_2p15_2p15,managed,40.0,runner_no_signal,14,-1352.6291500000002,0.2040626167027374,21.428571428571427,15.404744129213055,10,4,-849.5702300000017,-503.05891999999835,0.2898693339282157,0.0,0.2898693339282157,,,,,,,current_symmetric,base w11/r12/lb20 + 1h SL2.15/TP2.15
phase3b_current_base_stability_1h_2p15_2p15_adx40_runner_rsi85_15_fee04,current_base_stability_1h_2p15_2p15,managed,40.0,runner_rsi85_15,199,17480.31051642855,1.2769635954921983,55.27638190954774,32.086136819038835,113,86,7748.947092999951,9731.363423428602,1.2055872150052518,1.3827879672695542,0.17720075226430243,,,,,,,current_symmetric,base w11/r12/lb20 + 1h SL2.15/TP2.15
phase3b_current_base_stability_1h_2p15_2p15_adx40_runner_rsi90_10_fee04,current_base_stability_1h_2p15_2p15,managed,40.0,runner_rsi90_10,194,30438.986416999956,1.4442720146895636,52.0618556701031,22.675915259678614,110,84,12602.542992999946,17836.44342400001,1.329011130591897,1.590415309005308,0.2614041784134109,,,,,,,current_symmetric,base w11/r12/lb20 + 1h SL2.15/TP2.15
phase3b_current_base_stability_1h_2p15_2p15_adx40_runner_ema100_200_fee04,current_base_stability_1h_2p15_2p15,managed,40.0,runner_ema100_200,188,1274.3771987142745,1.0205695053671093,47.87234042553192,55.08282302171554,105,83,1542.4958209999645,-268.1186222856899,1.0449960285318292,0.9903115241539406,0.05468450437788852,,,,,,,current_symmetric,base w11/r12/lb20 + 1h SL2.15/TP2.15
phase3b_current_base_stability_1h_2p15_2p15_adx40_runner_rsi85_15_plus_ema100_200_fee04,current_base_stability_1h_2p15_2p15,managed,40.0,runner_rsi85_15_plus_ema100_200,199,10551.132419857135,1.171953715358402,51.75879396984925,35.941295710978174,113,86,2666.400567999971,7884.731851857163,1.0731305988146376,1.3166622676943562,0.24353166887971867,,,,,,,current_symmetric,base w11/r12/lb20 + 1h SL2.15/TP2.15
phase3b_current_base_stability_1h_2p15_2p15_adx40_runner_rsi90_10_plus_ema100_200_fee04,current_base_stability_1h_2p15_2p15,managed,40.0,runner_rsi90_10_plus_ema100_200,195,7462.25781199999,1.1194184905134155,48.717948717948715,45.49732229973172,110,85,657.5553999999738,6804.702412000016,1.018743482410505,1.248288096566694,0.229544614156189,,,,,,,current_symmetric,base w11/r12/lb20 + 1h SL2.15/TP2.15
phase3b_current_base_stability_1h_2p15_2p15_adx45_runner_no_signal_fee04,current_base_stability_1h_2p15_2p15,managed,45.0,runner_no_signal,62,-8635.445870714306,0.5001861134904583,40.32258064516129,87.39056765775206,40,22,-9431.813100000008,796.3672292857023,0.2699558696142281,1.1827447449775161,0.912788875363288,,,,,,,current_symmetric,base w11/r12/lb20 + 1h SL2.15/TP2.15
phase3b_current_base_stability_1h_2p15_2p15_adx45_runner_rsi85_15_fee04,current_base_stability_1h_2p15_2p15,managed,45.0,runner_rsi85_15,200,19637.31401028573,1.3082038883106186,56.49999999999999,33.40631764024907,113,87,9177.000642999965,10460.313367285766,1.24544496555685,1.3973363012102034,0.15189133565335333,,,,,,,current_symmetric,base w11/r12/lb20 + 1h SL2.15/TP2.15
phase3b_current_base_stability_1h_2p15_2p15_adx45_runner_rsi90_10_fee04,current_base_stability_1h_2p15_2p15,managed,45.0,runner_rsi90_10,197,33317.234710857156,1.5070813019357265,55.32994923857868,21.50862961009735,112,85,10112.311272999968,23204.923437857185,1.2671686647546363,1.833090774851448,0.5659221100968117,,,,,,,current_symmetric,base w11/r12/lb20 + 1h SL2.15/TP2.15
phase3b_current_base_stability_1h_2p15_2p15_adx45_runner_ema100_200_fee04,current_base_stability_1h_2p15_2p15,managed,45.0,runner_ema100_200,194,17277.74912742862,1.2735143271970812,54.123711340206185,28.640633978401276,111,83,4952.460268999993,12325.288858428627,1.1326208491673122,1.4772351347589299,0.34461428559161766,,,,,,,current_symmetric,base w11/r12/lb20 + 1h SL2.15/TP2.15
phase3b_current_base_stability_1h_2p15_2p15_adx45_runner_rsi85_15_plus_ema100_200_fee04,current_base_stability_1h_2p15_2p15,managed,45.0,runner_rsi85_15_plus_ema100_200,200,14260.599983571472,1.2281729854372663,55.00000000000001,33.875612386429076,113,87,3669.3063879999922,10591.29359557148,1.0991324027482383,1.4155913567563543,0.31645895400811597,,,,,,,current_symmetric,base w11/r12/lb20 + 1h SL2.15/TP2.15
phase3b_current_base_stability_1h_2p15_2p15_adx45_runner_rsi90_10_plus_ema100_200_fee04,current_base_stability_1h_2p15_2p15,managed,45.0,runner_rsi90_10_plus_ema100_200,197,18187.666925714333,1.2890164729213873,54.314720812182735,27.140471698468914,112,85,3686.1773979999925,14501.489527714339,1.0998318635673676,1.5576282026569375,0.45779633908956985,,,,,,,current_symmetric,base w11/r12/lb20 + 1h SL2.15/TP2.15
phase3b_high_sample_relaxed_1h_1p75_4p38_initial_control_fee04,high_sample_relaxed_1h_1p75_4p38,initial,,initial_control,327,15105.97809198852,1.3535255946327924,36.391437308868504,23.56215086856365,183,144,6439.542322136544,8666.435769851976,1.2916867025352272,1.4196292185158061,0.12794251598057893,99.0,39.0,,,70.0,208.0,high_sample_relaxed,base w9/r10/lb20 + 1h SL1.75/TP4.38
phase3b_high_sample_relaxed_1h_1p75_4p38_adx40_runner_no_signal_fee04,high_sample_relaxed_1h_1p75_4p38,managed,40.0,runner_no_signal,18,-2538.504274999997,0.0,0.0,25.385042749999954,11,7,-1514.92955,-1023.5747249999972,0.0,0.0,0.0,,,,,,,high_sample_relaxed,base w9/r10/lb20 + 1h SL1.75/TP4.38
phase3b_high_sample_relaxed_1h_1p75_4p38_adx40_runner_rsi85_15_fee04,high_sample_relaxed_1h_1p75_4p38,managed,40.0,runner_rsi85_15,339,35744.939587885754,1.277365350733683,44.24778761061947,59.95825068020753,191,148,19119.945126599952,16624.9944612858,1.2689917061897393,1.2876641478397468,0.018672441650007476,,,,,,,high_sample_relaxed,base w9/r10/lb20 + 1h SL1.75/TP4.38
phase3b_high_sample_relaxed_1h_1p75_4p38_adx40_runner_rsi90_10_fee04,high_sample_relaxed_1h_1p75_4p38,managed,40.0,runner_rsi90_10,321,51490.21485288573,1.359820004044837,38.62928348909657,61.735018559332566,179,142,26711.587401599925,24778.627451285804,1.352153168639163,1.3684678223986049,0.016314653759441855,,,,,,,high_sample_relaxed,base w9/r10/lb20 + 1h SL1.75/TP4.38
phase3b_high_sample_relaxed_1h_1p75_4p38_adx40_runner_ema100_200_fee04,high_sample_relaxed_1h_1p75_4p38,managed,40.0,runner_ema100_200,301,22593.192333542833,1.2005115692663453,37.87375415282392,102.8327362483316,168,133,9715.952402799949,12877.239930742884,1.157302961031255,1.252931872698899,0.09562891166764387,,,,,,,high_sample_relaxed,base w9/r10/lb20 + 1h SL1.75/TP4.38
phase3b_high_sample_relaxed_1h_1p75_4p38_adx40_runner_rsi85_15_plus_ema100_200_fee04,high_sample_relaxed_1h_1p75_4p38,managed,40.0,runner_rsi85_15_plus_ema100_200,340,24881.983682885744,1.2060310213321772,42.35294117647059,67.65907480548141,191,149,9473.180376599974,15408.803306285772,1.1422418612571503,1.2844577557231007,0.1422158944659504,,,,,,,high_sample_relaxed,base w9/r10/lb20 + 1h SL1.75/TP4.38
phase3b_high_sample_relaxed_1h_1p75_4p38_adx40_runner_rsi90_10_plus_ema100_200_fee04,high_sample_relaxed_1h_1p75_4p38,managed,40.0,runner_rsi90_10_plus_ema100_200,324,30340.19683788574,1.2533134791803933,40.123456790123456,93.06784547258371,180,144,11186.777846599967,19153.41899128577,1.1708852345744234,1.352670751452451,0.18178551687802758,,,,,,,high_sample_relaxed,base w9/r10/lb20 + 1h SL1.75/TP4.38
phase3b_high_sample_relaxed_1h_1p75_4p38_adx45_runner_no_signal_fee04,high_sample_relaxed_1h_1p75_4p38,managed,45.0,runner_no_signal,19,-2357.5366409999965,0.07095794106751256,5.263157894736842,23.575366409999965,12,7,-1333.9619159999993,-1023.5747249999972,0.11892991445483345,0.0,0.11892991445483345,,,,,,,high_sample_relaxed,base w9/r10/lb20 + 1h SL1.75/TP4.38
phase3b_high_sample_relaxed_1h_1p75_4p38_adx45_runner_rsi85_15_fee04,high_sample_relaxed_1h_1p75_4p38,managed,45.0,runner_rsi85_15,336,39532.43585714287,1.2887976619629713,41.07142857142857,39.84802507637259,189,147,22876.450948799946,16655.984908342925,1.29681478812794,1.2784670665461424,0.018347721581797538,,,,,,,high_sample_relaxed,base w9/r10/lb20 + 1h SL1.75/TP4.38
phase3b_high_sample_relaxed_1h_1p75_4p38_adx45_runner_rsi90_10_fee04,high_sample_relaxed_1h_1p75_4p38,managed,45.0,runner_rsi90_10,322,39213.80782714288,1.2613422530140184,36.64596273291926,79.55003870890626,181,141,27074.24749879994,12139.560328342943,1.3463988973794758,1.168866388997447,0.17753250838202872,,,,,,,high_sample_relaxed,base w9/r10/lb20 + 1h SL1.75/TP4.38
phase3b_high_sample_relaxed_1h_1p75_4p38_adx45_runner_ema100_200_fee04,high_sample_relaxed_1h_1p75_4p38,managed,45.0,runner_ema100_200,306,30899.69312280001,1.2502523420482317,37.58169934640523,81.39080412134241,171,135,10454.497624999975,20445.195497800036,1.1527701339731957,1.3714520438628754,0.21868190988967973,,,,,,,high_sample_relaxed,base w9/r10/lb20 + 1h SL1.75/TP4.38
phase3b_high_sample_relaxed_1h_1p75_4p38_adx45_runner_rsi85_15_plus_ema100_200_fee04,high_sample_relaxed_1h_1p75_4p38,managed,45.0,runner_rsi85_15_plus_ema100_200,337,34147.8610121429,1.2646823206509672,40.652818991097924,36.62201425967434,189,148,16772.70592379999,17375.155088342915,1.2297027884090443,1.3102963995748609,0.08059361116581654,,,,,,,high_sample_relaxed,base w9/r10/lb20 + 1h SL1.75/TP4.38
phase3b_high_sample_relaxed_1h_1p75_4p38_adx45_runner_rsi90_10_plus_ema100_200_fee04,high_sample_relaxed_1h_1p75_4p38,managed,45.0,runner_rsi90_10_plus_ema100_200,324,36010.60593714289,1.280076037664091,39.19753086419753,67.38763343735597,182,142,13106.94656379999,22903.659373342907,1.1818270020367565,1.4054485473137148,0.22362154527695832,,,,,,,high_sample_relaxed,base w9/r10/lb20 + 1h SL1.75/TP4.38
phase3b_high_sample_relaxed_1h_2p0_6p0_initial_control_fee04,high_sample_relaxed_1h_2p0_6p0,initial,,initial_control,301,20234.53384251585,1.3045688840798049,32.22591362126246,26.920899470236527,168,133,11740.021626029673,8494.512216486177,1.3521653922209038,1.2566320115032326,0.09553338071767126,87.0,62.0,,,53.0,204.0,high_sample_relaxed,base w9/r10/lb20 + 1h SL2.0/TP6.0
phase3b_high_sample_relaxed_1h_2p0_6p0_adx40_runner_no_signal_fee04,high_sample_relaxed_1h_2p0_6p0,managed,40.0,runner_no_signal,16,-2709.1917428571464,0.0,0.0,27.091917428571477,8,8,-1434.0038000000018,-1275.187942857145,0.0,0.0,0.0,,,,,,,high_sample_relaxed,base w9/r10/lb20 + 1h SL2.0/TP6.0
phase3b_high_sample_relaxed_1h_2p0_6p0_adx40_runner_rsi85_15_fee04,high_sample_relaxed_1h_2p0_6p0,managed,40.0,runner_rsi85_15,334,31615.247251428562,1.2287542799734221,46.10778443113773,57.22630481617854,188,146,12353.44267999995,19261.804571428613,1.1568471700893457,1.3240266314909725,0.16717946140162687,,,,,,,high_sample_relaxed,base w9/r10/lb20 + 1h SL2.0/TP6.0
phase3b_high_sample_relaxed_1h_2p0_6p0_adx40_runner_rsi90_10_fee04,high_sample_relaxed_1h_2p0_6p0,managed,40.0,runner_rsi90_10,313,51697.96913142851,1.3374412648914225,40.57507987220447,27.601901278730057,174,139,19065.02031999992,32632.948811428592,1.2257291135778061,1.4746880102148232,0.2489588966370171,,,,,,,high_sample_relaxed,base w9/r10/lb20 + 1h SL2.0/TP6.0
phase3b_high_sample_relaxed_1h_2p0_6p0_adx40_runner_ema100_200_fee04,high_sample_relaxed_1h_2p0_6p0,managed,40.0,runner_ema100_200,293,13453.489411428502,1.1158209898180595,38.56655290102389,85.42263609302174,162,131,3417.324719999925,10036.164691428577,1.0540090614667743,1.1897753912326352,0.1357663297658609,,,,,,,high_sample_relaxed,base w9/r10/lb20 + 1h SL2.0/TP6.0
phase3b_high_sample_relaxed_1h_2p0_6p0_adx40_runner_rsi85_15_plus_ema100_200_fee04,high_sample_relaxed_1h_2p0_6p0,managed,40.0,runner_rsi85_15_plus_ema100_200,335,24474.63655999999,1.195192295599009,43.582089552238806,60.510030718885844,188,147,5427.99967999996,19046.63688000003,1.0763898102827811,1.350568492388662,0.2741786821058809,,,,,,,high_sample_relaxed,base w9/r10/lb20 + 1h SL2.0/TP6.0
phase3b_high_sample_relaxed_1h_2p0_6p0_adx40_runner_rsi90_10_plus_ema100_200_fee04,high_sample_relaxed_1h_2p0_6p0,managed,40.0,runner_rsi90_10_plus_ema100_200,319,26450.133959999966,1.2145670540197637,41.06583072100313,72.49879430769201,177,142,6209.563759999935,20240.57020000003,1.0911817461799942,1.3668686734854905,0.27568692730549627,,,,,,,high_sample_relaxed,base w9/r10/lb20 + 1h SL2.0/TP6.0
phase3b_high_sample_relaxed_1h_2p0_6p0_adx45_runner_no_signal_fee04,high_sample_relaxed_1h_2p0_6p0,managed,45.0,runner_no_signal,16,-2709.1917428571464,0.0,0.0,27.091917428571477,8,8,-1434.0038000000018,-1275.187942857145,0.0,0.0,0.0,,,,,,,high_sample_relaxed,base w9/r10/lb20 + 1h SL2.0/TP6.0
phase3b_high_sample_relaxed_1h_2p0_6p0_adx45_runner_rsi85_15_fee04,high_sample_relaxed_1h_2p0_6p0,managed,45.0,runner_rsi85_15,330,33337.24427428571,1.2230702897704693,42.42424242424242,48.75965032664712,185,145,9626.264999999956,23710.979274285753,1.1101076505972696,1.38230367577398,0.2721960251767104,,,,,,,high_sample_relaxed,base w9/r10/lb20 + 1h SL2.0/TP6.0
phase3b_high_sample_relaxed_1h_2p0_6p0_adx45_runner_rsi90_10_fee04,high_sample_relaxed_1h_2p0_6p0,managed,45.0,runner_rsi90_10,310,53104.06289714281,1.3277171301720205,37.41935483870968,40.12693752279224,173,137,13465.26459999994,39638.798297142865,1.1555478615523467,1.5251863656221845,0.3696385040698378,,,,,,,high_sample_relaxed,base w9/r10/lb20 + 1h SL2.0/TP6.0
phase3b_high_sample_relaxed_1h_2p0_6p0_adx45_runner_ema100_200_fee04,high_sample_relaxed_1h_2p0_6p0,managed,45.0,runner_ema100_200,292,21187.831411428542,1.1660333780729402,38.6986301369863,34.24206055810243,162,130,1851.500559999981,19336.330851428564,1.0260238520756242,1.3424445137450767,0.3164206616694525,,,,,,,high_sample_relaxed,base w9/r10/lb20 + 1h SL2.0/TP6.0
phase3b_high_sample_relaxed_1h_2p0_6p0_adx45_runner_rsi85_15_plus_ema100_200_fee04,high_sample_relaxed_1h_2p0_6p0,managed,45.0,runner_rsi85_15_plus_ema100_200,331,31202.376291428594,1.2280853926599824,41.69184290030212,41.652027772109825,185,146,8810.020199999984,22392.35609142861,1.1097786218359615,1.3959836529925034,0.28620503115654183,,,,,,,high_sample_relaxed,base w9/r10/lb20 + 1h SL2.0/TP6.0
phase3b_high_sample_relaxed_1h_2p0_6p0_adx45_runner_rsi90_10_plus_ema100_200_fee04,high_sample_relaxed_1h_2p0_6p0,managed,45.0,runner_rsi90_10_plus_ema100_200,313,49616.64133142857,1.375372576021717,40.57507987220447,26.680558279850164,175,138,6386.531599999985,43230.10973142858,1.0838297798508483,1.7720324536831853,0.688202673832337,,,,,,,high_sample_relaxed,base w9/r10/lb20 + 1h SL2.0/TP6.0
phase3b_high_sample_relaxed_1h_1p75_6p12_initial_control_fee04,high_sample_relaxed_1h_1p75_6p12,initial,,initial_control,304,14508.315557515216,1.3039145457075956,28.947368421052634,26.31128643484899,171,133,7106.232215412239,7402.0833421029765,1.2883441263644213,1.3205312544546213,0.03218712809019997,79.0,62.0,,,60.0,216.0,high_sample_relaxed,base w9/r10/lb20 + 1h SL1.75/TP6.12
phase3b_high_sample_relaxed_1h_1p75_6p12_adx40_runner_no_signal_fee04,high_sample_relaxed_1h_1p75_6p12,managed,40.0,runner_no_signal,18,-2538.504274999997,0.0,0.0,25.385042749999954,11,7,-1514.92955,-1023.5747249999972,0.0,0.0,0.0,,,,,,,high_sample_relaxed,base w9/r10/lb20 + 1h SL1.75/TP6.12
phase3b_high_sample_relaxed_1h_1p75_6p12_adx40_runner_rsi85_15_fee04,high_sample_relaxed_1h_1p75_6p12,managed,40.0,runner_rsi85_15,335,32939.119345257204,1.2537664968051352,42.68656716417911,59.810812800511236,189,146,15238.762317399996,17700.35702785721,1.2094839701736728,1.3102244752906642,0.1007405051169914,,,,,,,high_sample_relaxed,base w9/r10/lb20 + 1h SL1.75/TP6.12
phase3b_high_sample_relaxed_1h_1p75_6p12_adx40_runner_rsi90_10_fee04,high_sample_relaxed_1h_1p75_6p12,managed,40.0,runner_rsi90_10,317,46050.91541725717,1.3182532710636412,36.59305993690852,53.700454305061484,177,140,20184.42039939996,25866.495017857214,1.2581534744680645,1.3889038984290996,0.1307504239610351,,,,,,,high_sample_relaxed,base w9/r10/lb20 + 1h SL1.75/TP6.12
phase3b_high_sample_relaxed_1h_1p75_6p12_adx40_runner_ema100_200_fee04,high_sample_relaxed_1h_1p75_6p12,managed,40.0,runner_ema100_200,295,16741.12751025712,1.150395209025593,36.610169491525426,111.6795745435073,164,131,3343.967172399961,13397.160337857158,1.0541011617225595,1.2706239647498072,0.2165228030272477,,,,,,,high_sample_relaxed,base w9/r10/lb20 + 1h SL1.75/TP6.12
phase3b_high_sample_relaxed_1h_1p75_6p12_adx40_runner_rsi85_15_plus_ema100_200_fee04,high_sample_relaxed_1h_1p75_6p12,managed,40.0,runner_rsi85_15_plus_ema100_200,336,23693.702540257196,1.1975761564430953,41.07142857142857,67.49034132371487,189,147,6695.318562400011,16998.383977857186,1.0996920336404188,1.322171834592573,0.22247980095215425,,,,,,,high_sample_relaxed,base w9/r10/lb20 + 1h SL1.75/TP6.12
phase3b_high_sample_relaxed_1h_1p75_6p12_adx40_runner_rsi90_10_plus_ema100_200_fee04,high_sample_relaxed_1h_1p75_6p12,managed,40.0,runner_rsi90_10_plus_ema100_200,321,26327.95003725717,1.2213789857327557,38.940809968847354,100.36150552242819,179,142,5584.950374399987,20742.999662857183,1.0845889293102862,1.3920990385225434,0.3075101092122572,,,,,,,high_sample_relaxed,base w9/r10/lb20 + 1h SL1.75/TP6.12
phase3b_high_sample_relaxed_1h_1p75_6p12_adx45_runner_no_signal_fee04,high_sample_relaxed_1h_1p75_6p12,managed,45.0,runner_no_signal,18,-2538.504274999997,0.0,0.0,25.385042749999954,11,7,-1514.92955,-1023.5747249999972,0.0,0.0,0.0,,,,,,,high_sample_relaxed,base w9/r10/lb20 + 1h SL1.75/TP6.12
phase3b_high_sample_relaxed_1h_1p75_6p12_adx45_runner_rsi85_15_fee04,high_sample_relaxed_1h_1p75_6p12,managed,45.0,runner_rsi85_15,330,30888.45272082862,1.2209120085755325,38.484848484848484,54.33730445512695,185,145,9326.69186159998,21561.760859228638,1.1160318635870419,1.362736198945226,0.24670433535818415,,,,,,,high_sample_relaxed,base w9/r10/lb20 + 1h SL1.75/TP6.12
phase3b_high_sample_relaxed_1h_1p75_6p12_adx45_runner_rsi90_10_fee04,high_sample_relaxed_1h_1p75_6p12,managed,45.0,runner_rsi90_10,312,45844.88450082861,1.3012305579619385,33.01282051282051,92.26822992968758,174,138,13481.720516599962,32363.163984228646,1.1684440544389663,1.448521409651383,0.2800773552124167,,,,,,,high_sample_relaxed,base w9/r10/lb20 + 1h SL1.75/TP6.12
phase3b_high_sample_relaxed_1h_1p75_6p12_adx45_runner_ema100_200_fee04,high_sample_relaxed_1h_1p75_6p12,managed,45.0,runner_ema100_200,295,20013.295040828587,1.1625680060874617,35.59322033898305,82.61728707779103,164,131,575.354141599994,19437.940899228593,1.008396703189943,1.3560989552756233,0.3477022520856803,,,,,,,high_sample_relaxed,base w9/r10/lb20 + 1h SL1.75/TP6.12
phase3b_high_sample_relaxed_1h_1p75_6p12_adx45_runner_rsi85_15_plus_ema100_200_fee04,high_sample_relaxed_1h_1p75_6p12,managed,45.0,runner_rsi85_15_plus_ema100_200,331,28356.568865828645,1.2176173905276357,38.670694864048336,43.0657572214416,185,146,7284.983871600016,21071.58499422863,1.0972177459340025,1.3805596845258572,0.28334193859185475,,,,,,,high_sample_relaxed,base w9/r10/lb20 + 1h SL1.75/TP6.12
phase3b_high_sample_relaxed_1h_1p75_6p12_adx45_runner_rsi90_10_plus_ema100_200_fee04,high_sample_relaxed_1h_1p75_6p12,managed,45.0,runner_rsi90_10_plus_ema100_200,315,46297.131815828616,1.3619514129499941,37.46031746031746,70.47475985720799,176,139,4939.951536600014,41357.1802792286,1.0679586718101528,1.7489627932904939,0.6810041214803411,,,,,,,high_sample_relaxed,base w9/r10/lb20 + 1h SL1.75/TP6.12
phase3b_oneh_symmetric_1h_2p0_6p0_initial_control_fee04,oneh_symmetric_1h_2p0_6p0,initial,,initial_control,157,27509.409741463573,1.7029545280757132,38.853503184713375,19.87281940555731,106,51,18186.569680843844,9322.840060619725,1.737700484678206,1.6438012799221655,0.09389920475604052,55.0,25.0,,,27.0,96.0,oneh_width_balanced,1h w1.9/r2.75/lb35 + 1h SL2.0/TP6.0
phase3b_oneh_symmetric_1h_2p0_6p0_adx40_runner_no_signal_fee04,oneh_symmetric_1h_2p0_6p0,managed,40.0,runner_no_signal,1,-175.4367999999996,0.0,0.0,1.754367999999995,1,0,-175.4367999999996,0.0,0.0,,0.0,,,,,,,oneh_width_balanced,1h w1.9/r2.75/lb35 + 1h SL2.0/TP6.0
phase3b_oneh_symmetric_1h_2p0_6p0_adx40_runner_rsi85_15_fee04,oneh_symmetric_1h_2p0_6p0,managed,40.0,runner_rsi85_15,161,18459.045062857145,1.2608773484840312,45.3416149068323,50.09330517806063,109,52,16798.127919999995,1660.9171428571517,1.3460264706116623,1.0747764326018818,0.2712500380097804,,,,,,,oneh_width_balanced,1h w1.9/r2.75/lb35 + 1h SL2.0/TP6.0
phase3b_oneh_symmetric_1h_2p0_6p0_adx40_runner_rsi90_10_fee04,oneh_symmetric_1h_2p0_6p0,managed,40.0,runner_rsi90_10,153,31514.492582857136,1.4412703993404816,41.830065359477125,29.8323087033194,102,51,19900.72324,11613.769342857137,1.4154761940074605,1.493802525481469,0.07832633147400858,,,,,,,oneh_width_balanced,1h w1.9/r2.75/lb35 + 1h SL2.0/TP6.0
phase3b_oneh_symmetric_1h_2p0_6p0_adx40_runner_ema100_200_fee04,oneh_symmetric_1h_2p0_6p0,managed,40.0,runner_ema100_200,148,16382.322519999987,1.2808351607337443,41.21621621621622,43.464782910879805,99,49,14777.76747999998,1604.5550400000068,1.3920915959822837,1.077722295117512,0.31436930086477166,,,,,,,oneh_width_balanced,1h w1.9/r2.75/lb35 + 1h SL2.0/TP6.0
phase3b_oneh_symmetric_1h_2p0_6p0_adx40_runner_rsi85_15_plus_ema100_200_fee04,oneh_symmetric_1h_2p0_6p0,managed,40.0,runner_rsi85_15_plus_ema100_200,161,16905.637885714284,1.2689413167336705,45.3416149068323,52.30568105157267,109,52,15387.84939999999,1517.7884857142956,1.364912704727481,1.0733536833770305,0.2915590213504504,,,,,,,oneh_width_balanced,1h w1.9/r2.75/lb35 + 1h SL2.0/TP6.0
phase3b_oneh_symmetric_1h_2p0_6p0_adx40_runner_rsi90_10_plus_ema100_200_fee04,oneh_symmetric_1h_2p0_6p0,managed,40.0,runner_rsi90_10_plus_ema100_200,156,15832.650205714288,1.254940802891051,43.58974358974359,51.036623726683985,105,51,7463.549639999987,8369.1005657143,1.1816400082010055,1.3982734726171933,0.2166334644161878,,,,,,,oneh_width_balanced,1h w1.9/r2.75/lb35 + 1h SL2.0/TP6.0
phase3b_oneh_symmetric_1h_2p0_6p0_adx45_runner_no_signal_fee04,oneh_symmetric_1h_2p0_6p0,managed,45.0,runner_no_signal,1,-175.4367999999996,0.0,0.0,1.754367999999995,1,0,-175.4367999999996,0.0,0.0,,0.0,,,,,,,oneh_width_balanced,1h w1.9/r2.75/lb35 + 1h SL2.0/TP6.0
phase3b_oneh_symmetric_1h_2p0_6p0_adx45_runner_rsi85_15_fee04,oneh_symmetric_1h_2p0_6p0,managed,45.0,runner_rsi85_15,159,17635.013434285713,1.2337985169224603,42.76729559748428,52.2761471495792,107,52,16794.710119999978,840.303314285734,1.3273572371188864,1.034832192756997,0.2925250443618894,,,,,,,oneh_width_balanced,1h w1.9/r2.75/lb35 + 1h SL2.0/TP6.0
phase3b_oneh_symmetric_1h_2p0_6p0_adx45_runner_rsi90_10_fee04,oneh_symmetric_1h_2p0_6p0,managed,45.0,runner_rsi90_10,154,41790.58508571426,1.558506194343642,40.25974025974026,34.34634381124767,103,51,17660.38259999997,24130.202485714286,1.3546557349147974,1.964059084671991,0.6094033497571936,,,,,,,oneh_width_balanced,1h w1.9/r2.75/lb35 + 1h SL2.0/TP6.0
phase3b_oneh_symmetric_1h_2p0_6p0_adx45_runner_ema100_200_fee04,oneh_symmetric_1h_2p0_6p0,managed,45.0,runner_ema100_200,151,12207.763754285712,1.185494658871583,41.05960264900662,46.59429242630433,102,49,8107.26787999999,4100.495874285722,1.1809521362599744,1.1951821572037908,0.014230020943816424,,,,,,,oneh_width_balanced,1h w1.9/r2.75/lb35 + 1h SL2.0/TP6.0
phase3b_oneh_symmetric_1h_2p0_6p0_adx45_runner_rsi85_15_plus_ema100_200_fee04,oneh_symmetric_1h_2p0_6p0,managed,45.0,runner_rsi85_15_plus_ema100_200,159,18130.00784000001,1.2629499064354444,44.0251572327044,52.23825020323161,107,52,15674.10139999999,2455.90644000002,1.3294869717889346,1.1148838945306672,0.21460307725826744,,,,,,,oneh_width_balanced,1h w1.9/r2.75/lb35 + 1h SL2.0/TP6.0
phase3b_oneh_symmetric_1h_2p0_6p0_adx45_runner_rsi90_10_plus_ema100_200_fee04,oneh_symmetric_1h_2p0_6p0,managed,45.0,runner_rsi90_10_plus_ema100_200,156,32844.91224000001,1.481581852049677,42.94871794871795,41.1063107650655,105,51,9655.943239999993,23188.969000000023,1.2062140875713787,2.084747784150478,0.8785336965790993,,,,,,,oneh_width_balanced,1h w1.9/r2.75/lb35 + 1h SL2.0/TP6.0
phase3b_oneh_perf_sym_1h_2p0_6p0_initial_control_fee04,oneh_perf_sym_1h_2p0_6p0,initial,,initial_control,153,28306.67416694932,1.7416329363084937,39.21568627450981,19.87281940555731,104,49,19436.766786337725,8869.907380611596,1.796749080517693,1.6440094260431104,0.1527396544745827,54.0,25.0,,,27.0,93.0,oneh_width_balanced,1h w2.2/r2.75/lb35 + 1h SL2.0/TP6.0
phase3b_oneh_perf_sym_1h_2p0_6p0_adx40_runner_no_signal_fee04,oneh_perf_sym_1h_2p0_6p0,managed,40.0,runner_no_signal,1,-175.4367999999996,0.0,0.0,1.754367999999995,1,0,-175.4367999999996,0.0,0.0,,0.0,,,,,,,oneh_width_balanced,1h w2.2/r2.75/lb35 + 1h SL2.0/TP6.0
phase3b_oneh_perf_sym_1h_2p0_6p0_adx40_runner_rsi85_15_fee04,oneh_perf_sym_1h_2p0_6p0,managed,40.0,runner_rsi85_15,157,20406.399394285712,1.3042218983947478,45.22292993630573,42.55536490818713,107,50,18342.92643999999,2063.4729542857244,1.391050325682761,1.1023013540571522,0.28874897162560886,,,,,,,oneh_width_balanced,1h w2.2/r2.75/lb35 + 1h SL2.0/TP6.0
phase3b_oneh_perf_sym_1h_2p0_6p0_adx40_runner_rsi90_10_fee04,oneh_perf_sym_1h_2p0_6p0,managed,40.0,runner_rsi90_10,149,34596.60063428571,1.5107456543673465,41.61073825503356,25.475935471668166,100,49,21445.521759999992,13151.078874285713,1.463590552590852,1.6123098377901925,0.14871928519934063,,,,,,,oneh_width_balanced,1h w2.2/r2.75/lb35 + 1h SL2.0/TP6.0
phase3b_oneh_perf_sym_1h_2p0_6p0_adx40_runner_ema100_200_fee04,oneh_perf_sym_1h_2p0_6p0,managed,40.0,runner_ema100_200,144,17721.875771428546,1.3209821499040817,41.66666666666667,43.464782910879805,97,47,15859.422759999972,1862.4530114285735,1.4332237619388786,1.100113143737927,0.33311061820095156,,,,,,,oneh_width_balanced,1h w2.2/r2.75/lb35 + 1h SL2.0/TP6.0
phase3b_oneh_perf_sym_1h_2p0_6p0_adx40_runner_rsi85_15_plus_ema100_200_fee04,oneh_perf_sym_1h_2p0_6p0,managed,40.0,runner_rsi85_15_plus_ema100_200,157,18389.84897714285,1.3078465871974299,45.85987261146497,42.25329707003544,107,50,16469.50467999998,1920.3442971428683,1.4008454293178643,1.1029667771097948,0.2978786522080694,,,,,,,oneh_width_balanced,1h w2.2/r2.75/lb35 + 1h SL2.0/TP6.0
phase3b_oneh_perf_sym_1h_2p0_6p0_adx40_runner_rsi90_10_plus_ema100_200_fee04,oneh_perf_sym_1h_2p0_6p0,managed,40.0,runner_rsi90_10_plus_ema100_200,152,17172.203457142845,1.2911512777117142,44.07894736842105,51.036623726683985,103,49,8545.204919999978,8626.998537142867,1.2135866907871877,1.4547175585706813,0.24113086778349357,,,,,,,oneh_width_balanced,1h w2.2/r2.75/lb35 + 1h SL2.0/TP6.0
phase3b_oneh_perf_sym_1h_2p0_6p0_adx45_runner_no_signal_fee04,oneh_perf_sym_1h_2p0_6p0,managed,45.0,runner_no_signal,1,-175.4367999999996,0.0,0.0,1.754367999999995,1,0,-175.4367999999996,0.0,0.0,,0.0,,,,,,,oneh_width_balanced,1h w2.2/r2.75/lb35 + 1h SL2.0/TP6.0
phase3b_oneh_perf_sym_1h_2p0_6p0_adx45_runner_rsi85_15_fee04,oneh_perf_sym_1h_2p0_6p0,managed,45.0,runner_rsi85_15,155,20610.599165714277,1.2910526740060209,43.225806451612904,42.093574655539555,105,50,19367.74003999997,1242.8591257143069,1.3974427567609,1.0562810302474626,0.34116172651343746,,,,,,,oneh_width_balanced,1h w2.2/r2.75/lb35 + 1h SL2.0/TP6.0
phase3b_oneh_perf_sym_1h_2p0_6p0_adx45_runner_rsi90_10_fee04,oneh_perf_sym_1h_2p0_6p0,managed,45.0,runner_rsi90_10,150,45900.924537142826,1.6537533988645376,40.666666666666664,34.34634381124767,101,49,20233.41251999996,25667.51201714286,1.4284668706407755,2.1165342609519606,0.6880673903111851,,,,,,,oneh_width_balanced,1h w2.2/r2.75/lb35 + 1h SL2.0/TP6.0
phase3b_oneh_perf_sym_1h_2p0_6p0_adx45_runner_ema100_200_fee04,oneh_perf_sym_1h_2p0_6p0,managed,45.0,runner_ema100_200,147,15038.69164571427,1.24573959779194,41.49659863945578,41.835656607223214,100,47,10680.297799999982,4358.393845714289,1.252905718300178,1.2297843760678415,0.023121342232336417,,,,,,,oneh_width_balanced,1h w2.2/r2.75/lb35 + 1h SL2.0/TP6.0
phase3b_oneh_perf_sym_1h_2p0_6p0_adx45_runner_rsi85_15_plus_ema100_200_fee04,oneh_perf_sym_1h_2p0_6p0,managed,45.0,runner_rsi85_15_plus_ema100_200,155,21105.593571428573,1.3280615218350282,44.516129032258064,41.445663292851485,105,50,18247.131319999982,2858.462251428593,1.405508002560056,1.1478307065715987,0.25767729598845723,,,,,,,oneh_width_balanced,1h w2.2/r2.75/lb35 + 1h SL2.0/TP6.0
phase3b_oneh_perf_sym_1h_2p0_6p0_adx45_runner_rsi90_10_plus_ema100_200_fee04,oneh_perf_sym_1h_2p0_6p0,managed,45.0,runner_rsi90_10_plus_ema100_200,152,35675.84013142857,1.561047888264293,43.42105263157895,38.19993688163606,103,49,12228.973159999985,23446.86697142859,1.2763496231120695,2.2125984555312077,0.9362488324191383,,,,,,,oneh_width_balanced,1h w2.2/r2.75/lb35 + 1h SL2.0/TP6.0
phase3b_oneh_profit_1h_2p5_5p83_initial_control_fee04,oneh_profit_1h_2p5_5p83,initial,,initial_control,141,35126.526435022955,1.84648155646024,46.09929078014184,22.220422015245134,97,44,22626.39014868694,12500.136286336014,1.7874648586446862,1.9793359580483791,0.19187109940369296,58.0,22.0,,,20.0,76.0,oneh_width_profit,1h w2/r2.75/lb20 + 1h SL2.5/TP5.83
phase3b_oneh_profit_1h_2p5_5p83_adx40_runner_no_signal_fee04,oneh_profit_1h_2p5_5p83,managed,40.0,runner_no_signal,0,0.0,,,0.0,0,0,0.0,0.0,,,0.0,,,,,,,oneh_width_profit,1h w2/r2.75/lb20 + 1h SL2.5/TP5.83
phase3b_oneh_profit_1h_2p5_5p83_adx40_runner_rsi85_15_fee04,oneh_profit_1h_2p5_5p83,managed,40.0,runner_rsi85_15,145,28414.72060611422,1.4856178569656915,52.41379310344828,49.20093391534168,100,45,17969.81385099996,10444.906755114262,1.3897763717498721,1.8416775043916755,0.4519011326418034,,,,,,,oneh_width_profit,1h w2/r2.75/lb20 + 1h SL2.5/TP5.83
phase3b_oneh_profit_1h_2p5_5p83_adx40_runner_rsi90_10_fee04,oneh_profit_1h_2p5_5p83,managed,40.0,runner_rsi90_10,138,40265.43817897134,1.6551833443663464,47.82608695652174,28.297125092750463,94,44,19694.456390999945,20570.98178797139,1.419354894889651,2.419368586187525,1.000013691297874,,,,,,,oneh_width_profit,1h w2/r2.75/lb20 + 1h SL2.5/TP5.83
phase3b_oneh_profit_1h_2p5_5p83_adx40_runner_ema100_200_fee04,oneh_profit_1h_2p5_5p83,managed,40.0,runner_ema100_200,134,22671.978457542755,1.4889526496370604,47.01492537313433,49.946917680821976,91,43,12828.758720999947,9843.21973654281,1.3557994992736047,1.954511810961074,0.5987123116874693,,,,,,,oneh_width_profit,1h w2/r2.75/lb20 + 1h SL2.5/TP5.83
phase3b_oneh_profit_1h_2p5_5p83_adx40_runner_rsi85_15_plus_ema100_200_fee04,oneh_profit_1h_2p5_5p83,managed,40.0,runner_rsi85_15_plus_ema100_200,145,26966.95872468564,1.5438479765678579,51.724137931034484,52.13418656477915,100,45,16756.610040999956,10210.348683685683,1.4275478102884833,1.982415456316873,0.5548676460283897,,,,,,,oneh_width_profit,1h w2/r2.75/lb20 + 1h SL2.5/TP5.83
phase3b_oneh_profit_1h_2p5_5p83_adx40_runner_rsi90_10_plus_ema100_200_fee04,oneh_profit_1h_2p5_5p83,managed,40.0,runner_rsi90_10_plus_ema100_200,141,23182.14498468563,1.4618005388440765,48.93617021276596,63.789051234213844,97,44,6057.859180999949,17124.28580368568,1.1534245407813792,2.5981325320276087,1.4447079912462295,,,,,,,oneh_width_profit,1h w2/r2.75/lb20 + 1h SL2.5/TP5.83
phase3b_oneh_profit_1h_2p5_5p83_adx45_runner_no_signal_fee04,oneh_profit_1h_2p5_5p83,managed,45.0,runner_no_signal,0,0.0,,,0.0,0,0,0.0,0.0,,,0.0,,,,,,,oneh_width_profit,1h w2/r2.75/lb20 + 1h SL2.5/TP5.83
phase3b_oneh_profit_1h_2p5_5p83_adx45_runner_rsi85_15_fee04,oneh_profit_1h_2p5_5p83,managed,45.0,runner_rsi85_15,143,22731.27337688563,1.350690151180662,49.65034965034965,50.22311946635715,98,45,15988.143025999934,6743.130350885698,1.319566548488383,1.4559876642934038,0.1364211158050208,,,,,,,oneh_width_profit,1h w2/r2.75/lb20 + 1h SL2.5/TP5.83
phase3b_oneh_profit_1h_2p5_5p83_adx45_runner_rsi90_10_fee04,oneh_profit_1h_2p5_5p83,managed,45.0,runner_rsi90_10,139,33408.41075402847,1.517683874917663,46.76258992805755,32.7109267396956,95,44,18115.86792599993,15292.542828028541,1.3761592152171516,1.9339368757623852,0.5577776605452336,,,,,,,oneh_width_profit,1h w2/r2.75/lb20 + 1h SL2.5/TP5.83
phase3b_oneh_profit_1h_2p5_5p83_adx45_runner_ema100_200_fee04,oneh_profit_1h_2p5_5p83,managed,45.0,runner_ema100_200,137,17724.277256885624,1.3328894674179481,48.175182481751825,48.61091074759985,94,43,6609.684745999946,11114.592510885677,1.1560488145276344,2.020885200960985,0.8648363864333506,,,,,,,oneh_width_profit,1h w2/r2.75/lb20 + 1h SL2.5/TP5.83
phase3b_oneh_profit_1h_2p5_5p83_adx45_runner_rsi85_15_plus_ema100_200_fee04,oneh_profit_1h_2p5_5p83,managed,45.0,runner_rsi85_15_plus_ema100_200,143,25467.771494028493,1.452460683053137,50.349650349650354,41.48303753888953,98,45,16358.198515999948,9109.572978028546,1.3635383800130265,1.8068646555588606,0.44332627554583404,,,,,,,oneh_width_profit,1h w2/r2.75/lb20 + 1h SL2.5/TP5.83
phase3b_oneh_profit_1h_2p5_5p83_adx45_runner_rsi90_10_plus_ema100_200_fee04,oneh_profit_1h_2p5_5p83,managed,45.0,runner_rsi90_10_plus_ema100_200,141,23344.43180402849,1.421699060343576,49.645390070921984,39.47548828556015,97,44,8966.37962599994,14378.05217802855,1.2034671460019553,2.2735110796316382,1.070043933629683,,,,,,,oneh_width_profit,1h w2/r2.75/lb20 + 1h SL2.5/TP5.83
phase3b_oneh_phase2d_orig_1h_2p0_6p0_initial_control_fee04,oneh_phase2d_orig_1h_2p0_6p0,initial,,initial_control,153,28306.67416694932,1.7416329363084937,39.21568627450981,19.87281940555731,104,49,19436.766786337725,8869.907380611596,1.796749080517693,1.6440094260431104,0.1527396544745827,54.0,25.0,,,27.0,93.0,oneh_width_balanced,1h w2.25/r2.75/lb35 + 1h SL2.0/TP6.0
phase3b_oneh_phase2d_orig_1h_2p0_6p0_adx40_runner_no_signal_fee04,oneh_phase2d_orig_1h_2p0_6p0,managed,40.0,runner_no_signal,1,-175.4367999999996,0.0,0.0,1.754367999999995,1,0,-175.4367999999996,0.0,0.0,,0.0,,,,,,,oneh_width_balanced,1h w2.25/r2.75/lb35 + 1h SL2.0/TP6.0
phase3b_oneh_phase2d_orig_1h_2p0_6p0_adx40_runner_rsi85_15_fee04,oneh_phase2d_orig_1h_2p0_6p0,managed,40.0,runner_rsi85_15,157,20406.399394285712,1.3042218983947478,45.22292993630573,42.55536490818713,107,50,18342.92643999999,2063.4729542857244,1.391050325682761,1.1023013540571522,0.28874897162560886,,,,,,,oneh_width_balanced,1h w2.25/r2.75/lb35 + 1h SL2.0/TP6.0
phase3b_oneh_phase2d_orig_1h_2p0_6p0_adx40_runner_rsi90_10_fee04,oneh_phase2d_orig_1h_2p0_6p0,managed,40.0,runner_rsi90_10,149,34596.60063428571,1.5107456543673465,41.61073825503356,25.475935471668166,100,49,21445.521759999992,13151.078874285713,1.463590552590852,1.6123098377901925,0.14871928519934063,,,,,,,oneh_width_balanced,1h w2.25/r2.75/lb35 + 1h SL2.0/TP6.0
phase3b_oneh_phase2d_orig_1h_2p0_6p0_adx40_runner_ema100_200_fee04,oneh_phase2d_orig_1h_2p0_6p0,managed,40.0,runner_ema100_200,144,17721.875771428546,1.3209821499040817,41.66666666666667,43.464782910879805,97,47,15859.422759999972,1862.4530114285735,1.4332237619388786,1.100113143737927,0.33311061820095156,,,,,,,oneh_width_balanced,1h w2.25/r2.75/lb35 + 1h SL2.0/TP6.0
phase3b_oneh_phase2d_orig_1h_2p0_6p0_adx40_runner_rsi85_15_plus_ema100_200_fee04,oneh_phase2d_orig_1h_2p0_6p0,managed,40.0,runner_rsi85_15_plus_ema100_200,157,18389.84897714285,1.3078465871974299,45.85987261146497,42.25329707003544,107,50,16469.50467999998,1920.3442971428683,1.4008454293178643,1.1029667771097948,0.2978786522080694,,,,,,,oneh_width_balanced,1h w2.25/r2.75/lb35 + 1h SL2.0/TP6.0
phase3b_oneh_phase2d_orig_1h_2p0_6p0_adx40_runner_rsi90_10_plus_ema100_200_fee04,oneh_phase2d_orig_1h_2p0_6p0,managed,40.0,runner_rsi90_10_plus_ema100_200,152,17172.203457142845,1.2911512777117142,44.07894736842105,51.036623726683985,103,49,8545.204919999978,8626.998537142867,1.2135866907871877,1.4547175585706813,0.24113086778349357,,,,,,,oneh_width_balanced,1h w2.25/r2.75/lb35 + 1h SL2.0/TP6.0
phase3b_oneh_phase2d_orig_1h_2p0_6p0_adx45_runner_no_signal_fee04,oneh_phase2d_orig_1h_2p0_6p0,managed,45.0,runner_no_signal,1,-175.4367999999996,0.0,0.0,1.754367999999995,1,0,-175.4367999999996,0.0,0.0,,0.0,,,,,,,oneh_width_balanced,1h w2.25/r2.75/lb35 + 1h SL2.0/TP6.0
phase3b_oneh_phase2d_orig_1h_2p0_6p0_adx45_runner_rsi85_15_fee04,oneh_phase2d_orig_1h_2p0_6p0,managed,45.0,runner_rsi85_15,155,20610.599165714277,1.2910526740060209,43.225806451612904,42.093574655539555,105,50,19367.74003999997,1242.8591257143069,1.3974427567609,1.0562810302474626,0.34116172651343746,,,,,,,oneh_width_balanced,1h w2.25/r2.75/lb35 + 1h SL2.0/TP6.0
phase3b_oneh_phase2d_orig_1h_2p0_6p0_adx45_runner_rsi90_10_fee04,oneh_phase2d_orig_1h_2p0_6p0,managed,45.0,runner_rsi90_10,150,45900.924537142826,1.6537533988645376,40.666666666666664,34.34634381124767,101,49,20233.41251999996,25667.51201714286,1.4284668706407755,2.1165342609519606,0.6880673903111851,,,,,,,oneh_width_balanced,1h w2.25/r2.75/lb35 + 1h SL2.0/TP6.0
phase3b_oneh_phase2d_orig_1h_2p0_6p0_adx45_runner_ema100_200_fee04,oneh_phase2d_orig_1h_2p0_6p0,managed,45.0,runner_ema100_200,147,15038.69164571427,1.24573959779194,41.49659863945578,41.835656607223214,100,47,10680.297799999982,4358.393845714289,1.252905718300178,1.2297843760678415,0.023121342232336417,,,,,,,oneh_width_balanced,1h w2.25/r2.75/lb35 + 1h SL2.0/TP6.0
phase3b_oneh_phase2d_orig_1h_2p0_6p0_adx45_runner_rsi85_15_plus_ema100_200_fee04,oneh_phase2d_orig_1h_2p0_6p0,managed,45.0,runner_rsi85_15_plus_ema100_200,155,21105.593571428573,1.3280615218350282,44.516129032258064,41.445663292851485,105,50,18247.131319999982,2858.462251428593,1.405508002560056,1.1478307065715987,0.25767729598845723,,,,,,,oneh_width_balanced,1h w2.25/r2.75/lb35 + 1h SL2.0/TP6.0
phase3b_oneh_phase2d_orig_1h_2p0_6p0_adx45_runner_rsi90_10_plus_ema100_200_fee04,oneh_phase2d_orig_1h_2p0_6p0,managed,45.0,runner_rsi90_10_plus_ema100_200,152,35675.84013142857,1.561047888264293,43.42105263157895,38.19993688163606,103,49,12228.973159999985,23446.86697142859,1.2763496231120695,2.2125984555312077,0.9362488324191383,,,,,,,oneh_width_balanced,1h w2.25/r2.75/lb35 + 1h SL2.0/TP6.0
phase3b_perf_current_base_stability_1h_2p5_10_initial_control_fee04,perf_current_base_stability_1h_2p5_10,initial,,initial_control,161,80115.6080782919,1.962022042423544,34.78260869565217,25.058822543257474,91,70,47134.80763962701,32980.80043866489,2.100823630561277,1.8151340561004443,0.28568957446083276,52.0,35.0,,,33.0,105.0,performance_only,base w11/r12/lb20 + 1h SL2.5/TP10
phase3b_perf_current_base_stability_1h_2p5_10_adx40_runner_no_signal_fee04,perf_current_base_stability_1h_2p5_10,managed,40.0,runner_no_signal,12,-2178.587399999997,0.0,0.0,21.78587399999997,8,4,-1597.797399999998,-580.789999999999,0.0,0.0,0.0,,,,,,,performance_only,base w11/r12/lb20 + 1h SL2.5/TP10
phase3b_perf_current_base_stability_1h_2p5_10_adx40_runner_rsi85_15_fee04,perf_current_base_stability_1h_2p5_10,managed,40.0,runner_rsi85_15,193,37734.9423842857,1.5355330889154903,53.36787564766839,37.202924026917586,110,83,19644.184679999977,18090.757704285723,1.4518484738888575,1.6703450634499803,0.21849658956112283,,,,,,,performance_only,base w11/r12/lb20 + 1h SL2.5/TP10
phase3b_perf_current_base_stability_1h_2p5_10_adx40_runner_rsi90_10_fee04,perf_current_base_stability_1h_2p5_10,managed,40.0,runner_rsi90_10,185,42625.21591285703,1.4946134957725863,45.40540540540541,22.702506055446705,104,81,21067.98790999994,21557.22800285709,1.4272709096372507,1.5846730238703592,0.15740211423310857,,,,,,,performance_only,base w11/r12/lb20 + 1h SL2.5/TP10
phase3b_perf_current_base_stability_1h_2p5_10_adx40_runner_ema100_200_fee04,perf_current_base_stability_1h_2p5_10,managed,40.0,runner_ema100_200,177,17745.65280999996,1.2621804906265557,41.24293785310734,76.17954899489345,97,80,6333.334979999967,11412.317829999995,1.1621199433033795,1.3987652955273575,0.23664535222397798,,,,,,,performance_only,base w11/r12/lb20 + 1h SL2.5/TP10
phase3b_perf_current_base_stability_1h_2p5_10_adx40_runner_rsi85_15_plus_ema100_200_fee04,perf_current_base_stability_1h_2p5_10,managed,40.0,runner_rsi85_15_plus_ema100_200,193,25060.14304999999,1.3880384277588063,48.704663212435236,41.4712813082295,110,83,9995.988359999983,15064.154690000008,1.249739936876423,1.6134609800200213,0.3637210431435982,,,,,,,performance_only,base w11/r12/lb20 + 1h SL2.5/TP10
phase3b_perf_current_base_stability_1h_2p5_10_adx40_runner_rsi90_10_plus_ema100_200_fee04,perf_current_base_stability_1h_2p5_10,managed,40.0,runner_rsi90_10_plus_ema100_200,187,14310.851459999956,1.2107683209264533,44.38502673796791,65.70961112820623,105,82,2516.355639999969,11794.495819999987,1.0618697203709788,1.4331967475691991,0.3713270271982203,,,,,,,performance_only,base w11/r12/lb20 + 1h SL2.5/TP10
phase3b_perf_current_base_stability_1h_2p5_10_adx45_runner_no_signal_fee04,perf_current_base_stability_1h_2p5_10,managed,45.0,runner_no_signal,12,-2178.587399999997,0.0,0.0,21.78587399999997,8,4,-1597.797399999998,-580.789999999999,0.0,0.0,0.0,,,,,,,performance_only,base w11/r12/lb20 + 1h SL2.5/TP10
phase3b_perf_current_base_stability_1h_2p5_10_adx45_runner_rsi85_15_fee04,perf_current_base_stability_1h_2p5_10,managed,45.0,runner_rsi85_15,192,34852.599254285684,1.4292677571270787,48.4375,25.713770979930437,109,83,18493.383889999965,16359.215364285721,1.3698197989318026,1.5245970962483215,0.1547772973165189,,,,,,,performance_only,base w11/r12/lb20 + 1h SL2.5/TP10
phase3b_perf_current_base_stability_1h_2p5_10_adx45_runner_rsi90_10_fee04,perf_current_base_stability_1h_2p5_10,managed,45.0,runner_rsi90_10,185,59153.75929285704,1.6421898705449658,42.7027027027027,30.362109445474516,104,81,23774.729779999943,35379.029512857094,1.4733592378070426,1.8446299764561411,0.37127073864909854,,,,,,,performance_only,base w11/r12/lb20 + 1h SL2.5/TP10
phase3b_perf_current_base_stability_1h_2p5_10_adx45_runner_ema100_200_fee04,perf_current_base_stability_1h_2p5_10,managed,45.0,runner_ema100_200,176,45095.86918428569,1.599873181190693,42.04545454545455,26.986774973011784,97,79,17473.67706000001,27622.192124285684,1.395434125307327,1.891409975869788,0.49597585056246096,,,,,,,performance_only,base w11/r12/lb20 + 1h SL2.5/TP10
phase3b_perf_current_base_stability_1h_2p5_10_adx45_runner_rsi85_15_plus_ema100_200_fee04,perf_current_base_stability_1h_2p5_10,managed,45.0,runner_rsi85_15_plus_ema100_200,192,22623.11142428573,1.2926247007014604,45.83333333333333,29.67467611397644,109,83,10593.552230000012,12029.559194285715,1.2234128492168546,1.4024061041662632,0.17899325494940865,,,,,,,performance_only,base w11/r12/lb20 + 1h SL2.5/TP10
phase3b_perf_current_base_stability_1h_2p5_10_adx45_runner_rsi90_10_plus_ema100_200_fee04,perf_current_base_stability_1h_2p5_10,managed,45.0,runner_rsi90_10_plus_ema100_200,186,42698.58936428568,1.5545395548776444,43.54838709677419,23.637061947402916,105,81,8929.589319999997,33769.00004428569,1.1953923091413778,2.078969608484563,0.8835772993431852,,,,,,,performance_only,base w11/r12/lb20 + 1h SL2.5/TP10
phase3b_perf_current_base_sharp_1h_2p5_10_initial_control_fee04,perf_current_base_sharp_1h_2p5_10,initial,,initial_control,159,78222.32516887976,1.9443639219290159,34.59119496855346,25.058822543257474,89,70,45481.1051385166,32741.220030363173,2.074849301761905,1.8080906971674544,0.2667586045944508,51.0,35.0,,,32.0,104.0,performance_only,base w11/r12/lb10 + 1h SL2.5/TP10
phase3b_perf_current_base_sharp_1h_2p5_10_adx40_runner_no_signal_fee04,perf_current_base_sharp_1h_2p5_10,managed,40.0,runner_no_signal,12,-2178.587399999997,0.0,0.0,21.78587399999997,8,4,-1597.797399999998,-580.789999999999,0.0,0.0,0.0,,,,,,,performance_only,base w11/r12/lb10 + 1h SL2.5/TP10
phase3b_perf_current_base_sharp_1h_2p5_10_adx40_runner_rsi85_15_fee04,perf_current_base_sharp_1h_2p5_10,managed,40.0,runner_rsi85_15,190,38336.0295542857,1.5537671037470082,53.68421052631579,37.893245961263425,107,83,20245.271849999972,18090.757704285723,1.479286026949064,1.6703450634499803,0.19105903650091638,,,,,,,performance_only,base w11/r12/lb10 + 1h SL2.5/TP10
phase3b_perf_current_base_sharp_1h_2p5_10_adx40_runner_rsi90_10_fee04,perf_current_base_sharp_1h_2p5_10,managed,40.0,runner_rsi90_10,182,44237.302092857026,1.524986903657061,46.15384615384615,22.291919402055637,101,81,22680.074089999936,21557.22800285709,1.4785526504856954,1.5846730238703592,0.10612037338466385,,,,,,,performance_only,base w11/r12/lb10 + 1h SL2.5/TP10
phase3b_perf_current_base_sharp_1h_2p5_10_adx40_runner_ema100_200_fee04,perf_current_base_sharp_1h_2p5_10,managed,40.0,runner_ema100_200,174,18835.244499999968,1.2841247728759653,41.95402298850575,77.91076990179289,94,80,7422.9266699999735,11412.317829999995,1.1970355964715038,1.3987652955273575,0.2017296990558537,,,,,,,performance_only,base w11/r12/lb10 + 1h SL2.5/TP10
phase3b_perf_current_base_sharp_1h_2p5_10_adx40_runner_rsi85_15_plus_ema100_200_fee04,perf_current_base_sharp_1h_2p5_10,managed,40.0,runner_rsi85_15_plus_ema100_200,190,26149.73474,1.4138343841346943,49.473684210526315,42.37229888394618,107,83,11085.580049999991,15064.154690000008,1.2869467881598453,1.6134609800200213,0.32651419186017594,,,,,,,performance_only,base w11/r12/lb10 + 1h SL2.5/TP10
phase3b_perf_current_base_sharp_1h_2p5_10_adx40_runner_rsi90_10_plus_ema100_200_fee04,perf_current_base_sharp_1h_2p5_10,managed,40.0,runner_rsi90_10_plus_ema100_200,184,15400.443149999963,1.2315654822484248,45.108695652173914,67.216106064614,102,82,3605.9473299999754,11794.495819999987,1.0918031328946758,1.4331967475691991,0.34139361467452334,,,,,,,performance_only,base w11/r12/lb10 + 1h SL2.5/TP10
phase3b_perf_current_base_sharp_1h_2p5_10_adx45_runner_no_signal_fee04,perf_current_base_sharp_1h_2p5_10,managed,45.0,runner_no_signal,12,-2178.587399999997,0.0,0.0,21.78587399999997,8,4,-1597.797399999998,-580.789999999999,0.0,0.0,0.0,,,,,,,performance_only,base w11/r12/lb10 + 1h SL2.5/TP10
phase3b_perf_current_base_sharp_1h_2p5_10_adx45_runner_rsi85_15_fee04,perf_current_base_sharp_1h_2p5_10,managed,45.0,runner_rsi85_15,189,35365.12186428569,1.4423065425478079,48.67724867724868,22.538799147275768,106,83,19005.90649999997,16359.215364285721,1.3896905403396835,1.5245970962483215,0.13490655590863798,,,,,,,performance_only,base w11/r12/lb10 + 1h SL2.5/TP10
phase3b_perf_current_base_sharp_1h_2p5_10_adx45_runner_rsi90_10_fee04,perf_current_base_sharp_1h_2p5_10,managed,45.0,runner_rsi90_10,182,60765.845472857036,1.6736986961061835,43.40659340659341,30.77961089896496,101,81,25386.815959999938,35379.029512857094,1.5254943906607765,1.8446299764561411,0.3191355857953646,,,,,,,performance_only,base w11/r12/lb10 + 1h SL2.5/TP10
phase3b_perf_current_base_sharp_1h_2p5_10_adx45_runner_ema100_200_fee04,perf_current_base_sharp_1h_2p5_10,managed,45.0,runner_ema100_200,173,46332.70195428569,1.6292150540024883,42.77456647398844,23.40883765414352,94,79,18710.509830000006,27622.192124285684,1.4387129549388673,1.891409975869788,0.4526970209309207,,,,,,,performance_only,base w11/r12/lb10 + 1h SL2.5/TP10
phase3b_perf_current_base_sharp_1h_2p5_10_adx45_runner_rsi85_15_plus_ema100_200_fee04,perf_current_base_sharp_1h_2p5_10,managed,45.0,runner_rsi85_15_plus_ema100_200,189,23859.944194285723,1.3148952273119001,46.56084656084656,26.563037875399342,106,83,11830.385000000007,12029.559194285715,1.2578719240706075,1.4024061041662632,0.14453418009565566,,,,,,,performance_only,base w11/r12/lb10 + 1h SL2.5/TP10
phase3b_perf_current_base_sharp_1h_2p5_10_adx45_runner_rsi90_10_plus_ema100_200_fee04,perf_current_base_sharp_1h_2p5_10,managed,45.0,runner_rsi90_10_plus_ema100_200,183,43935.422134285676,1.5822475414794162,44.26229508196721,20.028601602482745,102,81,10166.422089999991,33769.00004428569,1.2302133615511657,2.078969608484563,0.8487562469333974,,,,,,,performance_only,base w11/r12/lb10 + 1h SL2.5/TP10
