candidate_id,rail,current_width,recent_width,lookback,trades,pnl,return_pct,pf,win_rate_pct,sharpe,max_dd_pct,fees,long_trades,long_pnl,long_pf,long_win_rate_pct,short_trades,short_pnl,short_pf,short_win_rate_pct,bad_context_stops,low_mfe_stops,high_mfe_high_capture,high_mfe_low_capture
phase2a_semantic_primary_215_w9_r8_lb10_sym_1hatr_sl2p15_tp2p15_fee04,2.15,9,8,10,362,3313.196715658281,33.13196715658281,1.092765530754777,56.353591160220994,0.3515086058113989,-20.630546576211938,3188.9189006593356,202,2650.6345072284053,1.1526943733007413,58.91089108910891,160,662.5622084298755,1.0360936896124644,53.125,158,68,89,14
phase2a_semantic_primary_215_w9_r8_lb20_sym_1hatr_sl2p15_tp2p15_fee04,2.15,9,8,20,362,3313.196715658281,33.13196715658281,1.092765530754777,56.353591160220994,0.3515086058113989,-20.630546576211938,3188.9189006593356,202,2650.6345072284053,1.1526943733007413,58.91089108910891,160,662.5622084298755,1.0360936896124644,53.125,158,68,89,14
phase2a_semantic_primary_215_w9_r8_lb35_sym_1hatr_sl2p15_tp2p15_fee04,2.15,9,8,35,362,3313.196715658281,33.13196715658281,1.092765530754777,56.353591160220994,0.3515086058113989,-20.630546576211938,3188.9189006593356,202,2650.6345072284053,1.1526943733007413,58.91089108910891,160,662.5622084298755,1.0360936896124644,53.125,158,68,89,14
phase2a_semantic_primary_215_w9_r10_lb10_sym_1hatr_sl2p15_tp2p15_fee04,2.15,9,10,10,350,3862.860732195996,38.62860732195996,1.116566452265786,56.285714285714285,0.3914452294565561,-19.966320545930337,3007.4215162990045,198,2190.007788795682,1.1304682119483187,58.58585858585859,152,1672.8529434003144,1.1022967533076329,53.289473684210535,153,65,87,14
phase2a_semantic_primary_215_w9_r10_lb20_sym_1hatr_sl2p15_tp2p15_fee04,2.15,9,10,20,352,3696.8316641262113,36.96831664126211,1.1080027807298314,56.25,0.37924781230629884,-19.966320545930337,3068.7880038257904,198,2478.7784230867906,1.1456703919137199,58.58585858585859,154,1218.0532410394208,1.0707648344762613,53.246753246753244,154,65,88,14
phase2a_semantic_primary_215_w9_r10_lb35_sym_1hatr_sl2p15_tp2p15_fee04,2.15,9,10,35,354,3526.880897479594,35.26880897479594,1.1035128572031552,56.21468926553672,0.36765613491323723,-19.966320545930337,3053.908792331673,199,2298.6558770927086,1.1350151147697294,58.291457286432156,155,1228.2250203868855,1.072050447104096,53.5483870967742,155,66,88,14
phase2a_semantic_primary_215_w9_r12_lb10_sym_1hatr_sl2p15_tp2p15_fee04,2.15,9,12,10,285,2307.3690345378427,23.073690345378427,1.0894139139619372,56.14035087719298,0.29591411753759,-24.976249920147843,2366.047460817286,169,1192.156802710005,1.081624116724199,57.98816568047337,116,1115.2122318278375,1.0995722307645617,53.44827586206896,125,55,67,13
phase2a_semantic_primary_215_w9_r12_lb20_sym_1hatr_sl2p15_tp2p15_fee04,2.15,9,12,20,301,4427.246940746892,44.27246940746892,1.1496134180815387,56.47840531561462,0.45067104029978117,-18.48343704208527,2778.6571446179337,178,1787.2490641537795,1.1071917872040866,57.865168539325836,123,2639.9978765931123,1.2043679616201852,54.47154471544715,131,57,76,13
phase2a_semantic_primary_215_w9_r12_lb35_sym_1hatr_sl2p15_tp2p15_fee04,2.15,9,12,35,320,3768.5687699594614,37.68568769959462,1.1241807209673593,56.56250000000001,0.3982497586508541,-18.48343704208527,2833.6456263815403,186,2369.7891974586223,1.1449561922541962,58.602150537634415,134,1398.779572500839,1.0999189540826118,53.73134328358209,139,61,78,14
phase2a_semantic_primary_215_w9_r14_lb10_sym_1hatr_sl2p15_tp2p15_fee04,2.15,9,14,10,211,-309.18094346863336,-3.0918094346863336,0.9816994666458462,53.08056872037915,0.021596118801787096,-23.395456908663792,1559.2385706134671,124,432.7361478060933,1.0456840200312572,55.64516129032258,87,-741.9170912747267,0.9000417080742754,49.42528735632184,99,51,42,9
phase2a_semantic_primary_215_w9_r14_lb20_sym_1hatr_sl2p15_tp2p15_fee04,2.15,9,14,20,237,-346.0766565907535,-3.4607665659075346,0.9822371427944653,53.58649789029536,0.026234114505917904,-23.439327930762587,1750.71308752626,142,52.76670141861173,1.0045848056938762,54.929577464788736,95,-398.84335800936526,0.9499828130394184,51.578947368421055,110,53,51,11
phase2a_semantic_primary_215_w9_r14_lb35_sym_1hatr_sl2p15_tp2p15_fee04,2.15,9,14,35,258,-82.55914824171265,-0.8255914824171265,0.9960242631242563,54.263565891472865,0.06093093076276037,-22.52824316396148,1897.338808288922,156,839.0064526192108,1.0691297992945237,56.41025641025641,102,-921.5656008609235,0.8932021442763775,50.98039215686274,118,55,54,11
phase2a_semantic_primary_215_w11_r8_lb10_sym_1hatr_sl2p15_tp2p15_fee04,2.15,11,8,10,204,3567.6542934604167,35.676542934604164,1.1897076702501066,56.86274509803921,0.4485609239641451,-20.926434911146462,1894.2460596707347,114,1513.6780949467386,1.1510864526731839,58.77192982456141,90,2053.9761985136784,1.2337399914085685,54.44444444444444,88,48,46,5
phase2a_semantic_primary_215_w11_r8_lb20_sym_1hatr_sl2p15_tp2p15_fee04,2.15,11,8,20,204,3567.6542934604167,35.676542934604164,1.1897076702501066,56.86274509803921,0.4485609239641451,-20.926434911146462,1894.2460596707347,114,1513.6780949467386,1.1510864526731839,58.77192982456141,90,2053.9761985136784,1.2337399914085685,54.44444444444444,88,48,46,5
phase2a_semantic_primary_215_w11_r8_lb35_sym_1hatr_sl2p15_tp2p15_fee04,2.15,11,8,35,204,3567.6542934604167,35.676542934604164,1.1897076702501066,56.86274509803921,0.4485609239641451,-20.926434911146462,1894.2460596707347,114,1513.6780949467386,1.1510864526731839,58.77192982456141,90,2053.9761985136784,1.2337399914085685,54.44444444444444,88,48,46,5
phase2a_semantic_primary_215_w11_r10_lb10_sym_1hatr_sl2p15_tp2p15_fee04,2.15,11,10,10,204,3567.6542934604167,35.676542934604164,1.1897076702501066,56.86274509803921,0.4485609239641451,-20.926434911146462,1894.2460596707347,114,1513.6780949467386,1.1510864526731839,58.77192982456141,90,2053.9761985136784,1.2337399914085685,54.44444444444444,88,48,46,5
phase2a_semantic_primary_215_w11_r10_lb20_sym_1hatr_sl2p15_tp2p15_fee04,2.15,11,10,20,204,3567.6542934604167,35.676542934604164,1.1897076702501066,56.86274509803921,0.4485609239641451,-20.926434911146462,1894.2460596707347,114,1513.6780949467386,1.1510864526731839,58.77192982456141,90,2053.9761985136784,1.2337399914085685,54.44444444444444,88,48,46,5
phase2a_semantic_primary_215_w11_r10_lb35_sym_1hatr_sl2p15_tp2p15_fee04,2.15,11,10,35,204,3567.6542934604167,35.676542934604164,1.1897076702501066,56.86274509803921,0.4485609239641451,-20.926434911146462,1894.2460596707347,114,1513.6780949467386,1.1510864526731839,58.77192982456141,90,2053.9761985136784,1.2337399914085685,54.44444444444444,88,48,46,5
phase2a_semantic_primary_215_w11_r12_lb10_sym_1hatr_sl2p15_tp2p15_fee04,2.15,11,12,10,197,4088.0166949111863,40.88016694911186,1.2179238407692008,57.868020304568525,0.5013723873014091,-20.34381371580478,1908.6627918662386,110,2099.7414969540755,1.2139675510904966,60.0,87,1988.2751979571105,1.2222639283045622,55.172413793103445,83,45,45,5
phase2a_semantic_primary_215_w11_r12_lb20_sym_1hatr_sl2p15_tp2p15_fee04,2.15,11,12,20,200,3812.0303071275575,38.12030307127557,1.2024903895381285,57.49999999999999,0.4755075288392745,-20.347332172614262,1912.1041216119995,113,1838.5790631162497,1.1835503683033415,59.29203539823009,87,1973.451244011308,1.2240272260752558,55.172413793103445,85,46,45,5
phase2a_semantic_primary_215_w11_r12_lb35_sym_1hatr_sl2p15_tp2p15_fee04,2.15,11,12,35,203,3190.5307400602005,31.905307400602005,1.1700465015798922,56.65024630541872,0.415693712053107,-20.926434911146462,1879.1709713159332,114,1529.86918962784,1.1531834415043696,58.77192982456141,89,1660.6615504323606,1.1892378621842514,53.93258426966292,88,48,45,5
phase2a_semantic_primary_215_w11_r14_lb10_sym_1hatr_sl2p15_tp2p15_fee04,2.15,11,14,10,168,1254.954268191191,12.54954268191191,1.0864402594562708,54.761904761904766,0.22865591665727023,-21.16411671255688,1430.3480007883907,95,926.4875125941254,1.1176470703912003,56.84210526315789,73,328.46675559706557,1.0494453544410667,52.054794520547944,76,45,35,4
phase2a_semantic_primary_215_w11_r14_lb20_sym_1hatr_sl2p15_tp2p15_fee04,2.15,11,14,20,176,2833.1637499601275,28.331637499601275,1.1756344734854585,56.81818181818182,0.40444980573813305,-20.225822264167693,1646.3608746307723,101,2049.6925877274252,1.2321719375834306,59.4059405940594,75,783.4711622327021,1.1072853704871561,53.333333333333336,76,44,39,4
phase2a_semantic_primary_215_w11_r14_lb35_sym_1hatr_sl2p15_tp2p15_fee04,2.15,11,14,35,184,2832.2599346417032,28.322599346417032,1.172176940184937,56.52173913043478,0.4031349901346876,-20.809306472462186,1702.0410995168,107,2197.0385548696954,1.242165833444376,59.813084112149525,77,635.2213797720082,1.0861054354823405,51.94805194805194,80,46,39,4
phase2a_semantic_upper_235_w9_r8_lb10_sym_1hatr_sl2p35_tp2p35_fee04,2.35,9,8,10,360,3462.523198316544,34.62523198316544,1.0869065047474422,55.833333333333336,0.35188237089314167,-22.22069893775549,3229.4269851715703,202,2223.9007256382415,1.1130750867969468,57.920792079207914,158,1238.6224726783025,1.0613955548013216,53.16455696202531,159,64,103,14
phase2a_semantic_upper_235_w9_r8_lb20_sym_1hatr_sl2p35_tp2p35_fee04,2.35,9,8,20,360,3462.523198316544,34.62523198316544,1.0869065047474422,55.833333333333336,0.35188237089314167,-22.22069893775549,3229.4269851715703,202,2223.9007256382415,1.1130750867969468,57.920792079207914,158,1238.6224726783025,1.0613955548013216,53.16455696202531,159,64,103,14
phase2a_semantic_upper_235_w9_r8_lb35_sym_1hatr_sl2p35_tp2p35_fee04,2.35,9,8,35,360,3462.523198316544,34.62523198316544,1.0869065047474422,55.833333333333336,0.35188237089314167,-22.22069893775549,3229.4269851715703,202,2223.9007256382415,1.1130750867969468,57.920792079207914,158,1238.6224726783025,1.0613955548013216,53.16455696202531,159,64,103,14
phase2a_semantic_upper_235_w9_r10_lb10_sym_1hatr_sl2p35_tp2p35_fee04,2.35,9,10,10,348,4061.551249746445,40.61551249746445,1.1101302647147187,55.74712643678161,0.39213483710844776,-21.937931634377094,3038.1256228800244,198,1702.440071367788,1.0896982046147878,57.57575757575758,150,2359.111178378657,1.1317948435365828,53.333333333333336,154,61,101,14
phase2a_semantic_upper_235_w9_r10_lb20_sym_1hatr_sl2p35_tp2p35_fee04,2.35,9,10,20,350,3878.0095235021276,38.78009523502128,1.101670821652316,55.714285714285715,0.3796989006451945,-21.937931634376906,3103.905416676292,198,2025.0060340587809,1.105136083781326,57.57575757575758,152,1853.0034894433468,1.0981360375010747,53.289473684210535,155,61,102,14
phase2a_semantic_upper_235_w9_r10_lb35_sym_1hatr_sl2p35_tp2p35_fee04,2.35,9,10,35,352,3692.0185806337645,36.92018580633765,1.097327393625211,55.68181818181818,0.3678687465501752,-21.93793163437634,3086.348124140261,199,1836.548238862278,1.095403897494127,57.286432160804026,153,1855.4703417714866,1.099309208313499,53.59477124183007,156,62,102,14
phase2a_semantic_upper_235_w9_r12_lb10_sym_1hatr_sl2p35_tp2p35_fee04,2.35,9,12,10,283,1988.5959388304882,19.885959388304883,1.069074359653854,55.12367491166078,0.2616438951972461,-25.686609479822387,2375.960348740847,169,704.0150025638721,1.0427976755339592,56.80473372781065,114,1284.5809362666162,1.104104310995801,52.63157894736842,127,53,78,13
phase2a_semantic_upper_235_w9_r12_lb20_sym_1hatr_sl2p35_tp2p35_fee04,2.35,9,12,20,299,4274.044409972947,42.740444099729466,1.1280592927828055,55.51839464882943,0.4245825903556114,-19.714788508318705,2820.9582543982256,178,1244.8999834259248,1.0655707339000957,56.74157303370787,121,3029.1444265470222,1.21050478568671,53.71900826446281,133,55,87,13
phase2a_semantic_upper_235_w9_r12_lb35_sym_1hatr_sl2p35_tp2p35_fee04,2.35,9,12,35,318,3938.1608588339964,39.38160858833996,1.1162818648339043,55.9748427672956,0.3967173318991538,-19.714788508318705,2868.4964975770135,186,1912.2856261173574,1.1031253970111132,57.52688172043011,132,2025.8752327166392,1.1322022089945116,53.78787878787878,140,58,90,14
phase2a_semantic_upper_235_w9_r14_lb10_sym_1hatr_sl2p35_tp2p35_fee04,2.35,9,14,10,209,-460.76125027385314,-4.607612502738531,0.9750868546298492,53.110047846889955,0.010086482698618289,-25.874184871999905,1544.3690631902564,124,474.86671169160593,1.0458780909243204,56.451612903225815,85,-935.627961965459,0.8851156221814642,48.23529411764706,98,46,51,9
phase2a_semantic_upper_235_w9_r14_lb20_sym_1hatr_sl2p35_tp2p35_fee04,2.35,9,14,20,235,-601.3686701138923,-6.013686701138924,0.9717731952062418,53.191489361702125,0.0035954035879934058,-26.337274716334058,1728.376267844706,142,-35.375795048049426,0.9971890613652882,54.929577464788736,93,-565.9928750658429,0.9350913115780725,50.53763440860215,110,49,62,11
phase2a_semantic_upper_235_w9_r14_lb35_sym_1hatr_sl2p35_tp2p35_fee04,2.35,9,14,35,256,-423.9418288777569,-4.239418288777569,0.9812744021782099,53.515625,0.02807562812799651,-25.706461343913347,1862.8934679118056,156,707.1378647816501,1.053338293167386,55.769230769230774,100,-1131.079693659407,0.8794427145255761,50.0,119,52,65,11
phase2a_semantic_upper_235_w11_r8_lb10_sym_1hatr_sl2p35_tp2p35_fee04,2.35,11,8,10,203,3934.3138007704406,39.343138007704404,1.1871471309203296,56.65024630541872,0.4606347858290714,-25.02150440364821,1924.2298602443382,114,1784.30439381677,1.160238276367567,58.77192982456141,89,2150.009406953671,1.217452691256743,53.93258426966292,88,45,55,5
phase2a_semantic_upper_235_w11_r8_lb20_sym_1hatr_sl2p35_tp2p35_fee04,2.35,11,8,20,203,3934.3138007704406,39.343138007704404,1.1871471309203296,56.65024630541872,0.4606347858290714,-25.02150440364821,1924.2298602443382,114,1784.30439381677,1.160238276367567,58.77192982456141,89,2150.009406953671,1.217452691256743,53.93258426966292,88,45,55,5
phase2a_semantic_upper_235_w11_r8_lb35_sym_1hatr_sl2p35_tp2p35_fee04,2.35,11,8,35,203,3934.3138007704406,39.343138007704404,1.1871471309203296,56.65024630541872,0.4606347858290714,-25.02150440364821,1924.2298602443382,114,1784.30439381677,1.160238276367567,58.77192982456141,89,2150.009406953671,1.217452691256743,53.93258426966292,88,45,55,5
phase2a_semantic_upper_235_w11_r10_lb10_sym_1hatr_sl2p35_tp2p35_fee04,2.35,11,10,10,203,3934.3138007704406,39.343138007704404,1.1871471309203296,56.65024630541872,0.4606347858290714,-25.02150440364821,1924.2298602443382,114,1784.30439381677,1.160238276367567,58.77192982456141,89,2150.009406953671,1.217452691256743,53.93258426966292,88,45,55,5
phase2a_semantic_upper_235_w11_r10_lb20_sym_1hatr_sl2p35_tp2p35_fee04,2.35,11,10,20,203,3934.3138007704406,39.343138007704404,1.1871471309203296,56.65024630541872,0.4606347858290714,-25.02150440364821,1924.2298602443382,114,1784.30439381677,1.160238276367567,58.77192982456141,89,2150.009406953671,1.217452691256743,53.93258426966292,88,45,55,5
phase2a_semantic_upper_235_w11_r10_lb35_sym_1hatr_sl2p35_tp2p35_fee04,2.35,11,10,35,203,3934.3138007704406,39.343138007704404,1.1871471309203296,56.65024630541872,0.4606347858290714,-25.02150440364821,1924.2298602443382,114,1784.30439381677,1.160238276367567,58.77192982456141,89,2150.009406953671,1.217452691256743,53.93258426966292,88,45,55,5
phase2a_semantic_upper_235_w11_r12_lb10_sym_1hatr_sl2p35_tp2p35_fee04,2.35,11,12,10,196,4311.636866549699,43.11636866549699,1.205158874575288,57.14285714285714,0.4961500507523078,-23.614836144166773,1931.4533976304829,110,2415.670614804114,1.2219948615521226,60.0,86,1895.9662517455854,1.1870815660742675,53.48837209302325,84,43,54,5
phase2a_semantic_upper_235_w11_r12_lb20_sym_1hatr_sl2p35_tp2p35_fee04,2.35,11,12,20,199,4008.6450152880157,40.086450152880154,1.1902674487678315,56.78391959798995,0.4708741189440682,-24.95330092406639,1933.461853356476,113,2120.5302961055927,1.1909685907471361,59.29203539823009,86,1888.114719182423,1.1894861133367918,53.48837209302325,86,44,54,5
phase2a_semantic_upper_235_w11_r12_lb35_sym_1hatr_sl2p35_tp2p35_fee04,2.35,11,12,35,202,3510.9644232527185,35.10964423252719,1.1674329668816792,56.43564356435643,0.42652738714844457,-25.02150440364821,1908.3420980930227,114,1804.0156877099387,1.1625720555479606,58.77192982456141,88,1706.94873554278,1.1728965552863793,53.40909090909091,88,45,54,5
phase2a_semantic_upper_235_w11_r14_lb10_sym_1hatr_sl2p35_tp2p35_fee04,2.35,11,14,10,167,1523.2892357561816,15.232892357561816,1.094565844880428,55.08982035928144,0.25184037109500723,-24.447058567598777,1449.5441830429863,95,1249.3680065261697,1.1444096184321146,57.89473684210527,72,273.92122923001193,1.0367350005504288,51.388888888888886,75,41,44,4
phase2a_semantic_upper_235_w11_r14_lb20_sym_1hatr_sl2p35_tp2p35_fee04,2.35,11,14,20,175,3145.8518555727,31.458518555727,1.174066009570558,56.57142857142857,0.41539345811871237,-22.09534808899306,1675.6809874274993,101,2376.9222923628863,1.2417565592461701,59.4059405940594,74,768.9295632098139,1.0933068562618424,52.702702702702695,76,41,48,4
phase2a_semantic_upper_235_w11_r14_lb35_sym_1hatr_sl2p35_tp2p35_fee04,2.35,11,14,35,183,3337.607497403405,33.37607497403405,1.1810710893250622,56.830601092896174,0.43267074713217984,-23.529998426538455,1743.858174461137,107,2577.1440696866,1.253779026105387,59.813084112149525,76,760.463427716805,1.0918710402646088,52.63157894736842,79,42,48,4
phase2a_transition_245_w9_r8_lb10_sym_1hatr_sl2p45_tp2p45_fee04,2.45,9,8,10,360,4483.573444358731,44.835734443587306,1.1067653133018673,56.388888888888886,0.4073111524009656,-22.163255564610918,3306.3422586119186,202,3451.999063463209,1.1701061498865521,59.4059405940594,158,1031.5743808955217,1.0475347953851075,52.53164556962025,157,62,109,15
phase2a_transition_245_w9_r8_lb20_sym_1hatr_sl2p45_tp2p45_fee04,2.45,9,8,20,360,4483.573444358731,44.835734443587306,1.1067653133018673,56.388888888888886,0.4073111524009656,-22.163255564610918,3306.3422586119186,202,3451.999063463209,1.1701061498865521,59.4059405940594,158,1031.5743808955217,1.0475347953851075,52.53164556962025,157,62,109,15
phase2a_transition_245_w9_r8_lb35_sym_1hatr_sl2p45_tp2p45_fee04,2.45,9,8,35,360,4483.573444358731,44.835734443587306,1.1067653133018673,56.388888888888886,0.4073111524009656,-22.163255564610918,3306.3422586119186,202,3451.999063463209,1.1701061498865521,59.4059405940594,158,1031.5743808955217,1.0475347953851075,52.53164556962025,157,62,109,15
phase2a_transition_245_w9_r10_lb10_sym_1hatr_sl2p45_tp2p45_fee04,2.45,9,10,10,348,5151.638616053605,51.51638616053605,1.1329583461482553,56.32183908045977,0.4479258393261038,-22.576012783154688,3106.093821027061,198,2836.68679401698,1.1448810254873647,59.09090909090909,150,2314.9518220366244,1.1207790194109857,52.666666666666664,152,59,106,15
phase2a_transition_245_w9_r10_lb20_sym_1hatr_sl2p45_tp2p45_fee04,2.45,9,10,20,350,4945.58891384468,49.4558891384468,1.1232517719645756,56.285714285714285,0.43529112884073506,-22.57601278315323,3175.0421615342525,198,3204.949136728234,1.1613152033306726,59.09090909090909,152,1740.6397771164463,1.085922364610046,52.63157894736842,153,59,108,15
phase2a_transition_245_w9_r10_lb35_sym_1hatr_sl2p45_tp2p45_fee04,2.45,9,10,35,352,4737.857335040859,47.37857335040859,1.118785595470276,56.25,0.4234536626478516,-22.576012783151477,3155.212791305131,199,2997.493235839658,1.1510177658566583,58.79396984924623,153,1740.3640992012006,1.0868567518895065,52.94117647058824,154,60,108,15
phase2a_transition_245_w9_r12_lb10_sym_1hatr_sl2p45_tp2p45_fee04,2.45,9,12,10,283,2813.206006983193,28.132060069831933,1.0934018087834025,55.830388692579504,0.32185356647519164,-26.386091204447325,2418.69238858808,169,1772.1655116541988,1.1052504811433155,58.57988165680473,114,1041.0404953289942,1.0783810075423634,51.75438596491229,125,51,82,14
phase2a_transition_245_w9_r12_lb20_sym_1hatr_sl2p45_tp2p45_fee04,2.45,9,12,20,299,5374.525351378222,53.745253513782224,1.152983023616922,56.187290969899664,0.4826007305514981,-20.360026423965838,2891.2452631288093,178,2469.694920582068,1.1261953935223517,58.42696629213483,121,2904.8304307961535,1.1866724428901743,52.892561983471076,131,53,91,14
phase2a_transition_245_w9_r12_lb35_sym_1hatr_sl2p45_tp2p45_fee04,2.45,9,12,35,318,5004.865390500856,50.04865390500856,1.140646378065501,56.60377358490566,0.4542798146273623,-20.360026423965838,2935.702093740669,186,3102.321035593035,1.1623311875081923,59.13978494623656,132,1902.544354907821,1.1154899115315209,53.03030303030303,138,56,95,15
phase2a_transition_245_w9_r14_lb10_sym_1hatr_sl2p45_tp2p45_fee04,2.45,9,14,10,209,-709.7658338940007,-7.097658338940008,0.9624398424685884,53.110047846889955,-0.016242211747754132,-26.706074688549087,1503.0050577861034,124,616.9057985364907,1.0591328119789265,57.25806451612904,85,-1326.6716324304914,0.8432613616036573,47.05882352941176,98,45,53,10
phase2a_transition_245_w9_r14_lb20_sym_1hatr_sl2p45_tp2p45_fee04,2.45,9,14,20,235,-482.13658597595247,-4.821365859759524,0.9782251285212142,53.61702127659574,0.022154349123735626,-27.102221295538122,1730.904602316774,142,478.75539977014256,1.0373659231223142,56.33802816901409,93,-960.8919857460951,0.8970023257803107,49.46236559139785,109,47,65,12
phase2a_transition_245_w9_r14_lb35_sym_1hatr_sl2p45_tp2p45_fee04,2.45,9,14,35,256,-288.62090613271596,-2.88620906132716,0.9877337034071217,53.90625,0.047339531739992065,-26.421834216924832,1865.6943469508672,156,1248.295542894103,1.0923211792680236,57.05128205128205,100,-1536.9164490268188,0.846436763715054,49.0,118,50,69,12
phase2a_transition_245_w11_r8_lb10_sym_1hatr_sl2p45_tp2p45_fee04,2.45,11,8,10,203,3787.3408094067404,37.8734080940674,1.1747740088445884,56.65024630541872,0.4376682709989572,-25.83494815114825,1891.5329964940865,114,1990.2791125489543,1.1756972106289194,59.64912280701754,89,1797.0616968577858,1.1737628029798517,52.80898876404494,88,44,56,6
phase2a_transition_245_w11_r8_lb20_sym_1hatr_sl2p45_tp2p45_fee04,2.45,11,8,20,203,3787.3408094067404,37.8734080940674,1.1747740088445884,56.65024630541872,0.4376682709989572,-25.83494815114825,1891.5329964940865,114,1990.2791125489543,1.1756972106289194,59.64912280701754,89,1797.0616968577858,1.1737628029798517,52.80898876404494,88,44,56,6
phase2a_transition_245_w11_r8_lb35_sym_1hatr_sl2p45_tp2p45_fee04,2.45,11,8,35,203,3787.3408094067404,37.8734080940674,1.1747740088445884,56.65024630541872,0.4376682709989572,-25.83494815114825,1891.5329964940865,114,1990.2791125489543,1.1756972106289194,59.64912280701754,89,1797.0616968577858,1.1737628029798517,52.80898876404494,88,44,56,6
phase2a_transition_245_w11_r10_lb10_sym_1hatr_sl2p45_tp2p45_fee04,2.45,11,10,10,203,3787.3408094067404,37.8734080940674,1.1747740088445884,56.65024630541872,0.4376682709989572,-25.83494815114825,1891.5329964940865,114,1990.2791125489543,1.1756972106289194,59.64912280701754,89,1797.0616968577858,1.1737628029798517,52.80898876404494,88,44,56,6
phase2a_transition_245_w11_r10_lb20_sym_1hatr_sl2p45_tp2p45_fee04,2.45,11,10,20,203,3787.3408094067404,37.8734080940674,1.1747740088445884,56.65024630541872,0.4376682709989572,-25.83494815114825,1891.5329964940865,114,1990.2791125489543,1.1756972106289194,59.64912280701754,89,1797.0616968577858,1.1737628029798517,52.80898876404494,88,44,56,6
phase2a_transition_245_w11_r10_lb35_sym_1hatr_sl2p45_tp2p45_fee04,2.45,11,10,35,203,3787.3408094067404,37.8734080940674,1.1747740088445884,56.65024630541872,0.4376682709989572,-25.83494815114825,1891.5329964940865,114,1990.2791125489543,1.1756972106289194,59.64912280701754,89,1797.0616968577858,1.1737628029798517,52.80898876404494,88,44,56,6
phase2a_transition_245_w11_r12_lb10_sym_1hatr_sl2p45_tp2p45_fee04,2.45,11,12,10,196,4173.782778360487,41.73782778360487,1.192326790084704,57.14285714285714,0.47267666315226115,-24.384791708223585,1901.7479903477263,110,2636.84213764121,1.2378133220516943,60.909090909090914,86,1536.9406407192769,1.1448079288818493,52.32558139534884,84,42,55,6
phase2a_transition_245_w11_r12_lb20_sym_1hatr_sl2p45_tp2p45_fee04,2.45,11,12,20,199,3862.498045430622,38.62498045430622,1.1776587626783621,56.78391959798995,0.4472887224980628,-25.76748461297904,1902.5430256656407,113,2334.6917793978805,1.2064482137559542,60.17699115044248,86,1527.8062660327419,1.146450216373657,52.32558139534884,86,43,55,6
phase2a_transition_245_w11_r12_lb35_sym_1hatr_sl2p45_tp2p45_fee04,2.45,11,12,35,202,3350.7006728956303,33.5070067289563,1.15503371971565,56.43564356435643,0.40292339770844127,-25.83494815114825,1875.6120983788835,114,2011.4103671946662,1.1782159809875297,59.64912280701754,88,1339.2903057009644,1.1296962848373757,52.27272727272727,88,44,55,6
phase2a_transition_245_w11_r14_lb10_sym_1hatr_sl2p45_tp2p45_fee04,2.45,11,14,10,167,1300.0551652295549,13.000551652295547,1.078427186743782,55.08982035928144,0.22120673662399992,-25.250526201257028,1419.2428238530333,95,1431.4189514150992,1.1635264261499203,58.94736842105262,72,-131.36378618554428,0.9832083190401342,50.0,75,40,45,5
phase2a_transition_245_w11_r14_lb20_sym_1hatr_sl2p45_tp2p45_fee04,2.45,11,14,20,175,2965.953765247015,29.659537652470146,1.1589525553837223,56.57142857142857,0.38745864288452025,-22.818300974203652,1647.5412686804075,101,2596.6098001897913,1.2597674610444487,60.396039603960396,74,369.3439650572235,1.0426323646919353,51.35135135135135,76,40,49,5
phase2a_transition_245_w11_r14_lb35_sym_1hatr_sl2p45_tp2p45_fee04,2.45,11,14,35,183,3166.880284422546,31.668802844225464,1.166456961688953,56.830601092896174,0.4053701219423237,-24.29849974170676,1714.4884986470104,107,2802.304832151988,1.2713697886330588,60.747663551401864,76,364.57545227055766,1.041911475227914,51.31578947368421,79,41,49,5
