rail,current_width,recent_width,width_lookback,candidates,mean_pf,median_pf,mean_pnl,median_pnl,mean_wr_pct,median_wr_pct,mean_trades,pf_ge_1_15,both_sides_pf_gt_1,mean_pf_symmetry_gap
2.15,10,11,10,1,1.1368198752266965,1.1368198752266965,3309.377723229172,3309.377723229172,55.925925925925924,55.925925925925924,270.0,0,0,0.33704545435914757
2.15,10,11,20,1,1.1444885235691418,1.1444885235691418,3674.2455777385057,3674.2455777385057,56.043956043956044,56.043956043956044,273.0,0,1,0.30903354557983165
2.15,10,11,35,1,1.1387704940851617,1.1387704940851617,3556.936380772209,3556.936380772209,56.272401433691755,56.272401433691755,279.0,0,1,0.2517607289185697
2.15,10,12,10,1,1.1047723955715951,1.1047723955715951,2304.8454666554157,2304.8454666554157,55.91836734693878,55.91836734693878,245.0,0,1,0.24607662301762634
2.15,10,12,20,1,1.1229252132329266,1.1229252132329266,2903.78897859958,2903.78897859958,56.07843137254902,56.07843137254902,255.0,0,1,0.22197307697738022
2.15,10,12,35,1,1.101380613095886,1.101380613095886,2410.03739129445,2410.03739129445,55.762081784386616,55.762081784386616,269.0,0,1,0.1664281087847519
2.15,10,13,10,1,1.0416223595442313,1.0416223595442313,740.8872288613828,740.8872288613828,55.092592592592595,55.092592592592595,216.0,0,0,0.08965709420301382
2.15,10,13,20,1,1.0483499561273772,1.0483499561273772,978.629659134855,978.629659134855,55.12820512820513,55.12820512820513,234.0,0,1,0.09184130788337996
2.15,10,13,35,1,1.0213239631084312,1.0213239631084312,440.553827151572,440.553827151572,54.655870445344135,54.655870445344135,247.0,0,1,0.0013181974685692044
2.15,11,11,10,1,1.1897076702501066,1.1897076702501066,3567.6542934604167,3567.6542934604167,56.86274509803921,56.86274509803921,204.0,1,1,0.08265353873538461
2.15,11,11,20,1,1.1897076702501066,1.1897076702501066,3567.6542934604167,3567.6542934604167,56.86274509803921,56.86274509803921,204.0,1,1,0.08265353873538461
2.15,11,11,35,1,1.1897076702501066,1.1897076702501066,3567.6542934604167,3567.6542934604167,56.86274509803921,56.86274509803921,204.0,1,1,0.08265353873538461
2.15,11,12,10,1,1.2179238407692008,1.2179238407692008,4088.0166949111863,4088.0166949111863,57.868020304568525,57.868020304568525,197.0,1,1,0.00829637721406562
2.15,11,12,20,1,1.2024903895381285,1.2024903895381285,3812.0303071275575,3812.0303071275575,57.49999999999999,57.49999999999999,200.0,1,1,0.04047685777191434
2.15,11,12,35,1,1.1700465015798922,1.1700465015798922,3190.5307400602005,3190.5307400602005,56.65024630541872,56.65024630541872,203.0,1,1,0.03605442067988185
2.15,11,13,10,1,1.1054707990595336,1.1054707990595336,1692.0646037927518,1692.0646037927518,55.91397849462365,55.91397849462365,186.0,0,1,0.14577390065432239
2.15,11,13,20,1,1.1791233357604674,1.1791233357604674,3191.672720521045,3191.672720521045,56.994818652849744,56.994818652849744,193.0,1,1,0.052133131543735445
2.15,11,13,35,1,1.1713139914575257,1.1713139914575257,3104.4843580291504,3104.4843580291504,56.56565656565656,56.56565656565656,198.0,1,1,0.10281170306690357
2.15,12,11,10,1,1.0675575352048956,1.0675575352048956,796.0621589124296,796.0621589124296,54.48275862068965,54.48275862068965,145.0,0,0,0.3691679056690369
2.15,12,11,20,1,1.0675575352048956,1.0675575352048956,796.0621589124296,796.0621589124296,54.48275862068965,54.48275862068965,145.0,0,0,0.3691679056690369
2.15,12,11,35,1,1.0675575352048956,1.0675575352048956,796.0621589124296,796.0621589124296,54.48275862068965,54.48275862068965,145.0,0,0,0.3691679056690369
2.15,12,12,10,1,1.0675575352048956,1.0675575352048956,796.0621589124296,796.0621589124296,54.48275862068965,54.48275862068965,145.0,0,0,0.3691679056690369
2.15,12,12,20,1,1.0675575352048956,1.0675575352048956,796.0621589124296,796.0621589124296,54.48275862068965,54.48275862068965,145.0,0,0,0.3691679056690369
2.15,12,12,35,1,1.0675575352048956,1.0675575352048956,796.0621589124296,796.0621589124296,54.48275862068965,54.48275862068965,145.0,0,0,0.3691679056690369
2.15,12,13,10,1,1.0930632629785892,1.0930632629785892,1042.5915053613119,1042.5915053613119,54.929577464788736,54.929577464788736,142.0,0,0,0.22972120201588153
2.15,12,13,20,1,1.0680398325730975,1.0680398325730975,780.1120583958416,780.1120583958416,54.54545454545454,54.54545454545454,143.0,0,0,0.27017633345963277
2.15,12,13,35,1,1.068039638908391,1.068039638908391,780.1097748285857,780.1097748285857,54.54545454545454,54.54545454545454,143.0,0,0,0.2701759998891142
2.35,10,11,10,1,1.1326362637991143,1.1326362637991143,3583.314868170488,3583.314868170488,55.59701492537313,55.59701492537313,268.0,0,0,0.4364454345319416
2.35,10,11,20,1,1.1400554737526365,1.1400554737526365,3993.18801335664,3993.18801335664,55.71955719557196,55.71955719557196,271.0,0,0,0.40619006388138634
2.35,10,11,35,1,1.1285036447942662,1.1285036447942662,3675.8937870354216,3675.8937870354216,55.5956678700361,55.5956678700361,277.0,0,0,0.3330984535170587
2.35,10,12,10,1,1.0795611980766144,1.0795611980766144,1957.6523365311705,1957.6523365311705,54.73251028806584,54.73251028806584,243.0,0,0,0.289208637249458
2.35,10,12,20,1,1.0980877936518028,1.0980877936518028,2603.277031865927,2603.277031865927,54.9407114624506,54.9407114624506,253.0,0,0,0.26748492931320933
2.35,10,12,35,1,1.0912504153417653,1.0912504153417653,2409.120994078699,2409.120994078699,55.0561797752809,55.0561797752809,267.0,0,0,0.24414999967979367
2.35,10,13,10,1,1.018414536161126,1.018414536161126,358.97463892707344,358.97463892707344,54.20560747663551,54.20560747663551,214.0,0,0,0.1126854088943221
2.35,10,13,20,1,1.0221774364743903,1.0221774364743903,491.4015691366012,491.4015691366012,53.879310344827594,53.879310344827594,232.0,0,0,0.06788408733544271
2.35,10,13,35,1,0.9973367210457378,0.9973367210457378,-59.998329273787476,-59.998329273787476,53.46938775510204,53.46938775510204,245.0,0,0,0.02140991704177997
2.35,11,11,10,1,1.1871471309203296,1.1871471309203296,3934.3138007704406,3934.3138007704406,56.65024630541872,56.65024630541872,203.0,1,1,0.057214414889176
2.35,11,11,20,1,1.1871471309203296,1.1871471309203296,3934.3138007704406,3934.3138007704406,56.65024630541872,56.65024630541872,203.0,1,1,0.057214414889176
2.35,11,11,35,1,1.1871471309203296,1.1871471309203296,3934.3138007704406,3934.3138007704406,56.65024630541872,56.65024630541872,203.0,1,1,0.057214414889176
2.35,11,12,10,1,1.205158874575288,1.205158874575288,4311.636866549699,4311.636866549699,57.14285714285714,57.14285714285714,196.0,1,1,0.034913295477855044
2.35,11,12,20,1,1.1902674487678315,1.1902674487678315,4008.6450152880157,4008.6450152880157,56.78391959798995,56.78391959798995,199.0,1,1,0.0014824774103443517
2.35,11,12,35,1,1.1674329668816792,1.1674329668816792,3510.9644232527185,3510.9644232527185,56.43564356435643,56.43564356435643,202.0,1,1,0.010324499738418647
2.35,11,13,10,1,1.1019155638910285,1.1019155638910285,1810.4384193092194,1810.4384193092194,55.67567567567567,55.67567567567567,185.0,0,1,0.19968026322589538
2.35,11,13,20,1,1.1667994467875111,1.1667994467875111,3316.222203296565,3316.222203296565,56.25,56.25,192.0,1,1,0.09317056061268691
2.35,11,13,35,1,1.1684218969442126,1.1684218969442126,3410.825088636759,3410.825088636759,56.34517766497462,56.34517766497462,197.0,1,1,0.1286992398409259
2.35,12,11,10,1,1.05146476827649,1.05146476827649,668.2989889132914,668.2989889132914,53.47222222222222,53.47222222222222,144.0,0,0,0.3050849105590525
2.35,12,11,20,1,1.05146476827649,1.05146476827649,668.2989889132914,668.2989889132914,53.47222222222222,53.47222222222222,144.0,0,0,0.3050849105590525
2.35,12,11,35,1,1.05146476827649,1.05146476827649,668.2989889132914,668.2989889132914,53.47222222222222,53.47222222222222,144.0,0,0,0.3050849105590525
2.35,12,12,10,1,1.05146476827649,1.05146476827649,668.2989889132914,668.2989889132914,53.47222222222222,53.47222222222222,144.0,0,0,0.3050849105590525
2.35,12,12,20,1,1.05146476827649,1.05146476827649,668.2989889132914,668.2989889132914,53.47222222222222,53.47222222222222,144.0,0,0,0.3050849105590525
2.35,12,12,35,1,1.05146476827649,1.05146476827649,668.2989889132914,668.2989889132914,53.47222222222222,53.47222222222222,144.0,0,0,0.3050849105590525
2.35,12,13,10,1,1.075527410079152,1.075527410079152,933.1956590432934,933.1956590432934,53.90070921985816,53.90070921985816,141.0,0,1,0.1678970201283123
2.35,12,13,20,1,1.0514331674328694,1.0514331674328694,650.056639147308,650.056639147308,53.52112676056338,53.52112676056338,142.0,0,0,0.20835077471311403
2.35,12,13,35,1,1.0514329770698851,1.0514329770698851,650.0541751527347,650.0541751527347,53.52112676056338,53.52112676056338,142.0,0,0,0.20835046613142838
2.45,10,11,10,1,1.1458366132127162,1.1458366132127162,4031.3664207285547,4031.3664207285547,55.970149253731336,55.970149253731336,268.0,0,0,0.3613139412117914
2.45,10,11,20,1,1.1530448883652926,1.1530448883652926,4474.087868311397,4474.087868311397,56.08856088560885,56.08856088560885,271.0,1,1,0.331228867466443
2.45,10,11,35,1,1.1410173449047465,1.1410173449047465,4134.735228324894,4134.735228324894,55.95667870036101,55.95667870036101,277.0,0,1,0.2594773963532757
2.45,10,12,10,1,1.090551226224339,1.090551226224339,2276.505415469664,2276.505415469664,55.144032921810705,55.144032921810705,243.0,0,1,0.2059908019701846
2.45,10,12,20,1,1.1093795219960336,1.1093795219960336,2971.943850674857,2971.943850674857,55.33596837944664,55.33596837944664,253.0,0,1,0.18602663806915798
2.45,10,12,35,1,1.1026201775720594,1.1026201775720594,2769.2884363874473,2769.2884363874473,55.430711610486895,55.430711610486895,267.0,0,1,0.16707439692342074
2.45,10,13,10,1,1.0062842992311931,1.0062842992311931,125.3178737222809,125.3178737222809,54.20560747663551,54.20560747663551,214.0,0,0,0.16924195726682112
2.45,10,13,20,1,1.0314454806511089,1.0314454806511089,709.3493219273224,709.3493219273224,54.310344827586206,54.310344827586206,232.0,0,1,0.02372258953237516
2.45,10,13,35,1,1.0055608941762633,1.0055608941762633,127.4621182330367,127.4621182330367,53.87755102040816,53.87755102040816,245.0,0,0,0.10699203318757489
2.45,11,11,10,1,1.1747740088445884,1.1747740088445884,3787.3408094067404,3787.3408094067404,56.65024630541872,56.65024630541872,203.0,1,1,0.0019344076490677153
2.45,11,11,20,1,1.1747740088445884,1.1747740088445884,3787.3408094067404,3787.3408094067404,56.65024630541872,56.65024630541872,203.0,1,1,0.0019344076490677153
2.45,11,11,35,1,1.1747740088445884,1.1747740088445884,3787.3408094067404,3787.3408094067404,56.65024630541872,56.65024630541872,203.0,1,1,0.0019344076490677153
2.45,11,12,10,1,1.192326790084704,1.192326790084704,4173.782778360487,4173.782778360487,57.14285714285714,57.14285714285714,196.0,1,1,0.09300539316984491
2.45,11,12,20,1,1.1776587626783621,1.1776587626783621,3862.498045430622,3862.498045430622,56.78391959798995,56.78391959798995,199.0,1,1,0.059997997382297275
2.45,11,12,35,1,1.15503371971565,1.15503371971565,3350.7006728956303,3350.7006728956303,56.43564356435643,56.43564356435643,202.0,1,1,0.048519696150153946
2.45,11,13,10,1,1.0875812195669523,1.0875812195669523,1599.4032465205396,1599.4032465205396,55.67567567567567,55.67567567567567,185.0,0,0,0.2643946777791818
2.45,11,13,20,1,1.153528117138168,1.153528117138168,3146.22546060058,3146.22546060058,56.25,56.25,192.0,1,1,0.15345848170594145
2.45,11,13,35,1,1.1554960160524261,1.1554960160524261,3245.935115659286,3245.935115659286,56.34517766497462,56.34517766497462,197.0,1,1,0.18777736457331318
2.45,12,11,10,1,1.031606505400012,1.031606505400012,421.42683496534147,421.42683496534147,53.47222222222222,53.47222222222222,144.0,0,0,0.20883659362569273
2.45,12,11,20,1,1.031606505400012,1.031606505400012,421.42683496534147,421.42683496534147,53.47222222222222,53.47222222222222,144.0,0,0,0.20883659362569273
2.45,12,11,35,1,1.031606505400012,1.031606505400012,421.42683496534147,421.42683496534147,53.47222222222222,53.47222222222222,144.0,0,0,0.20883659362569273
2.45,12,12,10,1,1.031606505400012,1.031606505400012,421.42683496534147,421.42683496534147,53.47222222222222,53.47222222222222,144.0,0,0,0.20883659362569273
2.45,12,12,20,1,1.031606505400012,1.031606505400012,421.42683496534147,421.42683496534147,53.47222222222222,53.47222222222222,144.0,0,0,0.20883659362569273
2.45,12,12,35,1,1.031606505400012,1.031606505400012,421.42683496534147,421.42683496534147,53.47222222222222,53.47222222222222,144.0,0,0,0.20883659362569273
2.45,12,13,10,1,1.0544244595419665,1.0544244595419665,690.6730594217906,690.6730594217906,53.90070921985816,53.90070921985816,141.0,0,1,0.07106775082967798
2.45,12,13,20,1,1.0310078897730028,1.0310078897730028,402.44272930489734,402.44272930489734,53.52112676056338,53.52112676056338,142.0,0,0,0.11273783908858592
2.45,12,13,35,1,1.0310076993690496,1.0310076993690496,402.44022114381585,402.44022114381585,53.52112676056338,53.52112676056338,142.0,0,0,0.11273754016500548
