candidate_id,setup_label,group,width_atr_timeframe,rail,current_width,recent_width,recent_delta,width_lookback,trades,pnl,profit_factor,win_rate_pct,max_drawdown_pct,sharpe,long_trades,long_pnl,long_profit_factor,long_win_rate_pct,short_trades,short_pnl,short_profit_factor,short_win_rate_pct,pf_symmetry_gap,min_side_pf,both_sides_pf_gt_1,phase2e_acceptance,strict_symmetric_acceptance,fees_paid,stop_loss_after_bad_context,stop_loss_after_low_mfe,high_mfe_high_capture_count,high_mfe_low_capture_count,main_score,run_id,report_path
phase2e_focused_1h_semantic_upper_235_w1p9_r2p75_lb20_sym_1hatr_sl2p35_tp2p35_fee04,1h 2.35 w1.9/r2.75/lb20,focused_1h,1h,2.35,1.9,2.75,0.85,20,149,6816.125646186411,1.4347975311390617,59.73154362416108,-17.273447576927992,0.7698227214345804,103,3268.522297871987,1.2827216671050181,59.22330097087378,46,3547.6033483144242,1.861982658718453,60.86956521739131,0.5792609916134348,1.2827216671050181,True,False,False,1587.246705721172,60,25,48,6,63.36849405487697,2026-06-16T200158Z_ema_pullback_BTCUSDT_5m__phase2e_focused_1h_semantic_upper_235_w1p9_r2p75_lb20_sym_1hatr_sl2p35_tp2p35_fee04,research/results/runs/2026-06-16T200158Z_ema_pullback_BTCUSDT_5m__phase2e_focused_1h_semantic_upper_235_w1p9_r2p75_lb20_sym_1hatr_sl2p35_tp2p35_fee04.json
phase2e_focused_1h_semantic_upper_235_w2p2_r2p75_lb20_sym_1hatr_sl2p35_tp2p35_fee04,1h 2.35 w2.2/r2.75/lb20,focused_1h,1h,2.35,2.2,2.75,0.55,20,149,6816.125646186411,1.4347975311390617,59.73154362416108,-17.273447576927992,0.7698227214345804,103,3268.522297871987,1.2827216671050181,59.22330097087378,46,3547.6033483144242,1.861982658718453,60.86956521739131,0.5792609916134348,1.2827216671050181,True,False,False,1587.246705721172,60,25,48,6,63.36849405487697,2026-06-16T201945Z_ema_pullback_BTCUSDT_5m__phase2e_focused_1h_semantic_upper_235_w2p2_r2p75_lb20_sym_1hatr_sl2p35_tp2p35_fee04,research/results/runs/2026-06-16T201945Z_ema_pullback_BTCUSDT_5m__phase2e_focused_1h_semantic_upper_235_w2p2_r2p75_lb20_sym_1hatr_sl2p35_tp2p35_fee04.json
phase2e_focused_1h_semantic_upper_235_w2p1_r2p75_lb20_sym_1hatr_sl2p35_tp2p35_fee04,1h 2.35 w2.1/r2.75/lb20,focused_1h,1h,2.35,2.1,2.75,0.65,20,149,6816.125646186411,1.4347975311390617,59.73154362416108,-17.273447576927992,0.7698227214345804,103,3268.522297871987,1.2827216671050181,59.22330097087378,46,3547.6033483144242,1.861982658718453,60.86956521739131,0.5792609916134348,1.2827216671050181,True,False,False,1587.246705721172,60,25,48,6,63.36849405487697,2026-06-16T201418Z_ema_pullback_BTCUSDT_5m__phase2e_focused_1h_semantic_upper_235_w2p1_r2p75_lb20_sym_1hatr_sl2p35_tp2p35_fee04,research/results/runs/2026-06-16T201418Z_ema_pullback_BTCUSDT_5m__phase2e_focused_1h_semantic_upper_235_w2p1_r2p75_lb20_sym_1hatr_sl2p35_tp2p35_fee04.json
phase2e_focused_1h_semantic_upper_235_w2p3_r2p75_lb20_sym_1hatr_sl2p35_tp2p35_fee04,1h 2.35 w2.3/r2.75/lb20,focused_1h,1h,2.35,2.3,2.75,0.45,20,149,6816.125646186411,1.4347975311390617,59.73154362416108,-17.273447576927992,0.7698227214345804,103,3268.522297871987,1.2827216671050181,59.22330097087378,46,3547.6033483144242,1.861982658718453,60.86956521739131,0.5792609916134348,1.2827216671050181,True,False,False,1587.246705721172,60,25,48,6,63.36849405487697,2026-06-16T203148Z_ema_pullback_BTCUSDT_5m__phase2e_focused_1h_semantic_upper_235_w2p3_r2p75_lb20_sym_1hatr_sl2p35_tp2p35_fee04,research/results/runs/2026-06-16T203148Z_ema_pullback_BTCUSDT_5m__phase2e_focused_1h_semantic_upper_235_w2p3_r2p75_lb20_sym_1hatr_sl2p35_tp2p35_fee04.json
phase2e_focused_1h_semantic_upper_235_w2p25_r2p75_lb20_sym_1hatr_sl2p35_tp2p35_fee04,1h 2.35 w2.25/r2.75/lb20,focused_1h,1h,2.35,2.25,2.75,0.5,20,149,6816.125646186411,1.4347975311390617,59.73154362416108,-17.273447576927992,0.7698227214345804,103,3268.522297871987,1.2827216671050181,59.22330097087378,46,3547.6033483144242,1.861982658718453,60.86956521739131,0.5792609916134348,1.2827216671050181,True,False,False,1587.246705721172,60,25,48,6,63.36849405487697,2026-06-16T202501Z_ema_pullback_BTCUSDT_5m__phase2e_focused_1h_semantic_upper_235_w2p25_r2p75_lb20_sym_1hatr_sl2p35_tp2p35_fee04,research/results/runs/2026-06-16T202501Z_ema_pullback_BTCUSDT_5m__phase2e_focused_1h_semantic_upper_235_w2p25_r2p75_lb20_sym_1hatr_sl2p35_tp2p35_fee04.json
phase2e_focused_1h_semantic_upper_235_w2_r2p75_lb20_sym_1hatr_sl2p35_tp2p35_fee04,1h 2.35 w2/r2.75/lb20,focused_1h,1h,2.35,2.0,2.75,0.75,20,149,6816.125646186411,1.4347975311390617,59.73154362416108,-17.273447576927992,0.7698227214345804,103,3268.522297871987,1.2827216671050181,59.22330097087378,46,3547.6033483144242,1.861982658718453,60.86956521739131,0.5792609916134348,1.2827216671050181,True,False,False,1587.246705721172,60,25,48,6,63.36849405487697,2026-06-16T200706Z_ema_pullback_BTCUSDT_5m__phase2e_focused_1h_semantic_upper_235_w2_r2p75_lb20_sym_1hatr_sl2p35_tp2p35_fee04,research/results/runs/2026-06-16T200706Z_ema_pullback_BTCUSDT_5m__phase2e_focused_1h_semantic_upper_235_w2_r2p75_lb20_sym_1hatr_sl2p35_tp2p35_fee04.json
phase2e_focused_1h_semantic_upper_235_w2p3_r2p65_lb20_sym_1hatr_sl2p35_tp2p35_fee04,1h 2.35 w2.3/r2.65/lb20,focused_1h,1h,2.35,2.3,2.65,0.35,20,170,6550.260584268111,1.3643306207553525,60.0,-19.030338161798266,0.7160253143039567,115,3561.1653653145504,1.2875691777574232,60.0,55,2989.095218953561,1.534224072080886,60.0,0.24665489432346277,1.2875691777574232,True,True,False,1761.1217260344401,68,28,53,6,65.04350867888098,2026-06-16T202928Z_ema_pullback_BTCUSDT_5m__phase2e_focused_1h_semantic_upper_235_w2p3_r2p65_lb20_sym_1hatr_sl2p35_tp2p35_fee04,research/results/runs/2026-06-16T202928Z_ema_pullback_BTCUSDT_5m__phase2e_focused_1h_semantic_upper_235_w2p3_r2p65_lb20_sym_1hatr_sl2p35_tp2p35_fee04.json
phase2e_focused_1h_semantic_upper_235_w2p25_r2p75_lb35_sym_1hatr_sl2p35_tp2p35_fee04,1h 2.35 w2.25/r2.75/lb35,focused_1h,1h,2.35,2.25,2.75,0.5,35,162,6331.327125221177,1.3446903336295521,59.25925925925925,-17.27344757692826,0.7000902409460141,110,3544.547132470574,1.2830218270708318,59.09090909090909,52,2786.7799927506035,1.4768434437402045,59.61538461538461,0.1938216166693727,1.2830218270708318,True,True,False,1754.6011980960361,66,25,53,7,64.06497537150697,2026-06-16T202532Z_ema_pullback_BTCUSDT_5m__phase2e_focused_1h_semantic_upper_235_w2p25_r2p75_lb35_sym_1hatr_sl2p35_tp2p35_fee04,research/results/runs/2026-06-16T202532Z_ema_pullback_BTCUSDT_5m__phase2e_focused_1h_semantic_upper_235_w2p25_r2p75_lb35_sym_1hatr_sl2p35_tp2p35_fee04.json
phase2e_focused_1h_semantic_upper_235_w2p2_r2p75_lb35_sym_1hatr_sl2p35_tp2p35_fee04,1h 2.35 w2.2/r2.75/lb35,focused_1h,1h,2.35,2.2,2.75,0.55,35,162,6331.327125221177,1.3446903336295521,59.25925925925925,-17.27344757692826,0.7000902409460141,110,3544.547132470574,1.2830218270708318,59.09090909090909,52,2786.7799927506035,1.4768434437402045,59.61538461538461,0.1938216166693727,1.2830218270708318,True,True,False,1754.6011980960361,66,25,53,7,64.06497537150697,2026-06-16T202017Z_ema_pullback_BTCUSDT_5m__phase2e_focused_1h_semantic_upper_235_w2p2_r2p75_lb35_sym_1hatr_sl2p35_tp2p35_fee04,research/results/runs/2026-06-16T202017Z_ema_pullback_BTCUSDT_5m__phase2e_focused_1h_semantic_upper_235_w2p2_r2p75_lb35_sym_1hatr_sl2p35_tp2p35_fee04.json
phase2e_focused_1h_semantic_upper_235_w2p3_r2p75_lb35_sym_1hatr_sl2p35_tp2p35_fee04,1h 2.35 w2.3/r2.75/lb35,focused_1h,1h,2.35,2.3,2.75,0.45,35,162,6331.327125221177,1.3446903336295521,59.25925925925925,-17.27344757692826,0.7000902409460141,110,3544.547132470574,1.2830218270708318,59.09090909090909,52,2786.7799927506035,1.4768434437402045,59.61538461538461,0.1938216166693727,1.2830218270708318,True,True,False,1754.6011980960361,66,25,53,7,64.06497537150697,2026-06-16T203228Z_ema_pullback_BTCUSDT_5m__phase2e_focused_1h_semantic_upper_235_w2p3_r2p75_lb35_sym_1hatr_sl2p35_tp2p35_fee04,research/results/runs/2026-06-16T203228Z_ema_pullback_BTCUSDT_5m__phase2e_focused_1h_semantic_upper_235_w2p3_r2p75_lb35_sym_1hatr_sl2p35_tp2p35_fee04.json
phase2e_focused_1h_semantic_primary_215_w2p25_r2p75_lb20_sym_1hatr_sl2p15_tp2p15_fee04,1h 2.15 w2.25/r2.75/lb20,focused_1h,1h,2.15,2.25,2.75,0.5,20,150,5452.498858633169,1.3821196973641816,59.333333333333336,-17.10562261441565,0.6915338586683473,103,2300.5643569349,1.2171853909304418,58.252427184466015,47,3151.9345016982697,1.8573294249770713,61.702127659574465,0.6401440340466296,1.2171853909304418,True,False,False,1543.443645777048,61,27,39,5,65.22357219100458,2026-06-16T195124Z_ema_pullback_BTCUSDT_5m__phase2e_focused_1h_semantic_primary_215_w2p25_r2p75_lb20_sym_1hatr_sl2p15_tp2p15_fee04,research/results/runs/2026-06-16T195124Z_ema_pullback_BTCUSDT_5m__phase2e_focused_1h_semantic_primary_215_w2p25_r2p75_lb20_sym_1hatr_sl2p15_tp2p15_fee04.json
phase2e_focused_1h_semantic_primary_215_w2p2_r2p75_lb20_sym_1hatr_sl2p15_tp2p15_fee04,1h 2.15 w2.2/r2.75/lb20,focused_1h,1h,2.15,2.2,2.75,0.55,20,150,5452.498858633169,1.3821196973641816,59.333333333333336,-17.10562261441565,0.6915338586683473,103,2300.5643569349,1.2171853909304418,58.252427184466015,47,3151.9345016982697,1.8573294249770713,61.702127659574465,0.6401440340466296,1.2171853909304418,True,False,False,1543.443645777048,61,27,39,5,65.22357219100458,2026-06-16T194620Z_ema_pullback_BTCUSDT_5m__phase2e_focused_1h_semantic_primary_215_w2p2_r2p75_lb20_sym_1hatr_sl2p15_tp2p15_fee04,research/results/runs/2026-06-16T194620Z_ema_pullback_BTCUSDT_5m__phase2e_focused_1h_semantic_primary_215_w2p2_r2p75_lb20_sym_1hatr_sl2p15_tp2p15_fee04.json
phase2e_focused_1h_semantic_primary_215_w2_r2p75_lb20_sym_1hatr_sl2p15_tp2p15_fee04,1h 2.15 w2/r2.75/lb20,focused_1h,1h,2.15,2.0,2.75,0.75,20,150,5452.498858633169,1.3821196973641816,59.333333333333336,-17.10562261441565,0.6915338586683473,103,2300.5643569349,1.2171853909304418,58.252427184466015,47,3151.9345016982697,1.8573294249770713,61.702127659574465,0.6401440340466296,1.2171853909304418,True,False,False,1543.443645777048,61,27,39,5,65.22357219100458,2026-06-16T193611Z_ema_pullback_BTCUSDT_5m__phase2e_focused_1h_semantic_primary_215_w2_r2p75_lb20_sym_1hatr_sl2p15_tp2p15_fee04,research/results/runs/2026-06-16T193611Z_ema_pullback_BTCUSDT_5m__phase2e_focused_1h_semantic_primary_215_w2_r2p75_lb20_sym_1hatr_sl2p15_tp2p15_fee04.json
phase2e_focused_1h_semantic_primary_215_w2p1_r2p75_lb20_sym_1hatr_sl2p15_tp2p15_fee04,1h 2.15 w2.1/r2.75/lb20,focused_1h,1h,2.15,2.1,2.75,0.65,20,150,5452.498858633169,1.3821196973641816,59.333333333333336,-17.10562261441565,0.6915338586683473,103,2300.5643569349,1.2171853909304418,58.252427184466015,47,3151.9345016982697,1.8573294249770713,61.702127659574465,0.6401440340466296,1.2171853909304418,True,False,False,1543.443645777048,61,27,39,5,65.22357219100458,2026-06-16T194115Z_ema_pullback_BTCUSDT_5m__phase2e_focused_1h_semantic_primary_215_w2p1_r2p75_lb20_sym_1hatr_sl2p15_tp2p15_fee04,research/results/runs/2026-06-16T194115Z_ema_pullback_BTCUSDT_5m__phase2e_focused_1h_semantic_primary_215_w2p1_r2p75_lb20_sym_1hatr_sl2p15_tp2p15_fee04.json
phase2e_focused_1h_semantic_primary_215_w2p3_r2p75_lb20_sym_1hatr_sl2p15_tp2p15_fee04,1h 2.15 w2.3/r2.75/lb20,focused_1h,1h,2.15,2.3,2.75,0.45,20,150,5452.498858633169,1.3821196973641816,59.333333333333336,-17.10562261441565,0.6915338586683473,103,2300.5643569349,1.2171853909304418,58.252427184466015,47,3151.9345016982697,1.8573294249770713,61.702127659574465,0.6401440340466296,1.2171853909304418,True,False,False,1543.443645777048,61,27,39,5,65.22357219100458,2026-06-16T195645Z_ema_pullback_BTCUSDT_5m__phase2e_focused_1h_semantic_primary_215_w2p3_r2p75_lb20_sym_1hatr_sl2p15_tp2p15_fee04,research/results/runs/2026-06-16T195645Z_ema_pullback_BTCUSDT_5m__phase2e_focused_1h_semantic_primary_215_w2p3_r2p75_lb20_sym_1hatr_sl2p15_tp2p15_fee04.json
phase2e_focused_1h_semantic_primary_215_w1p9_r2p75_lb20_sym_1hatr_sl2p15_tp2p15_fee04,1h 2.15 w1.9/r2.75/lb20,focused_1h,1h,2.15,1.9,2.75,0.85,20,150,5452.498858633169,1.3821196973641816,59.333333333333336,-17.10562261441565,0.6915338586683473,103,2300.5643569349,1.2171853909304418,58.252427184466015,47,3151.9345016982697,1.8573294249770713,61.702127659574465,0.6401440340466296,1.2171853909304418,True,False,False,1543.443645777048,61,27,39,5,65.22357219100458,2026-06-16T193111Z_ema_pullback_BTCUSDT_5m__phase2e_focused_1h_semantic_primary_215_w1p9_r2p75_lb20_sym_1hatr_sl2p15_tp2p15_fee04,research/results/runs/2026-06-16T193111Z_ema_pullback_BTCUSDT_5m__phase2e_focused_1h_semantic_primary_215_w1p9_r2p75_lb20_sym_1hatr_sl2p15_tp2p15_fee04.json
phase2e_focused_1h_semantic_upper_235_w2p1_r2p75_lb35_sym_1hatr_sl2p35_tp2p35_fee04,1h 2.35 w2.1/r2.75/lb35,focused_1h,1h,2.35,2.1,2.75,0.65,35,166,5332.374205187354,1.2794973496478854,58.43373493975904,-17.27344757692826,0.6122622774309737,112,2960.4275591936635,1.2318170748394566,58.03571428571429,54,2371.946645993691,1.3760273432144623,59.25925925925925,0.14421026837500572,1.2318170748394566,True,True,False,1753.0178724365405,69,25,54,7,59.90295779390464,2026-06-16T201454Z_ema_pullback_BTCUSDT_5m__phase2e_focused_1h_semantic_upper_235_w2p1_r2p75_lb35_sym_1hatr_sl2p35_tp2p35_fee04,research/results/runs/2026-06-16T201454Z_ema_pullback_BTCUSDT_5m__phase2e_focused_1h_semantic_upper_235_w2p1_r2p75_lb35_sym_1hatr_sl2p35_tp2p35_fee04.json
phase2e_focused_1h_semantic_upper_235_w2_r2p75_lb35_sym_1hatr_sl2p35_tp2p35_fee04,1h 2.35 w2/r2.75/lb35,focused_1h,1h,2.35,2.0,2.75,0.75,35,166,5332.374205187354,1.2794973496478854,58.43373493975904,-17.27344757692826,0.6122622774309737,112,2960.4275591936635,1.2318170748394566,58.03571428571429,54,2371.946645993691,1.3760273432144623,59.25925925925925,0.14421026837500572,1.2318170748394566,True,True,False,1753.0178724365405,69,25,54,7,59.90295779390464,2026-06-16T200740Z_ema_pullback_BTCUSDT_5m__phase2e_focused_1h_semantic_upper_235_w2_r2p75_lb35_sym_1hatr_sl2p35_tp2p35_fee04,research/results/runs/2026-06-16T200740Z_ema_pullback_BTCUSDT_5m__phase2e_focused_1h_semantic_upper_235_w2_r2p75_lb35_sym_1hatr_sl2p35_tp2p35_fee04.json
phase2e_focused_1h_semantic_upper_235_w1p9_r2p75_lb35_sym_1hatr_sl2p35_tp2p35_fee04,1h 2.35 w1.9/r2.75/lb35,focused_1h,1h,2.35,1.9,2.75,0.85,35,166,5332.374205187354,1.2794973496478854,58.43373493975904,-17.27344757692826,0.6122622774309737,112,2960.4275591936635,1.2318170748394566,58.03571428571429,54,2371.946645993691,1.3760273432144623,59.25925925925925,0.14421026837500572,1.2318170748394566,True,True,False,1753.0178724365405,69,25,54,7,59.90295779390464,2026-06-16T200233Z_ema_pullback_BTCUSDT_5m__phase2e_focused_1h_semantic_upper_235_w1p9_r2p75_lb35_sym_1hatr_sl2p35_tp2p35_fee04,research/results/runs/2026-06-16T200233Z_ema_pullback_BTCUSDT_5m__phase2e_focused_1h_semantic_upper_235_w1p9_r2p75_lb35_sym_1hatr_sl2p35_tp2p35_fee04.json
phase2e_focused_1h_semantic_upper_235_w2p25_r2p75_lb50_sym_1hatr_sl2p35_tp2p35_fee04,1h 2.35 w2.25/r2.75/lb50,focused_1h,1h,2.35,2.25,2.75,0.5,50,168,5227.666940875591,1.260056610307592,58.333333333333336,-19.09463507297583,0.581569695649149,113,2365.9931854975393,1.1785853430411568,57.52212389380531,55,2861.6737553780517,1.4175489437437683,60.0,0.23896360070261147,1.1785853430411568,True,True,False,1769.3641093514955,70,26,55,8,51.27207984755366,2026-06-16T202623Z_ema_pullback_BTCUSDT_5m__phase2e_focused_1h_semantic_upper_235_w2p25_r2p75_lb50_sym_1hatr_sl2p35_tp2p35_fee04,research/results/runs/2026-06-16T202623Z_ema_pullback_BTCUSDT_5m__phase2e_focused_1h_semantic_upper_235_w2p25_r2p75_lb50_sym_1hatr_sl2p35_tp2p35_fee04.json
phase2e_focused_1h_semantic_upper_235_w2p2_r2p65_lb20_sym_1hatr_sl2p35_tp2p35_fee04,1h 2.35 w2.2/r2.65/lb20,focused_1h,1h,2.35,2.2,2.65,0.45,20,171,5076.027957266878,1.2681755980421714,59.64912280701754,-19.030338161798266,0.5806885070754219,115,3413.7252415609278,1.2799504900720007,60.0,56,1662.3027157059498,1.2468533416585483,58.92857142857143,0.03309714841345235,1.2468533416585483,True,True,False,1731.449838992735,69,28,53,6,72.3571414929083,2026-06-16T201755Z_ema_pullback_BTCUSDT_5m__phase2e_focused_1h_semantic_upper_235_w2p2_r2p65_lb20_sym_1hatr_sl2p35_tp2p35_fee04,research/results/runs/2026-06-16T201755Z_ema_pullback_BTCUSDT_5m__phase2e_focused_1h_semantic_upper_235_w2p2_r2p65_lb20_sym_1hatr_sl2p35_tp2p35_fee04.json
phase2e_focused_1h_semantic_upper_235_w2p25_r2p65_lb20_sym_1hatr_sl2p35_tp2p35_fee04,1h 2.35 w2.25/r2.65/lb20,focused_1h,1h,2.35,2.25,2.65,0.4,20,171,5076.027957266878,1.2681755980421714,59.64912280701754,-19.030338161798266,0.5806885070754219,115,3413.7252415609278,1.2799504900720007,60.0,56,1662.3027157059498,1.2468533416585483,58.92857142857143,0.03309714841345235,1.2468533416585483,True,True,False,1731.449838992735,69,28,53,6,72.3571414929083,2026-06-16T202326Z_ema_pullback_BTCUSDT_5m__phase2e_focused_1h_semantic_upper_235_w2p25_r2p65_lb20_sym_1hatr_sl2p35_tp2p35_fee04,research/results/runs/2026-06-16T202326Z_ema_pullback_BTCUSDT_5m__phase2e_focused_1h_semantic_upper_235_w2p25_r2p65_lb20_sym_1hatr_sl2p35_tp2p35_fee04.json
phase2e_focused_1h_semantic_upper_235_w2p2_r2p75_lb50_sym_1hatr_sl2p35_tp2p35_fee04,1h 2.35 w2.2/r2.75/lb50,focused_1h,1h,2.35,2.2,2.75,0.55,50,169,4836.804158517224,1.2366132932436527,57.98816568047337,-19.09463507297583,0.5484184819655241,113,2368.7888730206023,1.1790330930435882,57.52212389380531,56,2468.0152854966223,1.3422665266101461,58.92857142857143,0.16323343356655795,1.1790330930435882,True,True,False,1777.273434414124,71,27,55,8,53.316213892338524,2026-06-16T202050Z_ema_pullback_BTCUSDT_5m__phase2e_focused_1h_semantic_upper_235_w2p2_r2p75_lb50_sym_1hatr_sl2p35_tp2p35_fee04,research/results/runs/2026-06-16T202050Z_ema_pullback_BTCUSDT_5m__phase2e_focused_1h_semantic_upper_235_w2p2_r2p75_lb50_sym_1hatr_sl2p35_tp2p35_fee04.json
phase2e_focused_1h_semantic_upper_235_w2p3_r2p75_lb50_sym_1hatr_sl2p35_tp2p35_fee04,1h 2.35 w2.3/r2.75/lb50,focused_1h,1h,2.35,2.3,2.75,0.45,50,167,4700.488391124096,1.2356436723699793,58.08383233532935,-19.09463507297583,0.5407781045754378,113,2422.57575129568,1.1844506485193669,57.52212389380531,54,2277.912639828415,1.3343265369412785,59.25925925925925,0.14987588842191157,1.1844506485193669,True,True,False,1746.0154390934504,70,26,54,8,54.51381157929762,2026-06-16T203307Z_ema_pullback_BTCUSDT_5m__phase2e_focused_1h_semantic_upper_235_w2p3_r2p75_lb50_sym_1hatr_sl2p35_tp2p35_fee04,research/results/runs/2026-06-16T203307Z_ema_pullback_BTCUSDT_5m__phase2e_focused_1h_semantic_upper_235_w2p3_r2p75_lb50_sym_1hatr_sl2p35_tp2p35_fee04.json
phase2e_control_phase2d_1h_candidate_1h_w2p25_r2p75_lb35_sl2p15_tp2p15_fee04,1h 2.15 w2.25/r2.75/lb35,control_1h,1h,2.15,2.25,2.75,0.5,35,163,4678.8424455511395,1.2792601104811878,58.282208588957054,-15.794800100214879,0.5955366893061772,110,2535.458705195559,1.2219350143321321,58.18181818181818,53,2143.383740355581,1.402128607575325,58.490566037735846,0.18019359324319284,1.2219350143321321,True,True,True,1699.639301770836,68,29,44,6,63.68807813143585,2026-06-16T192823Z_ema_pullback_BTCUSDT_5m__phase2e_control_phase2d_1h_candidate_1h_w2p25_r2p75_lb35_sl2p15_tp2p15_fee04,research/results/runs/2026-06-16T192823Z_ema_pullback_BTCUSDT_5m__phase2e_control_phase2d_1h_candidate_1h_w2p25_r2p75_lb35_sl2p15_tp2p15_fee04.json
phase2e_focused_1h_semantic_primary_215_w2p3_r2p75_lb35_sym_1hatr_sl2p15_tp2p15_fee04,1h 2.15 w2.3/r2.75/lb35,focused_1h,1h,2.15,2.3,2.75,0.45,35,163,4678.8424455511395,1.2792601104811878,58.282208588957054,-15.794800100214879,0.5955366893061772,110,2535.458705195559,1.2219350143321321,58.18181818181818,53,2143.383740355581,1.402128607575325,58.490566037735846,0.18019359324319284,1.2219350143321321,True,True,True,1699.639301770836,68,29,44,6,63.68807813143585,2026-06-16T195720Z_ema_pullback_BTCUSDT_5m__phase2e_focused_1h_semantic_primary_215_w2p3_r2p75_lb35_sym_1hatr_sl2p15_tp2p15_fee04,research/results/runs/2026-06-16T195720Z_ema_pullback_BTCUSDT_5m__phase2e_focused_1h_semantic_primary_215_w2p3_r2p75_lb35_sym_1hatr_sl2p15_tp2p15_fee04.json
phase2e_focused_1h_semantic_primary_215_w2p2_r2p75_lb35_sym_1hatr_sl2p15_tp2p15_fee04,1h 2.15 w2.2/r2.75/lb35,focused_1h,1h,2.15,2.2,2.75,0.55,35,163,4678.8424455511395,1.2792601104811878,58.282208588957054,-15.794800100214879,0.5955366893061772,110,2535.458705195559,1.2219350143321321,58.18181818181818,53,2143.383740355581,1.402128607575325,58.490566037735846,0.18019359324319284,1.2219350143321321,True,True,True,1699.639301770836,68,29,44,6,63.68807813143585,2026-06-16T194652Z_ema_pullback_BTCUSDT_5m__phase2e_focused_1h_semantic_primary_215_w2p2_r2p75_lb35_sym_1hatr_sl2p15_tp2p15_fee04,research/results/runs/2026-06-16T194652Z_ema_pullback_BTCUSDT_5m__phase2e_focused_1h_semantic_primary_215_w2p2_r2p75_lb35_sym_1hatr_sl2p15_tp2p15_fee04.json
phase2e_focused_1h_semantic_primary_215_w2p25_r2p75_lb35_sym_1hatr_sl2p15_tp2p15_fee04,1h 2.15 w2.25/r2.75/lb35,focused_1h,1h,2.15,2.25,2.75,0.5,35,163,4678.8424455511395,1.2792601104811878,58.282208588957054,-15.794800100214879,0.5955366893061772,110,2535.458705195559,1.2219350143321321,58.18181818181818,53,2143.383740355581,1.402128607575325,58.490566037735846,0.18019359324319284,1.2219350143321321,True,True,True,1699.639301770836,68,29,44,6,63.68807813143585,2026-06-16T195158Z_ema_pullback_BTCUSDT_5m__phase2e_focused_1h_semantic_primary_215_w2p25_r2p75_lb35_sym_1hatr_sl2p15_tp2p15_fee04,research/results/runs/2026-06-16T195158Z_ema_pullback_BTCUSDT_5m__phase2e_focused_1h_semantic_primary_215_w2p25_r2p75_lb35_sym_1hatr_sl2p15_tp2p15_fee04.json
phase2e_focused_1h_semantic_upper_235_w2_r2p65_lb20_sym_1hatr_sl2p35_tp2p35_fee04,1h 2.35 w2/r2.65/lb20,focused_1h,1h,2.35,2.0,2.65,0.65,20,172,4421.265592096513,1.228556675265816,59.30232558139535,-22.287138405523844,0.5232615131067885,115,3358.901042390937,1.277735353335681,60.0,57,1062.3645497055752,1.1465250637493873,57.89473684210527,0.13121028958629366,1.1465250637493873,True,True,False,1722.8229393493996,70,28,53,6,60.33867630982907,2026-06-16T200525Z_ema_pullback_BTCUSDT_5m__phase2e_focused_1h_semantic_upper_235_w2_r2p65_lb20_sym_1hatr_sl2p35_tp2p35_fee04,research/results/runs/2026-06-16T200525Z_ema_pullback_BTCUSDT_5m__phase2e_focused_1h_semantic_upper_235_w2_r2p65_lb20_sym_1hatr_sl2p35_tp2p35_fee04.json
phase2e_focused_1h_semantic_upper_235_w2p1_r2p65_lb20_sym_1hatr_sl2p35_tp2p35_fee04,1h 2.35 w2.1/r2.65/lb20,focused_1h,1h,2.35,2.1,2.65,0.55,20,172,4421.265592096513,1.228556675265816,59.30232558139535,-22.287138405523844,0.5232615131067885,115,3358.901042390937,1.277735353335681,60.0,57,1062.3645497055752,1.1465250637493873,57.89473684210527,0.13121028958629366,1.1465250637493873,True,True,False,1722.8229393493996,70,28,53,6,60.33867630982907,2026-06-16T201143Z_ema_pullback_BTCUSDT_5m__phase2e_focused_1h_semantic_upper_235_w2p1_r2p65_lb20_sym_1hatr_sl2p35_tp2p35_fee04,research/results/runs/2026-06-16T201143Z_ema_pullback_BTCUSDT_5m__phase2e_focused_1h_semantic_upper_235_w2p1_r2p65_lb20_sym_1hatr_sl2p35_tp2p35_fee04.json
phase2e_focused_1h_semantic_upper_235_w1p9_r2p65_lb20_sym_1hatr_sl2p35_tp2p35_fee04,1h 2.35 w1.9/r2.65/lb20,focused_1h,1h,2.35,1.9,2.65,0.75,20,172,4421.265592096513,1.228556675265816,59.30232558139535,-22.287138405523844,0.5232615131067885,115,3358.901042390937,1.277735353335681,60.0,57,1062.3645497055752,1.1465250637493873,57.89473684210527,0.13121028958629366,1.1465250637493873,True,True,False,1722.8229393493996,70,28,53,6,60.33867630982907,2026-06-16T200013Z_ema_pullback_BTCUSDT_5m__phase2e_focused_1h_semantic_upper_235_w1p9_r2p65_lb20_sym_1hatr_sl2p35_tp2p35_fee04,research/results/runs/2026-06-16T200013Z_ema_pullback_BTCUSDT_5m__phase2e_focused_1h_semantic_upper_235_w1p9_r2p65_lb20_sym_1hatr_sl2p35_tp2p35_fee04.json
phase2e_focused_1h_semantic_upper_235_w2p1_r2p75_lb50_sym_1hatr_sl2p35_tp2p35_fee04,1h 2.35 w2.1/r2.75/lb50,focused_1h,1h,2.35,2.1,2.75,0.65,50,175,4307.0975569133425,1.1955877302625562,57.14285714285714,-20.42647868946036,0.4932919725970065,117,2105.2795439829038,1.1483693035081224,56.41025641025641,58,2201.8180129304383,1.2811362934983666,58.620689655172406,0.13276698999024417,1.1483693035081224,True,True,False,1852.0294551866482,75,27,57,8,48.471015985320975,2026-06-16T201530Z_ema_pullback_BTCUSDT_5m__phase2e_focused_1h_semantic_upper_235_w2p1_r2p75_lb50_sym_1hatr_sl2p35_tp2p35_fee04,research/results/runs/2026-06-16T201530Z_ema_pullback_BTCUSDT_5m__phase2e_focused_1h_semantic_upper_235_w2p1_r2p75_lb50_sym_1hatr_sl2p35_tp2p35_fee04.json
phase2e_focused_1h_semantic_upper_235_w2p2_r2p85_lb50_sym_1hatr_sl2p35_tp2p35_fee04,1h 2.35 w2.2/r2.85/lb50,focused_1h,1h,2.35,2.2,2.85,0.65,50,145,4169.13594793574,1.2677222197698998,57.24137931034483,-19.40203054053109,0.5355937095417281,98,1485.0669476818937,1.13498260009698,56.12244897959183,47,2684.069000253846,1.5872331177905006,59.57446808510638,0.45225051769352054,1.13498260009698,True,False,False,1408.9269173289943,62,23,46,7,40.2956516986148,2026-06-16T202247Z_ema_pullback_BTCUSDT_5m__phase2e_focused_1h_semantic_upper_235_w2p2_r2p85_lb50_sym_1hatr_sl2p35_tp2p35_fee04,research/results/runs/2026-06-16T202247Z_ema_pullback_BTCUSDT_5m__phase2e_focused_1h_semantic_upper_235_w2p2_r2p85_lb50_sym_1hatr_sl2p35_tp2p35_fee04.json
phase2e_focused_1h_semantic_upper_235_w2p25_r2p85_lb50_sym_1hatr_sl2p35_tp2p35_fee04,1h 2.35 w2.25/r2.85/lb50,focused_1h,1h,2.35,2.25,2.85,0.6,50,145,4169.13594793574,1.2677222197698998,57.24137931034483,-19.40203054053109,0.5355937095417281,98,1485.0669476818937,1.13498260009698,56.12244897959183,47,2684.069000253846,1.5872331177905006,59.57446808510638,0.45225051769352054,1.13498260009698,True,False,False,1408.9269173289943,62,23,46,7,40.2956516986148,2026-06-16T202844Z_ema_pullback_BTCUSDT_5m__phase2e_focused_1h_semantic_upper_235_w2p25_r2p85_lb50_sym_1hatr_sl2p35_tp2p35_fee04,research/results/runs/2026-06-16T202844Z_ema_pullback_BTCUSDT_5m__phase2e_focused_1h_semantic_upper_235_w2p25_r2p85_lb50_sym_1hatr_sl2p35_tp2p35_fee04.json
phase2e_focused_1h_semantic_upper_235_w2p3_r2p85_lb50_sym_1hatr_sl2p35_tp2p35_fee04,1h 2.35 w2.3/r2.85/lb50,focused_1h,1h,2.35,2.3,2.85,0.55,50,145,4169.13594793574,1.2677222197698998,57.24137931034483,-19.40203054053109,0.5355937095417281,98,1485.0669476818937,1.13498260009698,56.12244897959183,47,2684.069000253846,1.5872331177905006,59.57446808510638,0.45225051769352054,1.13498260009698,True,False,False,1408.9269173289943,62,23,46,7,40.2956516986148,2026-06-16T203519Z_ema_pullback_BTCUSDT_5m__phase2e_focused_1h_semantic_upper_235_w2p3_r2p85_lb50_sym_1hatr_sl2p35_tp2p35_fee04,research/results/runs/2026-06-16T203519Z_ema_pullback_BTCUSDT_5m__phase2e_focused_1h_semantic_upper_235_w2p3_r2p85_lb50_sym_1hatr_sl2p35_tp2p35_fee04.json
phase2e_control_base_sharp_core_base_w11_r12_lb10_sl2p15_tp2p15_fee04,base 2.15 w11/r12/lb10,control_base,base,2.15,11.0,12.0,1.0,10,197,4088.0166949111863,1.2179238407692008,57.868020304568525,-20.34381371580478,0.5013723873014091,110,2099.7414969540755,1.2139675510904966,60.0,87,1988.2751979571105,1.2222639283045622,55.172413793103445,0.00829637721406562,1.2139675510904966,True,True,True,1908.6627918662386,83,45,45,5,70.1201319970283,2026-06-16T192714Z_ema_pullback_BTCUSDT_5m__phase2e_control_base_sharp_core_base_w11_r12_lb10_sl2p15_tp2p15_fee04,research/results/runs/2026-06-16T192714Z_ema_pullback_BTCUSDT_5m__phase2e_control_base_sharp_core_base_w11_r12_lb10_sl2p15_tp2p15_fee04.json
phase2e_control_base_upper_balanced_base_w11_r12_lb20_sl2p35_tp2p35_fee04,base 2.35 w11/r12/lb20,control_base,base,2.35,11.0,12.0,1.0,20,199,4008.6450152880157,1.1902674487678315,56.78391959798995,-24.95330092406639,0.4708741189440682,113,2120.5302961055927,1.1909685907471361,59.29203539823009,86,1888.114719182423,1.1894861133367918,53.48837209302325,0.0014824774103443517,1.1894861133367918,True,False,False,1933.461853356476,86,44,54,5,54.14953791279173,2026-06-16T192746Z_ema_pullback_BTCUSDT_5m__phase2e_control_base_upper_balanced_base_w11_r12_lb20_sl2p35_tp2p35_fee04,research/results/runs/2026-06-16T192746Z_ema_pullback_BTCUSDT_5m__phase2e_control_base_upper_balanced_base_w11_r12_lb20_sl2p35_tp2p35_fee04.json
phase2e_focused_1h_semantic_primary_215_w2p3_r2p65_lb20_sym_1hatr_sl2p15_tp2p15_fee04,1h 2.15 w2.3/r2.65/lb20,focused_1h,1h,2.15,2.3,2.65,0.35,20,171,3989.5764521657325,1.2388220688304687,57.89473684210527,-17.888581395087577,0.528037352012384,115,1722.5752006572054,1.1482368118630093,57.391304347826086,56,2267.0012515085273,1.4458390666821652,58.92857142857143,0.2976022548191559,1.1482368118630093,True,True,False,1684.7398805689193,72,32,42,5,49.83442400784131,2026-06-16T195459Z_ema_pullback_BTCUSDT_5m__phase2e_focused_1h_semantic_primary_215_w2p3_r2p65_lb20_sym_1hatr_sl2p15_tp2p15_fee04,research/results/runs/2026-06-16T195459Z_ema_pullback_BTCUSDT_5m__phase2e_focused_1h_semantic_primary_215_w2p3_r2p65_lb20_sym_1hatr_sl2p15_tp2p15_fee04.json
phase2e_focused_1h_semantic_primary_215_w2p1_r2p75_lb35_sym_1hatr_sl2p15_tp2p15_fee04,1h 2.15 w2.1/r2.75/lb35,focused_1h,1h,2.15,2.1,2.75,0.65,35,167,3852.5471365156627,1.2216747020442422,57.48502994011976,-17.730989797441055,0.5091348684597309,112,2032.811952234438,1.1742998825532802,57.14285714285714,55,1819.735184281225,1.318327249094502,58.18181818181818,0.14402736654122172,1.1742998825532802,True,True,True,1701.5551542472494,71,29,45,6,57.53637058755082,2026-06-16T194149Z_ema_pullback_BTCUSDT_5m__phase2e_focused_1h_semantic_primary_215_w2p1_r2p75_lb35_sym_1hatr_sl2p15_tp2p15_fee04,research/results/runs/2026-06-16T194149Z_ema_pullback_BTCUSDT_5m__phase2e_focused_1h_semantic_primary_215_w2p1_r2p75_lb35_sym_1hatr_sl2p15_tp2p15_fee04.json
phase2e_focused_1h_semantic_primary_215_w2_r2p75_lb35_sym_1hatr_sl2p15_tp2p15_fee04,1h 2.15 w2/r2.75/lb35,focused_1h,1h,2.15,2.0,2.75,0.75,35,167,3852.5471365156627,1.2216747020442422,57.48502994011976,-17.730989797441055,0.5091348684597309,112,2032.811952234438,1.1742998825532802,57.14285714285714,55,1819.735184281225,1.318327249094502,58.18181818181818,0.14402736654122172,1.1742998825532802,True,True,True,1701.5551542472494,71,29,45,6,57.53637058755082,2026-06-16T193644Z_ema_pullback_BTCUSDT_5m__phase2e_focused_1h_semantic_primary_215_w2_r2p75_lb35_sym_1hatr_sl2p15_tp2p15_fee04,research/results/runs/2026-06-16T193644Z_ema_pullback_BTCUSDT_5m__phase2e_focused_1h_semantic_primary_215_w2_r2p75_lb35_sym_1hatr_sl2p15_tp2p15_fee04.json
phase2e_focused_1h_semantic_primary_215_w1p9_r2p75_lb35_sym_1hatr_sl2p15_tp2p15_fee04,1h 2.15 w1.9/r2.75/lb35,focused_1h,1h,2.15,1.9,2.75,0.85,35,167,3852.5471365156627,1.2216747020442422,57.48502994011976,-17.730989797441055,0.5091348684597309,112,2032.811952234438,1.1742998825532802,57.14285714285714,55,1819.735184281225,1.318327249094502,58.18181818181818,0.14402736654122172,1.1742998825532802,True,True,True,1701.5551542472494,71,29,45,6,57.53637058755082,2026-06-16T193145Z_ema_pullback_BTCUSDT_5m__phase2e_focused_1h_semantic_primary_215_w1p9_r2p75_lb35_sym_1hatr_sl2p15_tp2p15_fee04,research/results/runs/2026-06-16T193145Z_ema_pullback_BTCUSDT_5m__phase2e_focused_1h_semantic_primary_215_w1p9_r2p75_lb35_sym_1hatr_sl2p15_tp2p15_fee04.json
phase2e_control_base_main_stability_base_w11_r12_lb20_sl2p15_tp2p15_fee04,base 2.15 w11/r12/lb20,control_base,base,2.15,11.0,12.0,1.0,20,200,3812.0303071275575,1.2024903895381285,57.49999999999999,-20.347332172614262,0.4755075288392745,113,1838.5790631162497,1.1835503683033415,59.29203539823009,87,1973.451244011308,1.2240272260752558,55.172413793103445,0.04047685777191434,1.1835503683033415,True,True,True,1912.1041216119995,85,46,45,5,64.95405829467525,2026-06-16T192641Z_ema_pullback_BTCUSDT_5m__phase2e_control_base_main_stability_base_w11_r12_lb20_sl2p15_tp2p15_fee04,research/results/runs/2026-06-16T192641Z_ema_pullback_BTCUSDT_5m__phase2e_control_base_main_stability_base_w11_r12_lb20_sl2p15_tp2p15_fee04.json
phase2e_control_phase2d_1h_high_sample_1h_w2p25_r2p75_lb50_sl2p15_tp2p15_fee04,1h 2.15 w2.25/r2.75/lb50,control_1h,1h,2.15,2.25,2.75,0.5,50,169,3768.846043471739,1.2060494413166383,57.396449704142015,-18.79479621861735,0.4800190178745963,113,1553.636980145732,1.1287755459427113,56.63716814159292,56,2215.209063326007,1.3557831681340908,58.92857142857143,0.2270076221913795,1.1287755459427113,True,True,False,1718.1985756026997,72,30,46,7,49.54807281993055,2026-06-16T192856Z_ema_pullback_BTCUSDT_5m__phase2e_control_phase2d_1h_high_sample_1h_w2p25_r2p75_lb50_sl2p15_tp2p15_fee04,research/results/runs/2026-06-16T192856Z_ema_pullback_BTCUSDT_5m__phase2e_control_phase2d_1h_high_sample_1h_w2p25_r2p75_lb50_sl2p15_tp2p15_fee04.json
phase2e_focused_1h_semantic_primary_215_w2p25_r2p75_lb50_sym_1hatr_sl2p15_tp2p15_fee04,1h 2.15 w2.25/r2.75/lb50,focused_1h,1h,2.15,2.25,2.75,0.5,50,169,3768.846043471739,1.2060494413166383,57.396449704142015,-18.79479621861735,0.4800190178745963,113,1553.636980145732,1.1287755459427113,56.63716814159292,56,2215.209063326007,1.3557831681340908,58.92857142857143,0.2270076221913795,1.1287755459427113,True,True,False,1718.1985756026997,72,30,46,7,49.54807281993055,2026-06-16T195232Z_ema_pullback_BTCUSDT_5m__phase2e_focused_1h_semantic_primary_215_w2p25_r2p75_lb50_sym_1hatr_sl2p15_tp2p15_fee04,research/results/runs/2026-06-16T195232Z_ema_pullback_BTCUSDT_5m__phase2e_focused_1h_semantic_primary_215_w2p25_r2p75_lb50_sym_1hatr_sl2p15_tp2p15_fee04.json
phase2e_focused_1h_semantic_upper_235_w2p3_r2p65_lb50_sym_1hatr_sl2p35_tp2p35_fee04,1h 2.35 w2.3/r2.65/lb50,focused_1h,1h,2.35,2.3,2.65,0.35,50,188,3732.6700854481596,1.1656123417127224,57.97872340425532,-19.030338161798323,0.445693461217931,126,2500.713644478306,1.1738091875502537,58.730158730158735,62,1231.9564409698535,1.1511435499189067,56.451612903225815,0.02266563763134699,1.1511435499189067,True,False,False,1931.904103623797,79,32,58,8,60.114401903163824,2026-06-16T203106Z_ema_pullback_BTCUSDT_5m__phase2e_focused_1h_semantic_upper_235_w2p3_r2p65_lb50_sym_1hatr_sl2p35_tp2p35_fee04,research/results/runs/2026-06-16T203106Z_ema_pullback_BTCUSDT_5m__phase2e_focused_1h_semantic_upper_235_w2p3_r2p65_lb50_sym_1hatr_sl2p35_tp2p35_fee04.json
phase2e_focused_1h_semantic_primary_215_w2p3_r2p85_lb50_sym_1hatr_sl2p15_tp2p15_fee04,1h 2.15 w2.3/r2.85/lb50,focused_1h,1h,2.15,2.3,2.85,0.55,50,146,3610.999645927007,1.2499677042324167,57.534246575342465,-16.81817535347163,0.5088854955995689,98,1104.0362697196626,1.1076417221876522,56.12244897959183,48,2506.9633762073445,1.5984232130234992,60.416666666666664,0.490781490835847,1.1076417221876522,True,False,False,1419.9389179696946,62,25,39,6,47.03784820956424,2026-06-16T195936Z_ema_pullback_BTCUSDT_5m__phase2e_focused_1h_semantic_primary_215_w2p3_r2p85_lb50_sym_1hatr_sl2p15_tp2p15_fee04,research/results/runs/2026-06-16T195936Z_ema_pullback_BTCUSDT_5m__phase2e_focused_1h_semantic_primary_215_w2p3_r2p85_lb50_sym_1hatr_sl2p15_tp2p15_fee04.json
phase2e_focused_1h_semantic_primary_215_w2p25_r2p85_lb50_sym_1hatr_sl2p15_tp2p15_fee04,1h 2.15 w2.25/r2.85/lb50,focused_1h,1h,2.15,2.25,2.85,0.6,50,146,3610.999645927007,1.2499677042324167,57.534246575342465,-16.81817535347163,0.5088854955995689,98,1104.0362697196626,1.1076417221876522,56.12244897959183,48,2506.9633762073445,1.5984232130234992,60.416666666666664,0.490781490835847,1.1076417221876522,True,False,False,1419.9389179696946,62,25,39,6,47.03784820956424,2026-06-16T195424Z_ema_pullback_BTCUSDT_5m__phase2e_focused_1h_semantic_primary_215_w2p25_r2p85_lb50_sym_1hatr_sl2p15_tp2p15_fee04,research/results/runs/2026-06-16T195424Z_ema_pullback_BTCUSDT_5m__phase2e_focused_1h_semantic_primary_215_w2p25_r2p85_lb50_sym_1hatr_sl2p15_tp2p15_fee04.json
phase2e_focused_1h_semantic_primary_215_w2p2_r2p85_lb50_sym_1hatr_sl2p15_tp2p15_fee04,1h 2.15 w2.2/r2.85/lb50,focused_1h,1h,2.15,2.2,2.85,0.65,50,146,3610.999645927007,1.2499677042324167,57.534246575342465,-16.81817535347163,0.5088854955995689,98,1104.0362697196626,1.1076417221876522,56.12244897959183,48,2506.9633762073445,1.5984232130234992,60.416666666666664,0.490781490835847,1.1076417221876522,True,False,False,1419.9389179696946,62,25,39,6,47.03784820956424,2026-06-16T194907Z_ema_pullback_BTCUSDT_5m__phase2e_focused_1h_semantic_primary_215_w2p2_r2p85_lb50_sym_1hatr_sl2p15_tp2p15_fee04,research/results/runs/2026-06-16T194907Z_ema_pullback_BTCUSDT_5m__phase2e_focused_1h_semantic_primary_215_w2p2_r2p85_lb50_sym_1hatr_sl2p15_tp2p15_fee04.json
phase2e_focused_1h_semantic_upper_235_w1p9_r2p75_lb50_sym_1hatr_sl2p35_tp2p35_fee04,1h 2.35 w1.9/r2.75/lb50,focused_1h,1h,2.35,1.9,2.75,0.85,50,177,3513.5018275064654,1.1591235198724459,56.49717514124294,-22.918387684010423,0.4227122025853495,119,1373.9184733064303,1.094655243619163,55.46218487394958,58,2139.583354200035,1.2828128672240253,58.620689655172406,0.18815762360486232,1.094655243619163,True,False,False,1812.9709830014974,77,27,57,8,38.35563478300492,2026-06-16T200308Z_ema_pullback_BTCUSDT_5m__phase2e_focused_1h_semantic_upper_235_w1p9_r2p75_lb50_sym_1hatr_sl2p35_tp2p35_fee04,research/results/runs/2026-06-16T200308Z_ema_pullback_BTCUSDT_5m__phase2e_focused_1h_semantic_upper_235_w1p9_r2p75_lb50_sym_1hatr_sl2p35_tp2p35_fee04.json
phase2e_focused_1h_semantic_upper_235_w2_r2p75_lb50_sym_1hatr_sl2p35_tp2p35_fee04,1h 2.35 w2/r2.75/lb50,focused_1h,1h,2.35,2.0,2.75,0.75,50,177,3513.5018275064654,1.1591235198724459,56.49717514124294,-22.918387684010423,0.4227122025853495,119,1373.9184733064303,1.094655243619163,55.46218487394958,58,2139.583354200035,1.2828128672240253,58.620689655172406,0.18815762360486232,1.094655243619163,True,False,False,1812.9709830014974,77,27,57,8,38.35563478300492,2026-06-16T200813Z_ema_pullback_BTCUSDT_5m__phase2e_focused_1h_semantic_upper_235_w2_r2p75_lb50_sym_1hatr_sl2p35_tp2p35_fee04,research/results/runs/2026-06-16T200813Z_ema_pullback_BTCUSDT_5m__phase2e_focused_1h_semantic_upper_235_w2_r2p75_lb50_sym_1hatr_sl2p35_tp2p35_fee04.json
phase2e_focused_1h_semantic_primary_215_w2p2_r2p75_lb50_sym_1hatr_sl2p15_tp2p15_fee04,1h 2.15 w2.2/r2.75/lb50,focused_1h,1h,2.15,2.2,2.75,0.55,50,170,3444.4520266287627,1.185389535449415,57.05882352941176,-18.79479621861735,0.44777556563115944,113,1555.7316277115672,1.1290937776747079,56.63716814159292,57,1888.7203989171956,1.2893099012164895,57.89473684210527,0.1602161235417816,1.1290937776747079,True,True,True,1725.86813851412,73,31,46,7,51.36892826923596,2026-06-16T194727Z_ema_pullback_BTCUSDT_5m__phase2e_focused_1h_semantic_primary_215_w2p2_r2p75_lb50_sym_1hatr_sl2p15_tp2p15_fee04,research/results/runs/2026-06-16T194727Z_ema_pullback_BTCUSDT_5m__phase2e_focused_1h_semantic_primary_215_w2p2_r2p75_lb50_sym_1hatr_sl2p15_tp2p15_fee04.json
phase2e_focused_1h_semantic_primary_215_w2p3_r2p75_lb50_sym_1hatr_sl2p15_tp2p15_fee04,1h 2.15 w2.3/r2.75/lb50,focused_1h,1h,2.15,2.3,2.75,0.45,50,168,3332.2548735986484,1.1834748238765296,57.14285714285714,-18.79479621861735,0.4396600927316881,113,1600.9585627219462,1.133718798683615,56.63716814159292,55,1731.2963108767024,1.27972217873089,58.18181818181818,0.14600338004727487,1.133718798683615,True,True,True,1697.4275448108242,72,30,45,7,52.640240430200876,2026-06-16T195754Z_ema_pullback_BTCUSDT_5m__phase2e_focused_1h_semantic_primary_215_w2p3_r2p75_lb50_sym_1hatr_sl2p15_tp2p15_fee04,research/results/runs/2026-06-16T195754Z_ema_pullback_BTCUSDT_5m__phase2e_focused_1h_semantic_primary_215_w2p3_r2p75_lb50_sym_1hatr_sl2p15_tp2p15_fee04.json
phase2e_focused_1h_semantic_upper_235_w2p1_r2p85_lb50_sym_1hatr_sl2p35_tp2p35_fee04,1h 2.35 w2.1/r2.85/lb50,focused_1h,1h,2.35,2.1,2.85,0.75,50,149,3306.2793863544985,1.2056713401783266,56.375838926174495,-19.40203054053109,0.4461754183415448,100,972.2562901626068,1.08731441539579,55.00000000000001,49,2334.0230961918915,1.472433210597216,59.183673469387756,0.3851187952014259,1.08731441539579,True,False,False,1397.6243624510018,65,23,47,7,32.81526645502332,2026-06-16T201715Z_ema_pullback_BTCUSDT_5m__phase2e_focused_1h_semantic_upper_235_w2p1_r2p85_lb50_sym_1hatr_sl2p35_tp2p35_fee04,research/results/runs/2026-06-16T201715Z_ema_pullback_BTCUSDT_5m__phase2e_focused_1h_semantic_upper_235_w2p1_r2p85_lb50_sym_1hatr_sl2p35_tp2p35_fee04.json
phase2e_focused_1h_semantic_upper_235_w1p9_r2p85_lb50_sym_1hatr_sl2p35_tp2p35_fee04,1h 2.35 w1.9/r2.85/lb50,focused_1h,1h,2.35,1.9,2.85,0.95,50,149,3306.2793863544985,1.2056713401783266,56.375838926174495,-19.40203054053109,0.4461754183415448,100,972.2562901626068,1.08731441539579,55.00000000000001,49,2334.0230961918915,1.472433210597216,59.183673469387756,0.3851187952014259,1.08731441539579,True,False,False,1397.6243624510018,65,23,47,7,32.81526645502332,2026-06-16T200451Z_ema_pullback_BTCUSDT_5m__phase2e_focused_1h_semantic_upper_235_w1p9_r2p85_lb50_sym_1hatr_sl2p35_tp2p35_fee04,research/results/runs/2026-06-16T200451Z_ema_pullback_BTCUSDT_5m__phase2e_focused_1h_semantic_upper_235_w1p9_r2p85_lb50_sym_1hatr_sl2p35_tp2p35_fee04.json
phase2e_focused_1h_semantic_upper_235_w2_r2p85_lb50_sym_1hatr_sl2p35_tp2p35_fee04,1h 2.35 w2/r2.85/lb50,focused_1h,1h,2.35,2.0,2.85,0.85,50,149,3306.2793863544985,1.2056713401783266,56.375838926174495,-19.40203054053109,0.4461754183415448,100,972.2562901626068,1.08731441539579,55.00000000000001,49,2334.0230961918915,1.472433210597216,59.183673469387756,0.3851187952014259,1.08731441539579,True,False,False,1397.6243624510018,65,23,47,7,32.81526645502332,2026-06-16T201048Z_ema_pullback_BTCUSDT_5m__phase2e_focused_1h_semantic_upper_235_w2_r2p85_lb50_sym_1hatr_sl2p35_tp2p35_fee04,research/results/runs/2026-06-16T201048Z_ema_pullback_BTCUSDT_5m__phase2e_focused_1h_semantic_upper_235_w2_r2p85_lb50_sym_1hatr_sl2p35_tp2p35_fee04.json
phase2e_focused_1h_semantic_upper_235_w2p3_r2p65_lb35_sym_1hatr_sl2p35_tp2p35_fee04,1h 2.35 w2.3/r2.65/lb35,focused_1h,1h,2.35,2.3,2.65,0.35,35,183,3238.5970326633296,1.1545446858774566,57.92349726775956,-20.725703244633298,0.40740239244777254,124,2493.35697949083,1.1845403017460787,58.87096774193549,59,745.2400531724996,1.1001054067939728,55.932203389830505,0.08443489495210588,1.1001054067939728,True,False,False,1791.106331885493,77,31,55,8,53.94158885975463,2026-06-16T203016Z_ema_pullback_BTCUSDT_5m__phase2e_focused_1h_semantic_upper_235_w2p3_r2p65_lb35_sym_1hatr_sl2p35_tp2p35_fee04,research/results/runs/2026-06-16T203016Z_ema_pullback_BTCUSDT_5m__phase2e_focused_1h_semantic_upper_235_w2p3_r2p65_lb35_sym_1hatr_sl2p35_tp2p35_fee04.json
phase2e_focused_1h_semantic_upper_235_w2p25_r2p65_lb50_sym_1hatr_sl2p35_tp2p35_fee04,1h 2.35 w2.25/r2.65/lb50,focused_1h,1h,2.35,2.25,2.65,0.4,50,191,3184.7258457688727,1.1357626491009793,58.1151832460733,-22.38684890974968,0.3888658872659671,126,2390.286873940159,1.1680071704648503,58.730158730158735,65,794.4389718287141,1.086064395657708,56.92307692307692,0.08194277480714218,1.086064395657708,True,False,False,1932.798115215417,80,32,60,8,53.76043616684882,2026-06-16T202429Z_ema_pullback_BTCUSDT_5m__phase2e_focused_1h_semantic_upper_235_w2p25_r2p65_lb50_sym_1hatr_sl2p35_tp2p35_fee04,research/results/runs/2026-06-16T202429Z_ema_pullback_BTCUSDT_5m__phase2e_focused_1h_semantic_upper_235_w2p25_r2p65_lb50_sym_1hatr_sl2p35_tp2p35_fee04.json
phase2e_focused_1h_semantic_upper_235_w2p2_r2p85_lb35_sym_1hatr_sl2p35_tp2p35_fee04,1h 2.35 w2.2/r2.85/lb35,focused_1h,1h,2.35,2.2,2.85,0.65,35,137,3022.0930955738922,1.2084230350244547,56.20437956204379,-19.402030540530856,0.43084741576593594,93,-28.770905092541987,0.9973125266215092,53.76344086021505,44,3050.8640006664345,1.804076784878094,61.36363636363637,0.8067642582565849,0.9973125266215092,False,False,False,1291.2310822386958,60,23,42,7,0.0,2026-06-16T202210Z_ema_pullback_BTCUSDT_5m__phase2e_focused_1h_semantic_upper_235_w2p2_r2p85_lb35_sym_1hatr_sl2p35_tp2p35_fee04,research/results/runs/2026-06-16T202210Z_ema_pullback_BTCUSDT_5m__phase2e_focused_1h_semantic_upper_235_w2p2_r2p85_lb35_sym_1hatr_sl2p35_tp2p35_fee04.json
phase2e_focused_1h_semantic_upper_235_w2p25_r2p85_lb35_sym_1hatr_sl2p35_tp2p35_fee04,1h 2.35 w2.25/r2.85/lb35,focused_1h,1h,2.35,2.25,2.85,0.6,35,137,3022.0930955738922,1.2084230350244547,56.20437956204379,-19.402030540530856,0.43084741576593594,93,-28.770905092541987,0.9973125266215092,53.76344086021505,44,3050.8640006664345,1.804076784878094,61.36363636363637,0.8067642582565849,0.9973125266215092,False,False,False,1291.2310822386958,60,23,42,7,0.0,2026-06-16T202801Z_ema_pullback_BTCUSDT_5m__phase2e_focused_1h_semantic_upper_235_w2p25_r2p85_lb35_sym_1hatr_sl2p35_tp2p35_fee04,research/results/runs/2026-06-16T202801Z_ema_pullback_BTCUSDT_5m__phase2e_focused_1h_semantic_upper_235_w2p25_r2p85_lb35_sym_1hatr_sl2p35_tp2p35_fee04.json
phase2e_focused_1h_semantic_upper_235_w2p3_r2p85_lb35_sym_1hatr_sl2p35_tp2p35_fee04,1h 2.35 w2.3/r2.85/lb35,focused_1h,1h,2.35,2.3,2.85,0.55,35,137,3022.0930955738922,1.2084230350244547,56.20437956204379,-19.402030540530856,0.43084741576593594,93,-28.770905092541987,0.9973125266215092,53.76344086021505,44,3050.8640006664345,1.804076784878094,61.36363636363637,0.8067642582565849,0.9973125266215092,False,False,False,1291.2310822386958,60,23,42,7,0.0,2026-06-16T203432Z_ema_pullback_BTCUSDT_5m__phase2e_focused_1h_semantic_upper_235_w2p3_r2p85_lb35_sym_1hatr_sl2p35_tp2p35_fee04,research/results/runs/2026-06-16T203432Z_ema_pullback_BTCUSDT_5m__phase2e_focused_1h_semantic_upper_235_w2p3_r2p85_lb35_sym_1hatr_sl2p35_tp2p35_fee04.json
phase2e_focused_1h_semantic_primary_215_w2p1_r2p75_lb50_sym_1hatr_sl2p15_tp2p15_fee04,1h 2.15 w2.1/r2.75/lb50,focused_1h,1h,2.15,2.1,2.75,0.65,50,176,3001.461041798771,1.1505136864529806,56.25,-22.027659395660727,0.3951861200761429,117,1324.207517738255,1.1027001499828835,55.55555555555556,59,1677.2535240605162,1.2379917076119193,57.6271186440678,0.13529155762903589,1.1027001499828835,True,False,False,1797.371733146298,77,31,48,7,45.020966134130944,2026-06-16T194222Z_ema_pullback_BTCUSDT_5m__phase2e_focused_1h_semantic_primary_215_w2p1_r2p75_lb50_sym_1hatr_sl2p15_tp2p15_fee04,research/results/runs/2026-06-16T194222Z_ema_pullback_BTCUSDT_5m__phase2e_focused_1h_semantic_primary_215_w2p1_r2p75_lb50_sym_1hatr_sl2p15_tp2p15_fee04.json
phase2e_focused_1h_semantic_primary_215_w2p2_r2p65_lb20_sym_1hatr_sl2p15_tp2p15_fee04,1h 2.15 w2.2/r2.65/lb20,focused_1h,1h,2.15,2.2,2.65,0.45,20,172,2848.4226040558383,1.162918481942664,57.55813953488372,-23.4327939544967,0.39912683329154053,115,1639.1577910059862,1.1429656238027393,57.391304347826086,57,1209.264813049852,1.2009302598776244,57.89473684210527,0.05796463607488511,1.1429656238027393,True,False,False,1661.7690757575044,73,32,42,5,57.84784873307623,2026-06-16T194437Z_ema_pullback_BTCUSDT_5m__phase2e_focused_1h_semantic_primary_215_w2p2_r2p65_lb20_sym_1hatr_sl2p15_tp2p15_fee04,research/results/runs/2026-06-16T194437Z_ema_pullback_BTCUSDT_5m__phase2e_focused_1h_semantic_primary_215_w2p2_r2p65_lb20_sym_1hatr_sl2p15_tp2p15_fee04.json
phase2e_focused_1h_semantic_primary_215_w2p25_r2p65_lb20_sym_1hatr_sl2p15_tp2p15_fee04,1h 2.15 w2.25/r2.65/lb20,focused_1h,1h,2.15,2.25,2.65,0.4,20,172,2848.4226040558383,1.162918481942664,57.55813953488372,-23.4327939544967,0.39912683329154053,115,1639.1577910059862,1.1429656238027393,57.391304347826086,57,1209.264813049852,1.2009302598776244,57.89473684210527,0.05796463607488511,1.1429656238027393,True,False,False,1661.7690757575044,73,32,42,5,57.84784873307623,2026-06-16T194940Z_ema_pullback_BTCUSDT_5m__phase2e_focused_1h_semantic_primary_215_w2p25_r2p65_lb20_sym_1hatr_sl2p15_tp2p15_fee04,research/results/runs/2026-06-16T194940Z_ema_pullback_BTCUSDT_5m__phase2e_focused_1h_semantic_primary_215_w2p25_r2p65_lb20_sym_1hatr_sl2p15_tp2p15_fee04.json
phase2e_focused_1h_semantic_primary_215_w1p9_r2p85_lb50_sym_1hatr_sl2p15_tp2p15_fee04,1h 2.15 w1.9/r2.85/lb50,focused_1h,1h,2.15,1.9,2.85,0.95,50,150,2848.201352535739,1.190765764126313,56.666666666666664,-18.907787239209327,0.42019515176974304,100,645.552872879134,1.0620197837983318,55.00000000000001,50,2202.6484796566046,1.4871459243514313,60.0,0.4251261405530995,1.0620197837983318,True,False,False,1412.8084941285606,65,25,40,6,37.64246618304464,2026-06-16T193358Z_ema_pullback_BTCUSDT_5m__phase2e_focused_1h_semantic_primary_215_w1p9_r2p85_lb50_sym_1hatr_sl2p15_tp2p15_fee04,research/results/runs/2026-06-16T193358Z_ema_pullback_BTCUSDT_5m__phase2e_focused_1h_semantic_primary_215_w1p9_r2p85_lb50_sym_1hatr_sl2p15_tp2p15_fee04.json
phase2e_focused_1h_semantic_primary_215_w2_r2p85_lb50_sym_1hatr_sl2p15_tp2p15_fee04,1h 2.15 w2/r2.85/lb50,focused_1h,1h,2.15,2.0,2.85,0.85,50,150,2848.201352535739,1.190765764126313,56.666666666666664,-18.907787239209327,0.42019515176974304,100,645.552872879134,1.0620197837983318,55.00000000000001,50,2202.6484796566046,1.4871459243514313,60.0,0.4251261405530995,1.0620197837983318,True,False,False,1412.8084941285606,65,25,40,6,37.64246618304464,2026-06-16T193901Z_ema_pullback_BTCUSDT_5m__phase2e_focused_1h_semantic_primary_215_w2_r2p85_lb50_sym_1hatr_sl2p15_tp2p15_fee04,research/results/runs/2026-06-16T193901Z_ema_pullback_BTCUSDT_5m__phase2e_focused_1h_semantic_primary_215_w2_r2p85_lb50_sym_1hatr_sl2p15_tp2p15_fee04.json
phase2e_focused_1h_semantic_primary_215_w2p1_r2p85_lb50_sym_1hatr_sl2p15_tp2p15_fee04,1h 2.15 w2.1/r2.85/lb50,focused_1h,1h,2.15,2.1,2.85,0.75,50,150,2848.201352535739,1.190765764126313,56.666666666666664,-18.907787239209327,0.42019515176974304,100,645.552872879134,1.0620197837983318,55.00000000000001,50,2202.6484796566046,1.4871459243514313,60.0,0.4251261405530995,1.0620197837983318,True,False,False,1412.8084941285606,65,25,40,6,37.64246618304464,2026-06-16T194404Z_ema_pullback_BTCUSDT_5m__phase2e_focused_1h_semantic_primary_215_w2p1_r2p85_lb50_sym_1hatr_sl2p15_tp2p15_fee04,research/results/runs/2026-06-16T194404Z_ema_pullback_BTCUSDT_5m__phase2e_focused_1h_semantic_primary_215_w2p1_r2p85_lb50_sym_1hatr_sl2p15_tp2p15_fee04.json
phase2e_focused_1h_semantic_upper_235_w2p2_r2p65_lb50_sym_1hatr_sl2p35_tp2p35_fee04,1h 2.35 w2.2/r2.65/lb50,focused_1h,1h,2.35,2.2,2.65,0.45,50,193,2607.763817327405,1.1089978678016088,57.51295336787565,-25.78319113260539,0.33651797747859596,127,2143.4196684697076,1.1485554026865228,58.26771653543307,66,464.3441488576973,1.0488964118063113,56.060606060606055,0.09965899088021146,1.0488964118063113,True,False,False,1943.0310492753774,82,33,60,8,46.38210560275221,2026-06-16T201912Z_ema_pullback_BTCUSDT_5m__phase2e_focused_1h_semantic_upper_235_w2p2_r2p65_lb50_sym_1hatr_sl2p35_tp2p35_fee04,research/results/runs/2026-06-16T201912Z_ema_pullback_BTCUSDT_5m__phase2e_focused_1h_semantic_upper_235_w2p2_r2p65_lb50_sym_1hatr_sl2p35_tp2p35_fee04.json
phase2e_focused_1h_semantic_primary_215_w2p25_r2p85_lb35_sym_1hatr_sl2p15_tp2p15_fee04,1h 2.15 w2.25/r2.85/lb35,focused_1h,1h,2.15,2.25,2.85,0.6,35,138,2604.481481530349,1.1929797197341392,56.52173913043478,-18.39337779131934,0.4066236303863694,93,-255.0428815031657,0.9745278350106231,53.76344086021505,45,2859.5243630335144,1.8208697910140204,62.22222222222222,0.8463419560033972,0.9745278350106231,False,False,False,1306.8143259363096,60,25,35,6,0.0,2026-06-16T195347Z_ema_pullback_BTCUSDT_5m__phase2e_focused_1h_semantic_primary_215_w2p25_r2p85_lb35_sym_1hatr_sl2p15_tp2p15_fee04,research/results/runs/2026-06-16T195347Z_ema_pullback_BTCUSDT_5m__phase2e_focused_1h_semantic_primary_215_w2p25_r2p85_lb35_sym_1hatr_sl2p15_tp2p15_fee04.json
phase2e_focused_1h_semantic_primary_215_w2p3_r2p85_lb35_sym_1hatr_sl2p15_tp2p15_fee04,1h 2.15 w2.3/r2.85/lb35,focused_1h,1h,2.15,2.3,2.85,0.55,35,138,2604.481481530349,1.1929797197341392,56.52173913043478,-18.39337779131934,0.4066236303863694,93,-255.0428815031657,0.9745278350106231,53.76344086021505,45,2859.5243630335144,1.8208697910140204,62.22222222222222,0.8463419560033972,0.9745278350106231,False,False,False,1306.8143259363096,60,25,35,6,0.0,2026-06-16T195901Z_ema_pullback_BTCUSDT_5m__phase2e_focused_1h_semantic_primary_215_w2p3_r2p85_lb35_sym_1hatr_sl2p15_tp2p15_fee04,research/results/runs/2026-06-16T195901Z_ema_pullback_BTCUSDT_5m__phase2e_focused_1h_semantic_primary_215_w2p3_r2p85_lb35_sym_1hatr_sl2p15_tp2p15_fee04.json
phase2e_focused_1h_semantic_primary_215_w2p2_r2p85_lb35_sym_1hatr_sl2p15_tp2p15_fee04,1h 2.15 w2.2/r2.85/lb35,focused_1h,1h,2.15,2.2,2.85,0.65,35,138,2604.481481530349,1.1929797197341392,56.52173913043478,-18.39337779131934,0.4066236303863694,93,-255.0428815031657,0.9745278350106231,53.76344086021505,45,2859.5243630335144,1.8208697910140204,62.22222222222222,0.8463419560033972,0.9745278350106231,False,False,False,1306.8143259363096,60,25,35,6,0.0,2026-06-16T194834Z_ema_pullback_BTCUSDT_5m__phase2e_focused_1h_semantic_primary_215_w2p2_r2p85_lb35_sym_1hatr_sl2p15_tp2p15_fee04,research/results/runs/2026-06-16T194834Z_ema_pullback_BTCUSDT_5m__phase2e_focused_1h_semantic_primary_215_w2p2_r2p85_lb35_sym_1hatr_sl2p15_tp2p15_fee04.json
phase2e_focused_1h_semantic_upper_235_w2_r2p85_lb20_sym_1hatr_sl2p35_tp2p35_fee04,1h 2.35 w2/r2.85/lb20,focused_1h,1h,2.35,2.0,2.85,0.85,20,126,2602.8193267820984,1.201374058580385,55.55555555555556,-19.402030540531168,0.39872704285641125,88,370.8163333953557,1.0380503415038185,54.54545454545454,38,2232.0029933867427,1.701913780554878,57.89473684210527,0.6638634390510596,1.0380503415038185,True,False,False,1146.969982420584,56,22,39,6,26.819211301626833,2026-06-16T200845Z_ema_pullback_BTCUSDT_5m__phase2e_focused_1h_semantic_upper_235_w2_r2p85_lb20_sym_1hatr_sl2p35_tp2p35_fee04,research/results/runs/2026-06-16T200845Z_ema_pullback_BTCUSDT_5m__phase2e_focused_1h_semantic_upper_235_w2_r2p85_lb20_sym_1hatr_sl2p35_tp2p35_fee04.json
phase2e_focused_1h_semantic_upper_235_w2p25_r2p85_lb20_sym_1hatr_sl2p35_tp2p35_fee04,1h 2.35 w2.25/r2.85/lb20,focused_1h,1h,2.35,2.25,2.85,0.6,20,126,2602.8193267820984,1.201374058580385,55.55555555555556,-19.402030540531168,0.39872704285641125,88,370.8163333953557,1.0380503415038185,54.54545454545454,38,2232.0029933867427,1.701913780554878,57.89473684210527,0.6638634390510596,1.0380503415038185,True,False,False,1146.969982420584,56,22,39,6,26.819211301626833,2026-06-16T202714Z_ema_pullback_BTCUSDT_5m__phase2e_focused_1h_semantic_upper_235_w2p25_r2p85_lb20_sym_1hatr_sl2p35_tp2p35_fee04,research/results/runs/2026-06-16T202714Z_ema_pullback_BTCUSDT_5m__phase2e_focused_1h_semantic_upper_235_w2p25_r2p85_lb20_sym_1hatr_sl2p35_tp2p35_fee04.json
phase2e_focused_1h_semantic_upper_235_w2p1_r2p85_lb20_sym_1hatr_sl2p35_tp2p35_fee04,1h 2.35 w2.1/r2.85/lb20,focused_1h,1h,2.35,2.1,2.85,0.75,20,126,2602.8193267820984,1.201374058580385,55.55555555555556,-19.402030540531168,0.39872704285641125,88,370.8163333953557,1.0380503415038185,54.54545454545454,38,2232.0029933867427,1.701913780554878,57.89473684210527,0.6638634390510596,1.0380503415038185,True,False,False,1146.969982420584,56,22,39,6,26.819211301626833,2026-06-16T201605Z_ema_pullback_BTCUSDT_5m__phase2e_focused_1h_semantic_upper_235_w2p1_r2p85_lb20_sym_1hatr_sl2p35_tp2p35_fee04,research/results/runs/2026-06-16T201605Z_ema_pullback_BTCUSDT_5m__phase2e_focused_1h_semantic_upper_235_w2p1_r2p85_lb20_sym_1hatr_sl2p35_tp2p35_fee04.json
phase2e_focused_1h_semantic_upper_235_w2p3_r2p85_lb20_sym_1hatr_sl2p35_tp2p35_fee04,1h 2.35 w2.3/r2.85/lb20,focused_1h,1h,2.35,2.3,2.85,0.55,20,126,2602.8193267820984,1.201374058580385,55.55555555555556,-19.402030540531168,0.39872704285641125,88,370.8163333953557,1.0380503415038185,54.54545454545454,38,2232.0029933867427,1.701913780554878,57.89473684210527,0.6638634390510596,1.0380503415038185,True,False,False,1146.969982420584,56,22,39,6,26.819211301626833,2026-06-16T203349Z_ema_pullback_BTCUSDT_5m__phase2e_focused_1h_semantic_upper_235_w2p3_r2p85_lb20_sym_1hatr_sl2p35_tp2p35_fee04,research/results/runs/2026-06-16T203349Z_ema_pullback_BTCUSDT_5m__phase2e_focused_1h_semantic_upper_235_w2p3_r2p85_lb20_sym_1hatr_sl2p35_tp2p35_fee04.json
phase2e_focused_1h_semantic_upper_235_w2p2_r2p85_lb20_sym_1hatr_sl2p35_tp2p35_fee04,1h 2.35 w2.2/r2.85/lb20,focused_1h,1h,2.35,2.2,2.85,0.65,20,126,2602.8193267820984,1.201374058580385,55.55555555555556,-19.402030540531168,0.39872704285641125,88,370.8163333953557,1.0380503415038185,54.54545454545454,38,2232.0029933867427,1.701913780554878,57.89473684210527,0.6638634390510596,1.0380503415038185,True,False,False,1146.969982420584,56,22,39,6,26.819211301626833,2026-06-16T202126Z_ema_pullback_BTCUSDT_5m__phase2e_focused_1h_semantic_upper_235_w2p2_r2p85_lb20_sym_1hatr_sl2p35_tp2p35_fee04,research/results/runs/2026-06-16T202126Z_ema_pullback_BTCUSDT_5m__phase2e_focused_1h_semantic_upper_235_w2p2_r2p85_lb20_sym_1hatr_sl2p35_tp2p35_fee04.json
phase2e_focused_1h_semantic_upper_235_w1p9_r2p85_lb20_sym_1hatr_sl2p35_tp2p35_fee04,1h 2.35 w1.9/r2.85/lb20,focused_1h,1h,2.35,1.9,2.85,0.95,20,126,2602.8193267820984,1.201374058580385,55.55555555555556,-19.402030540531168,0.39872704285641125,88,370.8163333953557,1.0380503415038185,54.54545454545454,38,2232.0029933867427,1.701913780554878,57.89473684210527,0.6638634390510596,1.0380503415038185,True,False,False,1146.969982420584,56,22,39,6,26.819211301626833,2026-06-16T200343Z_ema_pullback_BTCUSDT_5m__phase2e_focused_1h_semantic_upper_235_w1p9_r2p85_lb20_sym_1hatr_sl2p35_tp2p35_fee04,research/results/runs/2026-06-16T200343Z_ema_pullback_BTCUSDT_5m__phase2e_focused_1h_semantic_upper_235_w1p9_r2p85_lb20_sym_1hatr_sl2p35_tp2p35_fee04.json
phase2e_focused_1h_semantic_upper_235_w1p9_r2p65_lb50_sym_1hatr_sl2p35_tp2p35_fee04,1h 2.35 w1.9/r2.65/lb50,focused_1h,1h,2.35,1.9,2.65,0.75,50,209,2536.263146936651,1.0926835090585358,56.45933014354066,-30.44342418142535,0.3183472901275839,136,428.7448437887019,1.025038204045906,55.14705882352941,73,2107.518303147949,1.20578929360057,58.9041095890411,0.180751089554664,1.025038204045906,True,False,False,2143.301267232599,91,34,67,8,33.26190352649441,2026-06-16T200123Z_ema_pullback_BTCUSDT_5m__phase2e_focused_1h_semantic_upper_235_w1p9_r2p65_lb50_sym_1hatr_sl2p35_tp2p35_fee04,research/results/runs/2026-06-16T200123Z_ema_pullback_BTCUSDT_5m__phase2e_focused_1h_semantic_upper_235_w1p9_r2p65_lb50_sym_1hatr_sl2p35_tp2p35_fee04.json
phase2e_focused_1h_semantic_upper_235_w2p25_r2p65_lb35_sym_1hatr_sl2p35_tp2p35_fee04,1h 2.35 w2.25/r2.65/lb35,focused_1h,1h,2.35,2.25,2.65,0.4,35,185,2528.1767183059483,1.1160664190592153,57.83783783783784,-24.97978475209688,0.3341898986045604,124,2417.443136154248,1.1812806022430982,58.87096774193549,61,110.73358215169995,1.0131095473507428,55.73770491803278,0.1681710548923554,1.0131095473507428,True,False,False,1782.098653613389,78,31,56,8,43.82367754688302,2026-06-16T202358Z_ema_pullback_BTCUSDT_5m__phase2e_focused_1h_semantic_upper_235_w2p25_r2p65_lb35_sym_1hatr_sl2p35_tp2p35_fee04,research/results/runs/2026-06-16T202358Z_ema_pullback_BTCUSDT_5m__phase2e_focused_1h_semantic_upper_235_w2p25_r2p65_lb35_sym_1hatr_sl2p35_tp2p35_fee04.json
phase2e_focused_1h_semantic_upper_235_w2_r2p85_lb35_sym_1hatr_sl2p35_tp2p35_fee04,1h 2.35 w2/r2.85/lb35,focused_1h,1h,2.35,2.0,2.85,0.85,35,140,2473.9778807706134,1.1656931365698182,55.714285714285715,-19.97496170409803,0.3675382955906497,94,-230.14530915614486,0.9784908536564664,53.191489361702125,46,2704.123189926758,1.639091122872675,60.86956521739131,0.6606002692162086,0.9784908536564664,False,False,False,1289.1621055467986,62,23,43,7,0.0,2026-06-16T200921Z_ema_pullback_BTCUSDT_5m__phase2e_focused_1h_semantic_upper_235_w2_r2p85_lb35_sym_1hatr_sl2p35_tp2p35_fee04,research/results/runs/2026-06-16T200921Z_ema_pullback_BTCUSDT_5m__phase2e_focused_1h_semantic_upper_235_w2_r2p85_lb35_sym_1hatr_sl2p35_tp2p35_fee04.json
phase2e_focused_1h_semantic_upper_235_w2p1_r2p85_lb35_sym_1hatr_sl2p35_tp2p35_fee04,1h 2.35 w2.1/r2.85/lb35,focused_1h,1h,2.35,2.1,2.85,0.75,35,140,2473.9778807706134,1.1656931365698182,55.714285714285715,-19.97496170409803,0.3675382955906497,94,-230.14530915614486,0.9784908536564664,53.191489361702125,46,2704.123189926758,1.639091122872675,60.86956521739131,0.6606002692162086,0.9784908536564664,False,False,False,1289.1621055467986,62,23,43,7,0.0,2026-06-16T201641Z_ema_pullback_BTCUSDT_5m__phase2e_focused_1h_semantic_upper_235_w2p1_r2p85_lb35_sym_1hatr_sl2p35_tp2p35_fee04,research/results/runs/2026-06-16T201641Z_ema_pullback_BTCUSDT_5m__phase2e_focused_1h_semantic_upper_235_w2p1_r2p85_lb35_sym_1hatr_sl2p35_tp2p35_fee04.json
phase2e_focused_1h_semantic_upper_235_w1p9_r2p85_lb35_sym_1hatr_sl2p35_tp2p35_fee04,1h 2.35 w1.9/r2.85/lb35,focused_1h,1h,2.35,1.9,2.85,0.95,35,140,2473.9778807706134,1.1656931365698182,55.714285714285715,-19.97496170409803,0.3675382955906497,94,-230.14530915614486,0.9784908536564664,53.191489361702125,46,2704.123189926758,1.639091122872675,60.86956521739131,0.6606002692162086,0.9784908536564664,False,False,False,1289.1621055467986,62,23,43,7,0.0,2026-06-16T200417Z_ema_pullback_BTCUSDT_5m__phase2e_focused_1h_semantic_upper_235_w1p9_r2p85_lb35_sym_1hatr_sl2p35_tp2p35_fee04,research/results/runs/2026-06-16T200417Z_ema_pullback_BTCUSDT_5m__phase2e_focused_1h_semantic_upper_235_w1p9_r2p85_lb35_sym_1hatr_sl2p35_tp2p35_fee04.json
phase2e_focused_1h_semantic_primary_215_w1p9_r2p75_lb50_sym_1hatr_sl2p15_tp2p15_fee04,1h 2.15 w1.9/r2.75/lb50,focused_1h,1h,2.15,1.9,2.75,0.85,50,178,2338.9337771119926,1.1167189403324218,55.61797752808989,-24.267585820530122,0.32867916977201167,119,700.1568822896919,1.0529990451269187,54.621848739495796,59,1638.7768948223006,1.2399984945232687,57.6271186440678,0.18699944939635005,1.0529990451269187,True,False,False,1765.1170927673438,79,32,48,7,34.43477462389401,2026-06-16T193219Z_ema_pullback_BTCUSDT_5m__phase2e_focused_1h_semantic_primary_215_w1p9_r2p75_lb50_sym_1hatr_sl2p15_tp2p15_fee04,research/results/runs/2026-06-16T193219Z_ema_pullback_BTCUSDT_5m__phase2e_focused_1h_semantic_primary_215_w1p9_r2p75_lb50_sym_1hatr_sl2p15_tp2p15_fee04.json
phase2e_focused_1h_semantic_primary_215_w2_r2p75_lb50_sym_1hatr_sl2p15_tp2p15_fee04,1h 2.15 w2/r2.75/lb50,focused_1h,1h,2.15,2.0,2.75,0.75,50,178,2338.9337771119926,1.1167189403324218,55.61797752808989,-24.267585820530122,0.32867916977201167,119,700.1568822896919,1.0529990451269187,54.621848739495796,59,1638.7768948223006,1.2399984945232687,57.6271186440678,0.18699944939635005,1.0529990451269187,True,False,False,1765.1170927673438,79,32,48,7,34.43477462389401,2026-06-16T193718Z_ema_pullback_BTCUSDT_5m__phase2e_focused_1h_semantic_primary_215_w2_r2p75_lb50_sym_1hatr_sl2p15_tp2p15_fee04,research/results/runs/2026-06-16T193718Z_ema_pullback_BTCUSDT_5m__phase2e_focused_1h_semantic_primary_215_w2_r2p75_lb50_sym_1hatr_sl2p15_tp2p15_fee04.json
phase2e_focused_1h_semantic_primary_215_w2p1_r2p65_lb20_sym_1hatr_sl2p15_tp2p15_fee04,1h 2.15 w2.1/r2.65/lb20,focused_1h,1h,2.15,2.1,2.65,0.55,20,173,2336.913607273451,1.1311081603042428,57.22543352601156,-26.48101364322394,0.3431601862916623,115,1599.89385013231,1.1404719972055204,57.391304347826086,58,737.0197571411406,1.1145346995824545,56.896551724137936,0.025937297623065847,1.1145346995824545,True,False,False,1655.4671444343405,74,32,42,5,54.69569797765337,2026-06-16T193933Z_ema_pullback_BTCUSDT_5m__phase2e_focused_1h_semantic_primary_215_w2p1_r2p65_lb20_sym_1hatr_sl2p15_tp2p15_fee04,research/results/runs/2026-06-16T193933Z_ema_pullback_BTCUSDT_5m__phase2e_focused_1h_semantic_primary_215_w2p1_r2p65_lb20_sym_1hatr_sl2p15_tp2p15_fee04.json
phase2e_focused_1h_semantic_primary_215_w2_r2p65_lb20_sym_1hatr_sl2p15_tp2p15_fee04,1h 2.15 w2/r2.65/lb20,focused_1h,1h,2.15,2.0,2.65,0.65,20,173,2336.913607273451,1.1311081603042428,57.22543352601156,-26.48101364322394,0.3431601862916623,115,1599.89385013231,1.1404719972055204,57.391304347826086,58,737.0197571411406,1.1145346995824545,56.896551724137936,0.025937297623065847,1.1145346995824545,True,False,False,1655.4671444343405,74,32,42,5,54.69569797765337,2026-06-16T193431Z_ema_pullback_BTCUSDT_5m__phase2e_focused_1h_semantic_primary_215_w2_r2p65_lb20_sym_1hatr_sl2p15_tp2p15_fee04,research/results/runs/2026-06-16T193431Z_ema_pullback_BTCUSDT_5m__phase2e_focused_1h_semantic_primary_215_w2_r2p65_lb20_sym_1hatr_sl2p15_tp2p15_fee04.json
phase2e_focused_1h_semantic_primary_215_w1p9_r2p65_lb20_sym_1hatr_sl2p15_tp2p15_fee04,1h 2.15 w1.9/r2.65/lb20,focused_1h,1h,2.15,1.9,2.65,0.75,20,173,2336.913607273451,1.1311081603042428,57.22543352601156,-26.48101364322394,0.3431601862916623,115,1599.89385013231,1.1404719972055204,57.391304347826086,58,737.0197571411406,1.1145346995824545,56.896551724137936,0.025937297623065847,1.1145346995824545,True,False,False,1655.4671444343405,74,32,42,5,54.69569797765337,2026-06-16T192929Z_ema_pullback_BTCUSDT_5m__phase2e_focused_1h_semantic_primary_215_w1p9_r2p65_lb20_sym_1hatr_sl2p15_tp2p15_fee04,research/results/runs/2026-06-16T192929Z_ema_pullback_BTCUSDT_5m__phase2e_focused_1h_semantic_primary_215_w1p9_r2p65_lb20_sym_1hatr_sl2p15_tp2p15_fee04.json
phase2e_focused_1h_semantic_upper_235_w2p2_r2p65_lb35_sym_1hatr_sl2p35_tp2p35_fee04,1h 2.35 w2.2/r2.65/lb35,focused_1h,1h,2.35,2.2,2.65,0.45,35,186,2295.546503539186,1.1045049013521369,57.52688172043011,-26.372802202071767,0.31185422429763754,125,2185.0961311146866,1.1613802155615705,58.4,61,110.45037242449911,1.0131084793185854,55.73770491803278,0.14827173624298506,1.0131084793185854,True,False,False,1786.7140923987997,79,31,56,8,42.23904530943402,2026-06-16T201836Z_ema_pullback_BTCUSDT_5m__phase2e_focused_1h_semantic_upper_235_w2p2_r2p65_lb35_sym_1hatr_sl2p35_tp2p35_fee04,research/results/runs/2026-06-16T201836Z_ema_pullback_BTCUSDT_5m__phase2e_focused_1h_semantic_upper_235_w2p2_r2p65_lb35_sym_1hatr_sl2p35_tp2p35_fee04.json
phase2e_focused_1h_semantic_upper_235_w2p1_r2p65_lb50_sym_1hatr_sl2p35_tp2p35_fee04,1h 2.35 w2.1/r2.65/lb50,focused_1h,1h,2.35,2.1,2.65,0.55,50,205,2289.914926841187,1.0882989199364552,56.58536585365853,-28.19478599516093,0.3011759013216601,134,1158.5353192857551,1.072317976028701,55.970149253731336,71,1131.379607555432,1.1141234162377207,57.74647887323944,0.04180544020901977,1.072317976028701,True,False,False,2045.8656258199394,89,34,65,8,43.795393551625715,2026-06-16T201331Z_ema_pullback_BTCUSDT_5m__phase2e_focused_1h_semantic_upper_235_w2p1_r2p65_lb50_sym_1hatr_sl2p35_tp2p35_fee04,research/results/runs/2026-06-16T201331Z_ema_pullback_BTCUSDT_5m__phase2e_focused_1h_semantic_upper_235_w2p1_r2p65_lb50_sym_1hatr_sl2p35_tp2p35_fee04.json
phase2e_focused_1h_semantic_primary_215_w2p1_r2p85_lb20_sym_1hatr_sl2p15_tp2p15_fee04,1h 2.15 w2.1/r2.85/lb20,focused_1h,1h,2.15,2.1,2.85,0.75,20,127,2240.401687726612,1.185131786780362,55.90551181102362,-20.536546585902148,0.37376986557573705,88,123.13705055413887,1.0134444419894326,54.54545454545454,39,2117.2646371724736,1.719496592967428,58.97435897435898,0.7060521509779953,1.0134444419894326,True,False,False,1167.0377600802888,56,23,32,5,30.279822972263336,2026-06-16T194255Z_ema_pullback_BTCUSDT_5m__phase2e_focused_1h_semantic_primary_215_w2p1_r2p85_lb20_sym_1hatr_sl2p15_tp2p15_fee04,research/results/runs/2026-06-16T194255Z_ema_pullback_BTCUSDT_5m__phase2e_focused_1h_semantic_primary_215_w2p1_r2p85_lb20_sym_1hatr_sl2p15_tp2p15_fee04.json
phase2e_focused_1h_semantic_primary_215_w1p9_r2p85_lb20_sym_1hatr_sl2p15_tp2p15_fee04,1h 2.15 w1.9/r2.85/lb20,focused_1h,1h,2.15,1.9,2.85,0.95,20,127,2240.401687726612,1.185131786780362,55.90551181102362,-20.536546585902148,0.37376986557573705,88,123.13705055413887,1.0134444419894326,54.54545454545454,39,2117.2646371724736,1.719496592967428,58.97435897435898,0.7060521509779953,1.0134444419894326,True,False,False,1167.0377600802888,56,23,32,5,30.279822972263336,2026-06-16T193251Z_ema_pullback_BTCUSDT_5m__phase2e_focused_1h_semantic_primary_215_w1p9_r2p85_lb20_sym_1hatr_sl2p15_tp2p15_fee04,research/results/runs/2026-06-16T193251Z_ema_pullback_BTCUSDT_5m__phase2e_focused_1h_semantic_primary_215_w1p9_r2p85_lb20_sym_1hatr_sl2p15_tp2p15_fee04.json
phase2e_focused_1h_semantic_primary_215_w2p3_r2p85_lb20_sym_1hatr_sl2p15_tp2p15_fee04,1h 2.15 w2.3/r2.85/lb20,focused_1h,1h,2.15,2.3,2.85,0.55,20,127,2240.401687726612,1.185131786780362,55.90551181102362,-20.536546585902148,0.37376986557573705,88,123.13705055413887,1.0134444419894326,54.54545454545454,39,2117.2646371724736,1.719496592967428,58.97435897435898,0.7060521509779953,1.0134444419894326,True,False,False,1167.0377600802888,56,23,32,5,30.279822972263336,2026-06-16T195828Z_ema_pullback_BTCUSDT_5m__phase2e_focused_1h_semantic_primary_215_w2p3_r2p85_lb20_sym_1hatr_sl2p15_tp2p15_fee04,research/results/runs/2026-06-16T195828Z_ema_pullback_BTCUSDT_5m__phase2e_focused_1h_semantic_primary_215_w2p3_r2p85_lb20_sym_1hatr_sl2p15_tp2p15_fee04.json
phase2e_focused_1h_semantic_primary_215_w2_r2p85_lb20_sym_1hatr_sl2p15_tp2p15_fee04,1h 2.15 w2/r2.85/lb20,focused_1h,1h,2.15,2.0,2.85,0.85,20,127,2240.401687726612,1.185131786780362,55.90551181102362,-20.536546585902148,0.37376986557573705,88,123.13705055413887,1.0134444419894326,54.54545454545454,39,2117.2646371724736,1.719496592967428,58.97435897435898,0.7060521509779953,1.0134444419894326,True,False,False,1167.0377600802888,56,23,32,5,30.279822972263336,2026-06-16T193751Z_ema_pullback_BTCUSDT_5m__phase2e_focused_1h_semantic_primary_215_w2_r2p85_lb20_sym_1hatr_sl2p15_tp2p15_fee04,research/results/runs/2026-06-16T193751Z_ema_pullback_BTCUSDT_5m__phase2e_focused_1h_semantic_primary_215_w2_r2p85_lb20_sym_1hatr_sl2p15_tp2p15_fee04.json
phase2e_focused_1h_semantic_primary_215_w2p2_r2p85_lb20_sym_1hatr_sl2p15_tp2p15_fee04,1h 2.15 w2.2/r2.85/lb20,focused_1h,1h,2.15,2.2,2.85,0.65,20,127,2240.401687726612,1.185131786780362,55.90551181102362,-20.536546585902148,0.37376986557573705,88,123.13705055413887,1.0134444419894326,54.54545454545454,39,2117.2646371724736,1.719496592967428,58.97435897435898,0.7060521509779953,1.0134444419894326,True,False,False,1167.0377600802888,56,23,32,5,30.279822972263336,2026-06-16T194800Z_ema_pullback_BTCUSDT_5m__phase2e_focused_1h_semantic_primary_215_w2p2_r2p85_lb20_sym_1hatr_sl2p15_tp2p15_fee04,research/results/runs/2026-06-16T194800Z_ema_pullback_BTCUSDT_5m__phase2e_focused_1h_semantic_primary_215_w2p2_r2p85_lb20_sym_1hatr_sl2p15_tp2p15_fee04.json
phase2e_focused_1h_semantic_primary_215_w2p25_r2p85_lb20_sym_1hatr_sl2p15_tp2p15_fee04,1h 2.15 w2.25/r2.85/lb20,focused_1h,1h,2.15,2.25,2.85,0.6,20,127,2240.401687726612,1.185131786780362,55.90551181102362,-20.536546585902148,0.37376986557573705,88,123.13705055413887,1.0134444419894326,54.54545454545454,39,2117.2646371724736,1.719496592967428,58.97435897435898,0.7060521509779953,1.0134444419894326,True,False,False,1167.0377600802888,56,23,32,5,30.279822972263336,2026-06-16T195307Z_ema_pullback_BTCUSDT_5m__phase2e_focused_1h_semantic_primary_215_w2p25_r2p85_lb20_sym_1hatr_sl2p15_tp2p15_fee04,research/results/runs/2026-06-16T195307Z_ema_pullback_BTCUSDT_5m__phase2e_focused_1h_semantic_primary_215_w2p25_r2p85_lb20_sym_1hatr_sl2p15_tp2p15_fee04.json
phase2e_focused_1h_semantic_primary_215_w2_r2p85_lb35_sym_1hatr_sl2p15_tp2p15_fee04,1h 2.15 w2/r2.85/lb35,focused_1h,1h,2.15,2.0,2.85,0.85,35,141,2116.649139133721,1.1522674369690473,56.02836879432624,-21.64222185125684,0.3436972669305864,94,-441.8989707660947,0.9559401088745583,53.191489361702125,47,2558.5481098998152,1.660891511554182,61.702127659574465,0.7049514026796238,0.9559401088745583,False,False,False,1307.0318656356103,62,25,36,6,0.0,2026-06-16T193826Z_ema_pullback_BTCUSDT_5m__phase2e_focused_1h_semantic_primary_215_w2_r2p85_lb35_sym_1hatr_sl2p15_tp2p15_fee04,research/results/runs/2026-06-16T193826Z_ema_pullback_BTCUSDT_5m__phase2e_focused_1h_semantic_primary_215_w2_r2p85_lb35_sym_1hatr_sl2p15_tp2p15_fee04.json
phase2e_focused_1h_semantic_primary_215_w2p1_r2p85_lb35_sym_1hatr_sl2p15_tp2p15_fee04,1h 2.15 w2.1/r2.85/lb35,focused_1h,1h,2.15,2.1,2.85,0.75,35,141,2116.649139133721,1.1522674369690473,56.02836879432624,-21.64222185125684,0.3436972669305864,94,-441.8989707660947,0.9559401088745583,53.191489361702125,47,2558.5481098998152,1.660891511554182,61.702127659574465,0.7049514026796238,0.9559401088745583,False,False,False,1307.0318656356103,62,25,36,6,0.0,2026-06-16T194330Z_ema_pullback_BTCUSDT_5m__phase2e_focused_1h_semantic_primary_215_w2p1_r2p85_lb35_sym_1hatr_sl2p15_tp2p15_fee04,research/results/runs/2026-06-16T194330Z_ema_pullback_BTCUSDT_5m__phase2e_focused_1h_semantic_primary_215_w2p1_r2p85_lb35_sym_1hatr_sl2p15_tp2p15_fee04.json
phase2e_focused_1h_semantic_primary_215_w1p9_r2p85_lb35_sym_1hatr_sl2p15_tp2p15_fee04,1h 2.15 w1.9/r2.85/lb35,focused_1h,1h,2.15,1.9,2.85,0.95,35,141,2116.649139133721,1.1522674369690473,56.02836879432624,-21.64222185125684,0.3436972669305864,94,-441.8989707660947,0.9559401088745583,53.191489361702125,47,2558.5481098998152,1.660891511554182,61.702127659574465,0.7049514026796238,0.9559401088745583,False,False,False,1307.0318656356103,62,25,36,6,0.0,2026-06-16T193324Z_ema_pullback_BTCUSDT_5m__phase2e_focused_1h_semantic_primary_215_w1p9_r2p85_lb35_sym_1hatr_sl2p15_tp2p15_fee04,research/results/runs/2026-06-16T193324Z_ema_pullback_BTCUSDT_5m__phase2e_focused_1h_semantic_primary_215_w1p9_r2p85_lb35_sym_1hatr_sl2p15_tp2p15_fee04.json
phase2e_focused_1h_semantic_upper_235_w2p1_r2p65_lb35_sym_1hatr_sl2p35_tp2p35_fee04,1h 2.35 w2.1/r2.65/lb35,focused_1h,1h,2.35,2.1,2.65,0.55,35,193,2034.4463004303707,1.0883077652012205,56.994818652849744,-28.082750559891657,0.28447267848914914,128,1606.7838967234925,1.1135713688232074,57.03125,65,427.66240370687814,1.0481041361812904,56.92307692307692,0.065467232641917,1.0481041361812904,True,False,False,1840.4769332386936,83,31,59,8,43.637933938964196,2026-06-16T201241Z_ema_pullback_BTCUSDT_5m__phase2e_focused_1h_semantic_upper_235_w2p1_r2p65_lb35_sym_1hatr_sl2p35_tp2p35_fee04,research/results/runs/2026-06-16T201241Z_ema_pullback_BTCUSDT_5m__phase2e_focused_1h_semantic_upper_235_w2p1_r2p65_lb35_sym_1hatr_sl2p35_tp2p35_fee04.json
phase2e_focused_1h_semantic_upper_235_w1p9_r2p65_lb35_sym_1hatr_sl2p35_tp2p35_fee04,1h 2.35 w1.9/r2.65/lb35,focused_1h,1h,2.35,1.9,2.65,0.75,35,193,2034.4463004303707,1.0883077652012205,56.994818652849744,-28.082750559891657,0.28447267848914914,128,1606.7838967234925,1.1135713688232074,57.03125,65,427.66240370687814,1.0481041361812904,56.92307692307692,0.065467232641917,1.0481041361812904,True,False,False,1840.4769332386936,83,31,59,8,43.637933938964196,2026-06-16T200049Z_ema_pullback_BTCUSDT_5m__phase2e_focused_1h_semantic_upper_235_w1p9_r2p65_lb35_sym_1hatr_sl2p35_tp2p35_fee04,research/results/runs/2026-06-16T200049Z_ema_pullback_BTCUSDT_5m__phase2e_focused_1h_semantic_upper_235_w1p9_r2p65_lb35_sym_1hatr_sl2p35_tp2p35_fee04.json
phase2e_focused_1h_semantic_upper_235_w2_r2p65_lb35_sym_1hatr_sl2p35_tp2p35_fee04,1h 2.35 w2/r2.65/lb35,focused_1h,1h,2.35,2.0,2.65,0.65,35,193,2034.4463004303707,1.0883077652012205,56.994818652849744,-28.082750559891657,0.28447267848914914,128,1606.7838967234925,1.1135713688232074,57.03125,65,427.66240370687814,1.0481041361812904,56.92307692307692,0.065467232641917,1.0481041361812904,True,False,False,1840.4769332386936,83,31,59,8,43.637933938964196,2026-06-16T200559Z_ema_pullback_BTCUSDT_5m__phase2e_focused_1h_semantic_upper_235_w2_r2p65_lb35_sym_1hatr_sl2p35_tp2p35_fee04,research/results/runs/2026-06-16T200559Z_ema_pullback_BTCUSDT_5m__phase2e_focused_1h_semantic_upper_235_w2_r2p65_lb35_sym_1hatr_sl2p35_tp2p35_fee04.json
phase2e_focused_1h_semantic_primary_215_w2p3_r2p65_lb50_sym_1hatr_sl2p15_tp2p15_fee04,1h 2.15 w2.3/r2.65/lb50,focused_1h,1h,2.15,2.3,2.65,0.35,50,189,1785.4639217535862,1.087015200020097,56.08465608465608,-24.647597120063892,0.2734231984092327,126,910.7989442974582,1.0685905490402388,56.34920634920635,63,874.6649774561281,1.120806626838663,55.55555555555556,0.05221607779842419,1.0685905490402388,True,False,False,1847.2795583951133,83,37,45,7,45.86700026273671,2026-06-16T195612Z_ema_pullback_BTCUSDT_5m__phase2e_focused_1h_semantic_primary_215_w2p3_r2p65_lb50_sym_1hatr_sl2p15_tp2p15_fee04,research/results/runs/2026-06-16T195612Z_ema_pullback_BTCUSDT_5m__phase2e_focused_1h_semantic_primary_215_w2p3_r2p65_lb50_sym_1hatr_sl2p15_tp2p15_fee04.json
phase2e_focused_1h_semantic_upper_235_w2_r2p65_lb50_sym_1hatr_sl2p35_tp2p35_fee04,1h 2.35 w2/r2.65/lb50,focused_1h,1h,2.35,2.0,2.65,0.65,50,207,1608.2096430184424,1.062268562111988,56.038647342995176,-30.443424181424362,0.23748540582380048,136,483.5421426581559,1.0297256958226433,55.14705882352941,71,1124.6675003602866,1.1176407640292396,57.74647887323944,0.08791506820659634,1.0297256958226433,True,False,False,2000.3568500492338,91,34,65,8,35.48181833215451,2026-06-16T200635Z_ema_pullback_BTCUSDT_5m__phase2e_focused_1h_semantic_upper_235_w2_r2p65_lb50_sym_1hatr_sl2p35_tp2p35_fee04,research/results/runs/2026-06-16T200635Z_ema_pullback_BTCUSDT_5m__phase2e_focused_1h_semantic_upper_235_w2_r2p65_lb50_sym_1hatr_sl2p35_tp2p35_fee04.json
phase2e_focused_1h_semantic_primary_215_w2p3_r2p65_lb35_sym_1hatr_sl2p15_tp2p15_fee04,1h 2.15 w2.3/r2.65/lb35,focused_1h,1h,2.15,2.3,2.65,0.35,35,184,1399.4638889318203,1.0727880263168978,55.97826086956522,-26.944692054562125,0.23319027867887468,124,989.6855091596226,1.078865617650579,56.451612903225815,60,409.7783797721977,1.0613665185101782,55.00000000000001,0.01749909914040093,1.0613665185101782,True,False,False,1723.520027829566,81,36,44,7,45.248623630059804,2026-06-16T195536Z_ema_pullback_BTCUSDT_5m__phase2e_focused_1h_semantic_primary_215_w2p3_r2p65_lb35_sym_1hatr_sl2p15_tp2p15_fee04,research/results/runs/2026-06-16T195536Z_ema_pullback_BTCUSDT_5m__phase2e_focused_1h_semantic_primary_215_w2p3_r2p65_lb35_sym_1hatr_sl2p15_tp2p15_fee04.json
phase2e_focused_1h_semantic_primary_215_w2p25_r2p65_lb50_sym_1hatr_sl2p15_tp2p15_fee04,1h 2.15 w2.25/r2.65/lb50,focused_1h,1h,2.15,2.25,2.65,0.4,50,192,1356.6320075451117,1.0637183305842348,56.25,-28.338036982520865,0.2228526702204946,126,841.1244613205495,1.0639506626387023,56.34920634920635,66,515.5075462245621,1.06334285048568,56.060606060606055,0.0006078121530224134,1.06334285048568,True,False,False,1850.6074063768149,84,37,46,7,47.28806091802034,2026-06-16T195051Z_ema_pullback_BTCUSDT_5m__phase2e_focused_1h_semantic_primary_215_w2p25_r2p65_lb50_sym_1hatr_sl2p15_tp2p15_fee04,research/results/runs/2026-06-16T195051Z_ema_pullback_BTCUSDT_5m__phase2e_focused_1h_semantic_primary_215_w2p25_r2p65_lb50_sym_1hatr_sl2p15_tp2p15_fee04.json
phase2e_focused_1h_semantic_primary_215_w2p2_r2p65_lb50_sym_1hatr_sl2p15_tp2p15_fee04,1h 2.15 w2.2/r2.65/lb50,focused_1h,1h,2.15,2.2,2.65,0.45,50,194,899.836787132898,1.0415175381946022,55.670103092783506,-31.220479785104494,0.17215917581898244,127,640.8273851630471,1.0481064724381735,55.90551181102362,67,259.00940196985096,1.031009313573109,55.223880597014926,0.017097158865064355,1.031009313573109,True,False,False,1860.6196185931321,86,38,46,7,39.87809337893695,2026-06-16T194545Z_ema_pullback_BTCUSDT_5m__phase2e_focused_1h_semantic_primary_215_w2p2_r2p65_lb50_sym_1hatr_sl2p15_tp2p15_fee04,research/results/runs/2026-06-16T194545Z_ema_pullback_BTCUSDT_5m__phase2e_focused_1h_semantic_primary_215_w2p2_r2p65_lb50_sym_1hatr_sl2p15_tp2p15_fee04.json
phase2e_focused_1h_semantic_primary_215_w2p25_r2p65_lb35_sym_1hatr_sl2p15_tp2p15_fee04,1h 2.15 w2.25/r2.65/lb35,focused_1h,1h,2.15,2.25,2.65,0.4,35,186,841.1666835542402,1.0422207134102757,55.91397849462365,-30.522629987550374,0.16644213898859828,124,946.5859201449539,1.076283163962512,56.451612903225815,62,-105.41923659071361,0.9859707317059312,54.83870967741935,0.0903124322565807,0.9859707317059312,False,False,False,1717.8867267599942,82,36,45,7,0.0,2026-06-16T195014Z_ema_pullback_BTCUSDT_5m__phase2e_focused_1h_semantic_primary_215_w2p25_r2p65_lb35_sym_1hatr_sl2p15_tp2p15_fee04,research/results/runs/2026-06-16T195014Z_ema_pullback_BTCUSDT_5m__phase2e_focused_1h_semantic_primary_215_w2p25_r2p65_lb35_sym_1hatr_sl2p15_tp2p15_fee04.json
phase2e_focused_1h_semantic_primary_215_w1p9_r2p65_lb50_sym_1hatr_sl2p15_tp2p15_fee04,1h 2.15 w1.9/r2.65/lb50,focused_1h,1h,2.15,1.9,2.65,0.75,50,210,836.1386905031108,1.033900170858877,54.761904761904766,-35.192215547084025,0.16325018514272896,136,-891.1931511946111,0.9432456388635977,52.94117647058824,74,1727.3318416977218,1.1927374749127682,58.108108108108105,0.24949183604917047,0.9432456388635977,False,False,False,2050.097542355107,95,40,53,7,0.0,2026-06-16T193037Z_ema_pullback_BTCUSDT_5m__phase2e_focused_1h_semantic_primary_215_w1p9_r2p65_lb50_sym_1hatr_sl2p15_tp2p15_fee04,research/results/runs/2026-06-16T193037Z_ema_pullback_BTCUSDT_5m__phase2e_focused_1h_semantic_primary_215_w1p9_r2p65_lb50_sym_1hatr_sl2p15_tp2p15_fee04.json
phase2e_focused_1h_semantic_primary_215_w2p2_r2p65_lb35_sym_1hatr_sl2p15_tp2p15_fee04,1h 2.15 w2.2/r2.65/lb35,focused_1h,1h,2.15,2.2,2.65,0.45,35,187,656.1641375875962,1.0326847391372107,55.61497326203209,-31.70824872348108,0.1447741971838486,125,757.0964519476809,1.0601853100266587,56.00000000000001,62,-100.93231436008472,0.9865354068561291,54.83870967741935,0.07364990317052966,0.9865354068561291,False,False,False,1722.5303089435117,83,36,45,7,0.0,2026-06-16T194510Z_ema_pullback_BTCUSDT_5m__phase2e_focused_1h_semantic_primary_215_w2p2_r2p65_lb35_sym_1hatr_sl2p15_tp2p15_fee04,research/results/runs/2026-06-16T194510Z_ema_pullback_BTCUSDT_5m__phase2e_focused_1h_semantic_primary_215_w2p2_r2p65_lb35_sym_1hatr_sl2p15_tp2p15_fee04.json
phase2e_focused_1h_semantic_primary_215_w2p1_r2p65_lb50_sym_1hatr_sl2p15_tp2p15_fee04,1h 2.15 w2.1/r2.65/lb50,focused_1h,1h,2.15,2.1,2.65,0.55,50,206,642.3033892643845,1.0274253408078766,54.85436893203883,-33.275405281543726,0.1425470462563405,134,-188.82000030420335,0.987174613915483,53.73134328358209,72,831.1233895685879,1.095556623406068,56.94444444444444,0.10838200949058507,0.987174613915483,False,False,False,1959.9719646794154,93,39,51,7,0.0,2026-06-16T194043Z_ema_pullback_BTCUSDT_5m__phase2e_focused_1h_semantic_primary_215_w2p1_r2p65_lb50_sym_1hatr_sl2p15_tp2p15_fee04,research/results/runs/2026-06-16T194043Z_ema_pullback_BTCUSDT_5m__phase2e_focused_1h_semantic_primary_215_w2p1_r2p65_lb50_sym_1hatr_sl2p15_tp2p15_fee04.json
phase2e_focused_1h_semantic_primary_215_w2_r2p65_lb35_sym_1hatr_sl2p15_tp2p15_fee04,1h 2.15 w2/r2.65/lb35,focused_1h,1h,2.15,2.0,2.65,0.65,35,194,445.3598631587187,1.0212088412887266,55.154639175257735,-32.6822288019171,0.11983724661943862,128,257.3649862667038,1.0196175328385413,54.6875,66,187.99487689201493,1.0238582709557678,56.060606060606055,0.004240738117226472,1.0196175328385413,True,False,False,1774.6075160589087,87,36,48,7,35.79810344716097,2026-06-16T193503Z_ema_pullback_BTCUSDT_5m__phase2e_focused_1h_semantic_primary_215_w2_r2p65_lb35_sym_1hatr_sl2p15_tp2p15_fee04,research/results/runs/2026-06-16T193503Z_ema_pullback_BTCUSDT_5m__phase2e_focused_1h_semantic_primary_215_w2_r2p65_lb35_sym_1hatr_sl2p15_tp2p15_fee04.json
phase2e_focused_1h_semantic_primary_215_w2p1_r2p65_lb35_sym_1hatr_sl2p15_tp2p15_fee04,1h 2.15 w2.1/r2.65/lb35,focused_1h,1h,2.15,2.1,2.65,0.55,35,194,445.3598631587187,1.0212088412887266,55.154639175257735,-32.6822288019171,0.11983724661943862,128,257.3649862667038,1.0196175328385413,54.6875,66,187.99487689201493,1.0238582709557678,56.060606060606055,0.004240738117226472,1.0196175328385413,True,False,False,1774.6075160589087,87,36,48,7,35.79810344716097,2026-06-16T194009Z_ema_pullback_BTCUSDT_5m__phase2e_focused_1h_semantic_primary_215_w2p1_r2p65_lb35_sym_1hatr_sl2p15_tp2p15_fee04,research/results/runs/2026-06-16T194009Z_ema_pullback_BTCUSDT_5m__phase2e_focused_1h_semantic_primary_215_w2p1_r2p65_lb35_sym_1hatr_sl2p15_tp2p15_fee04.json
phase2e_focused_1h_semantic_primary_215_w1p9_r2p65_lb35_sym_1hatr_sl2p15_tp2p15_fee04,1h 2.15 w1.9/r2.65/lb35,focused_1h,1h,2.15,1.9,2.65,0.75,35,194,445.3598631587187,1.0212088412887266,55.154639175257735,-32.6822288019171,0.11983724661943862,128,257.3649862667038,1.0196175328385413,54.6875,66,187.99487689201493,1.0238582709557678,56.060606060606055,0.004240738117226472,1.0196175328385413,True,False,False,1774.6075160589087,87,36,48,7,35.79810344716097,2026-06-16T193002Z_ema_pullback_BTCUSDT_5m__phase2e_focused_1h_semantic_primary_215_w1p9_r2p65_lb35_sym_1hatr_sl2p15_tp2p15_fee04,research/results/runs/2026-06-16T193002Z_ema_pullback_BTCUSDT_5m__phase2e_focused_1h_semantic_primary_215_w1p9_r2p65_lb35_sym_1hatr_sl2p15_tp2p15_fee04.json
phase2e_focused_1h_semantic_primary_215_w2_r2p65_lb50_sym_1hatr_sl2p15_tp2p15_fee04,1h 2.15 w2/r2.65/lb50,focused_1h,1h,2.15,2.0,2.65,0.65,50,208,99.993864835659,1.0042762066701867,54.32692307692307,-35.192215547084636,0.08122314446285597,136,-732.5700647959268,0.9510485512658357,52.94117647058824,72,832.5639296315858,1.0988964782537425,56.94444444444444,0.14784792698790683,0.9510485512658357,False,False,False,1923.3830919486807,95,40,51,7,0.0,2026-06-16T193537Z_ema_pullback_BTCUSDT_5m__phase2e_focused_1h_semantic_primary_215_w2_r2p65_lb50_sym_1hatr_sl2p15_tp2p15_fee04,research/results/runs/2026-06-16T193537Z_ema_pullback_BTCUSDT_5m__phase2e_focused_1h_semantic_primary_215_w2_r2p65_lb50_sym_1hatr_sl2p15_tp2p15_fee04.json
