rail,current_width,recent_width,width_lookback,candidates,mean_pf,median_pf,max_pf,mean_pnl,median_pnl,max_pnl,mean_wr_pct,median_wr_pct,mean_trades,median_trades,pf_ge_1_18,both_sides_pf_gt_1,accepted,strict_symmetric,mean_gap,mean_dd_pct
2.15,1.9,2.65,20,1,1.1311081603042428,1.1311081603042428,1.1311081603042428,2336.913607273451,2336.913607273451,2336.913607273451,57.22543352601156,57.22543352601156,173.0,173.0,0,1,0,0,0.025937297623065847,-26.48101364322394
2.15,1.9,2.65,35,1,1.0212088412887266,1.0212088412887266,1.0212088412887266,445.3598631587187,445.3598631587187,445.3598631587187,55.154639175257735,55.154639175257735,194.0,194.0,0,1,0,0,0.004240738117226472,-32.6822288019171
2.15,1.9,2.65,50,1,1.033900170858877,1.033900170858877,1.033900170858877,836.1386905031108,836.1386905031108,836.1386905031108,54.761904761904766,54.761904761904766,210.0,210.0,0,0,0,0,0.24949183604917047,-35.192215547084025
2.15,1.9,2.75,20,1,1.3821196973641816,1.3821196973641816,1.3821196973641816,5452.498858633169,5452.498858633169,5452.498858633169,59.333333333333336,59.333333333333336,150.0,150.0,1,1,0,0,0.6401440340466296,-17.10562261441565
2.15,1.9,2.75,35,1,1.2216747020442422,1.2216747020442422,1.2216747020442422,3852.5471365156627,3852.5471365156627,3852.5471365156627,57.48502994011976,57.48502994011976,167.0,167.0,1,1,1,1,0.14402736654122172,-17.730989797441055
2.15,1.9,2.75,50,1,1.1167189403324218,1.1167189403324218,1.1167189403324218,2338.9337771119926,2338.9337771119926,2338.9337771119926,55.61797752808989,55.61797752808989,178.0,178.0,0,1,0,0,0.18699944939635005,-24.267585820530122
2.15,1.9,2.85,20,1,1.185131786780362,1.185131786780362,1.185131786780362,2240.401687726612,2240.401687726612,2240.401687726612,55.90551181102362,55.90551181102362,127.0,127.0,1,1,0,0,0.7060521509779953,-20.536546585902148
2.15,1.9,2.85,35,1,1.1522674369690473,1.1522674369690473,1.1522674369690473,2116.649139133721,2116.649139133721,2116.649139133721,56.02836879432624,56.02836879432624,141.0,141.0,0,0,0,0,0.7049514026796238,-21.64222185125684
2.15,1.9,2.85,50,1,1.190765764126313,1.190765764126313,1.190765764126313,2848.201352535739,2848.201352535739,2848.201352535739,56.666666666666664,56.666666666666664,150.0,150.0,1,1,0,0,0.4251261405530995,-18.907787239209327
2.15,2.0,2.65,20,1,1.1311081603042428,1.1311081603042428,1.1311081603042428,2336.913607273451,2336.913607273451,2336.913607273451,57.22543352601156,57.22543352601156,173.0,173.0,0,1,0,0,0.025937297623065847,-26.48101364322394
2.15,2.0,2.65,35,1,1.0212088412887266,1.0212088412887266,1.0212088412887266,445.3598631587187,445.3598631587187,445.3598631587187,55.154639175257735,55.154639175257735,194.0,194.0,0,1,0,0,0.004240738117226472,-32.6822288019171
2.15,2.0,2.65,50,1,1.0042762066701867,1.0042762066701867,1.0042762066701867,99.993864835659,99.993864835659,99.993864835659,54.32692307692307,54.32692307692307,208.0,208.0,0,0,0,0,0.14784792698790683,-35.192215547084636
2.15,2.0,2.75,20,1,1.3821196973641816,1.3821196973641816,1.3821196973641816,5452.498858633169,5452.498858633169,5452.498858633169,59.333333333333336,59.333333333333336,150.0,150.0,1,1,0,0,0.6401440340466296,-17.10562261441565
2.15,2.0,2.75,35,1,1.2216747020442422,1.2216747020442422,1.2216747020442422,3852.5471365156627,3852.5471365156627,3852.5471365156627,57.48502994011976,57.48502994011976,167.0,167.0,1,1,1,1,0.14402736654122172,-17.730989797441055
2.15,2.0,2.75,50,1,1.1167189403324218,1.1167189403324218,1.1167189403324218,2338.9337771119926,2338.9337771119926,2338.9337771119926,55.61797752808989,55.61797752808989,178.0,178.0,0,1,0,0,0.18699944939635005,-24.267585820530122
2.15,2.0,2.85,20,1,1.185131786780362,1.185131786780362,1.185131786780362,2240.401687726612,2240.401687726612,2240.401687726612,55.90551181102362,55.90551181102362,127.0,127.0,1,1,0,0,0.7060521509779953,-20.536546585902148
2.15,2.0,2.85,35,1,1.1522674369690473,1.1522674369690473,1.1522674369690473,2116.649139133721,2116.649139133721,2116.649139133721,56.02836879432624,56.02836879432624,141.0,141.0,0,0,0,0,0.7049514026796238,-21.64222185125684
2.15,2.0,2.85,50,1,1.190765764126313,1.190765764126313,1.190765764126313,2848.201352535739,2848.201352535739,2848.201352535739,56.666666666666664,56.666666666666664,150.0,150.0,1,1,0,0,0.4251261405530995,-18.907787239209327
2.15,2.1,2.65,20,1,1.1311081603042428,1.1311081603042428,1.1311081603042428,2336.913607273451,2336.913607273451,2336.913607273451,57.22543352601156,57.22543352601156,173.0,173.0,0,1,0,0,0.025937297623065847,-26.48101364322394
2.15,2.1,2.65,35,1,1.0212088412887266,1.0212088412887266,1.0212088412887266,445.3598631587187,445.3598631587187,445.3598631587187,55.154639175257735,55.154639175257735,194.0,194.0,0,1,0,0,0.004240738117226472,-32.6822288019171
2.15,2.1,2.65,50,1,1.0274253408078766,1.0274253408078766,1.0274253408078766,642.3033892643845,642.3033892643845,642.3033892643845,54.85436893203883,54.85436893203883,206.0,206.0,0,0,0,0,0.10838200949058507,-33.275405281543726
2.15,2.1,2.75,20,1,1.3821196973641816,1.3821196973641816,1.3821196973641816,5452.498858633169,5452.498858633169,5452.498858633169,59.333333333333336,59.333333333333336,150.0,150.0,1,1,0,0,0.6401440340466296,-17.10562261441565
2.15,2.1,2.75,35,1,1.2216747020442422,1.2216747020442422,1.2216747020442422,3852.5471365156627,3852.5471365156627,3852.5471365156627,57.48502994011976,57.48502994011976,167.0,167.0,1,1,1,1,0.14402736654122172,-17.730989797441055
2.15,2.1,2.75,50,1,1.1505136864529806,1.1505136864529806,1.1505136864529806,3001.461041798771,3001.461041798771,3001.461041798771,56.25,56.25,176.0,176.0,0,1,0,0,0.13529155762903589,-22.027659395660727
2.15,2.1,2.85,20,1,1.185131786780362,1.185131786780362,1.185131786780362,2240.401687726612,2240.401687726612,2240.401687726612,55.90551181102362,55.90551181102362,127.0,127.0,1,1,0,0,0.7060521509779953,-20.536546585902148
2.15,2.1,2.85,35,1,1.1522674369690473,1.1522674369690473,1.1522674369690473,2116.649139133721,2116.649139133721,2116.649139133721,56.02836879432624,56.02836879432624,141.0,141.0,0,0,0,0,0.7049514026796238,-21.64222185125684
2.15,2.1,2.85,50,1,1.190765764126313,1.190765764126313,1.190765764126313,2848.201352535739,2848.201352535739,2848.201352535739,56.666666666666664,56.666666666666664,150.0,150.0,1,1,0,0,0.4251261405530995,-18.907787239209327
2.15,2.2,2.65,20,1,1.162918481942664,1.162918481942664,1.162918481942664,2848.4226040558383,2848.4226040558383,2848.4226040558383,57.55813953488372,57.55813953488372,172.0,172.0,0,1,0,0,0.05796463607488511,-23.4327939544967
2.15,2.2,2.65,35,1,1.0326847391372107,1.0326847391372107,1.0326847391372107,656.1641375875962,656.1641375875962,656.1641375875962,55.61497326203209,55.61497326203209,187.0,187.0,0,0,0,0,0.07364990317052966,-31.70824872348108
2.15,2.2,2.65,50,1,1.0415175381946022,1.0415175381946022,1.0415175381946022,899.836787132898,899.836787132898,899.836787132898,55.670103092783506,55.670103092783506,194.0,194.0,0,1,0,0,0.017097158865064355,-31.220479785104494
2.15,2.2,2.75,20,1,1.3821196973641816,1.3821196973641816,1.3821196973641816,5452.498858633169,5452.498858633169,5452.498858633169,59.333333333333336,59.333333333333336,150.0,150.0,1,1,0,0,0.6401440340466296,-17.10562261441565
2.15,2.2,2.75,35,1,1.2792601104811878,1.2792601104811878,1.2792601104811878,4678.8424455511395,4678.8424455511395,4678.8424455511395,58.282208588957054,58.282208588957054,163.0,163.0,1,1,1,1,0.18019359324319284,-15.794800100214879
2.15,2.2,2.75,50,1,1.185389535449415,1.185389535449415,1.185389535449415,3444.4520266287627,3444.4520266287627,3444.4520266287627,57.05882352941176,57.05882352941176,170.0,170.0,1,1,1,1,0.1602161235417816,-18.79479621861735
2.15,2.2,2.85,20,1,1.185131786780362,1.185131786780362,1.185131786780362,2240.401687726612,2240.401687726612,2240.401687726612,55.90551181102362,55.90551181102362,127.0,127.0,1,1,0,0,0.7060521509779953,-20.536546585902148
2.15,2.2,2.85,35,1,1.1929797197341392,1.1929797197341392,1.1929797197341392,2604.481481530349,2604.481481530349,2604.481481530349,56.52173913043478,56.52173913043478,138.0,138.0,1,0,0,0,0.8463419560033972,-18.39337779131934
2.15,2.2,2.85,50,1,1.2499677042324167,1.2499677042324167,1.2499677042324167,3610.999645927007,3610.999645927007,3610.999645927007,57.534246575342465,57.534246575342465,146.0,146.0,1,1,0,0,0.490781490835847,-16.81817535347163
2.15,2.25,2.65,20,1,1.162918481942664,1.162918481942664,1.162918481942664,2848.4226040558383,2848.4226040558383,2848.4226040558383,57.55813953488372,57.55813953488372,172.0,172.0,0,1,0,0,0.05796463607488511,-23.4327939544967
2.15,2.25,2.65,35,1,1.0422207134102757,1.0422207134102757,1.0422207134102757,841.1666835542402,841.1666835542402,841.1666835542402,55.91397849462365,55.91397849462365,186.0,186.0,0,0,0,0,0.0903124322565807,-30.522629987550374
2.15,2.25,2.65,50,1,1.0637183305842348,1.0637183305842348,1.0637183305842348,1356.6320075451117,1356.6320075451117,1356.6320075451117,56.25,56.25,192.0,192.0,0,1,0,0,0.0006078121530224134,-28.338036982520865
2.15,2.25,2.75,20,1,1.3821196973641816,1.3821196973641816,1.3821196973641816,5452.498858633169,5452.498858633169,5452.498858633169,59.333333333333336,59.333333333333336,150.0,150.0,1,1,0,0,0.6401440340466296,-17.10562261441565
2.15,2.25,2.75,35,1,1.2792601104811878,1.2792601104811878,1.2792601104811878,4678.8424455511395,4678.8424455511395,4678.8424455511395,58.282208588957054,58.282208588957054,163.0,163.0,1,1,1,1,0.18019359324319284,-15.794800100214879
2.15,2.25,2.75,50,1,1.2060494413166383,1.2060494413166383,1.2060494413166383,3768.846043471739,3768.846043471739,3768.846043471739,57.396449704142015,57.396449704142015,169.0,169.0,1,1,1,0,0.2270076221913795,-18.79479621861735
2.15,2.25,2.85,20,1,1.185131786780362,1.185131786780362,1.185131786780362,2240.401687726612,2240.401687726612,2240.401687726612,55.90551181102362,55.90551181102362,127.0,127.0,1,1,0,0,0.7060521509779953,-20.536546585902148
2.15,2.25,2.85,35,1,1.1929797197341392,1.1929797197341392,1.1929797197341392,2604.481481530349,2604.481481530349,2604.481481530349,56.52173913043478,56.52173913043478,138.0,138.0,1,0,0,0,0.8463419560033972,-18.39337779131934
2.15,2.25,2.85,50,1,1.2499677042324167,1.2499677042324167,1.2499677042324167,3610.999645927007,3610.999645927007,3610.999645927007,57.534246575342465,57.534246575342465,146.0,146.0,1,1,0,0,0.490781490835847,-16.81817535347163
2.15,2.3,2.65,20,1,1.2388220688304687,1.2388220688304687,1.2388220688304687,3989.5764521657325,3989.5764521657325,3989.5764521657325,57.89473684210527,57.89473684210527,171.0,171.0,1,1,1,0,0.2976022548191559,-17.888581395087577
2.15,2.3,2.65,35,1,1.0727880263168978,1.0727880263168978,1.0727880263168978,1399.4638889318203,1399.4638889318203,1399.4638889318203,55.97826086956522,55.97826086956522,184.0,184.0,0,1,0,0,0.01749909914040093,-26.944692054562125
2.15,2.3,2.65,50,1,1.087015200020097,1.087015200020097,1.087015200020097,1785.4639217535862,1785.4639217535862,1785.4639217535862,56.08465608465608,56.08465608465608,189.0,189.0,0,1,0,0,0.05221607779842419,-24.647597120063892
2.15,2.3,2.75,20,1,1.3821196973641816,1.3821196973641816,1.3821196973641816,5452.498858633169,5452.498858633169,5452.498858633169,59.333333333333336,59.333333333333336,150.0,150.0,1,1,0,0,0.6401440340466296,-17.10562261441565
2.15,2.3,2.75,35,1,1.2792601104811878,1.2792601104811878,1.2792601104811878,4678.8424455511395,4678.8424455511395,4678.8424455511395,58.282208588957054,58.282208588957054,163.0,163.0,1,1,1,1,0.18019359324319284,-15.794800100214879
2.15,2.3,2.75,50,1,1.1834748238765296,1.1834748238765296,1.1834748238765296,3332.2548735986484,3332.2548735986484,3332.2548735986484,57.14285714285714,57.14285714285714,168.0,168.0,1,1,1,1,0.14600338004727487,-18.79479621861735
2.15,2.3,2.85,20,1,1.185131786780362,1.185131786780362,1.185131786780362,2240.401687726612,2240.401687726612,2240.401687726612,55.90551181102362,55.90551181102362,127.0,127.0,1,1,0,0,0.7060521509779953,-20.536546585902148
2.15,2.3,2.85,35,1,1.1929797197341392,1.1929797197341392,1.1929797197341392,2604.481481530349,2604.481481530349,2604.481481530349,56.52173913043478,56.52173913043478,138.0,138.0,1,0,0,0,0.8463419560033972,-18.39337779131934
2.15,2.3,2.85,50,1,1.2499677042324167,1.2499677042324167,1.2499677042324167,3610.999645927007,3610.999645927007,3610.999645927007,57.534246575342465,57.534246575342465,146.0,146.0,1,1,0,0,0.490781490835847,-16.81817535347163
2.35,1.9,2.65,20,1,1.228556675265816,1.228556675265816,1.228556675265816,4421.265592096513,4421.265592096513,4421.265592096513,59.30232558139535,59.30232558139535,172.0,172.0,1,1,1,0,0.13121028958629366,-22.287138405523844
2.35,1.9,2.65,35,1,1.0883077652012205,1.0883077652012205,1.0883077652012205,2034.4463004303707,2034.4463004303707,2034.4463004303707,56.994818652849744,56.994818652849744,193.0,193.0,0,1,0,0,0.065467232641917,-28.082750559891657
2.35,1.9,2.65,50,1,1.0926835090585358,1.0926835090585358,1.0926835090585358,2536.263146936651,2536.263146936651,2536.263146936651,56.45933014354066,56.45933014354066,209.0,209.0,0,1,0,0,0.180751089554664,-30.44342418142535
2.35,1.9,2.75,20,1,1.4347975311390617,1.4347975311390617,1.4347975311390617,6816.125646186411,6816.125646186411,6816.125646186411,59.73154362416108,59.73154362416108,149.0,149.0,1,1,0,0,0.5792609916134348,-17.273447576927992
2.35,1.9,2.75,35,1,1.2794973496478854,1.2794973496478854,1.2794973496478854,5332.374205187354,5332.374205187354,5332.374205187354,58.43373493975904,58.43373493975904,166.0,166.0,1,1,1,0,0.14421026837500572,-17.27344757692826
2.35,1.9,2.75,50,1,1.1591235198724459,1.1591235198724459,1.1591235198724459,3513.5018275064654,3513.5018275064654,3513.5018275064654,56.49717514124294,56.49717514124294,177.0,177.0,0,1,0,0,0.18815762360486232,-22.918387684010423
2.35,1.9,2.85,20,1,1.201374058580385,1.201374058580385,1.201374058580385,2602.8193267820984,2602.8193267820984,2602.8193267820984,55.55555555555556,55.55555555555556,126.0,126.0,1,1,0,0,0.6638634390510596,-19.402030540531168
2.35,1.9,2.85,35,1,1.1656931365698182,1.1656931365698182,1.1656931365698182,2473.9778807706134,2473.9778807706134,2473.9778807706134,55.714285714285715,55.714285714285715,140.0,140.0,0,0,0,0,0.6606002692162086,-19.97496170409803
2.35,1.9,2.85,50,1,1.2056713401783266,1.2056713401783266,1.2056713401783266,3306.2793863544985,3306.2793863544985,3306.2793863544985,56.375838926174495,56.375838926174495,149.0,149.0,1,1,0,0,0.3851187952014259,-19.40203054053109
2.35,2.0,2.65,20,1,1.228556675265816,1.228556675265816,1.228556675265816,4421.265592096513,4421.265592096513,4421.265592096513,59.30232558139535,59.30232558139535,172.0,172.0,1,1,1,0,0.13121028958629366,-22.287138405523844
2.35,2.0,2.65,35,1,1.0883077652012205,1.0883077652012205,1.0883077652012205,2034.4463004303707,2034.4463004303707,2034.4463004303707,56.994818652849744,56.994818652849744,193.0,193.0,0,1,0,0,0.065467232641917,-28.082750559891657
2.35,2.0,2.65,50,1,1.062268562111988,1.062268562111988,1.062268562111988,1608.2096430184424,1608.2096430184424,1608.2096430184424,56.038647342995176,56.038647342995176,207.0,207.0,0,1,0,0,0.08791506820659634,-30.443424181424362
2.35,2.0,2.75,20,1,1.4347975311390617,1.4347975311390617,1.4347975311390617,6816.125646186411,6816.125646186411,6816.125646186411,59.73154362416108,59.73154362416108,149.0,149.0,1,1,0,0,0.5792609916134348,-17.273447576927992
2.35,2.0,2.75,35,1,1.2794973496478854,1.2794973496478854,1.2794973496478854,5332.374205187354,5332.374205187354,5332.374205187354,58.43373493975904,58.43373493975904,166.0,166.0,1,1,1,0,0.14421026837500572,-17.27344757692826
2.35,2.0,2.75,50,1,1.1591235198724459,1.1591235198724459,1.1591235198724459,3513.5018275064654,3513.5018275064654,3513.5018275064654,56.49717514124294,56.49717514124294,177.0,177.0,0,1,0,0,0.18815762360486232,-22.918387684010423
2.35,2.0,2.85,20,1,1.201374058580385,1.201374058580385,1.201374058580385,2602.8193267820984,2602.8193267820984,2602.8193267820984,55.55555555555556,55.55555555555556,126.0,126.0,1,1,0,0,0.6638634390510596,-19.402030540531168
2.35,2.0,2.85,35,1,1.1656931365698182,1.1656931365698182,1.1656931365698182,2473.9778807706134,2473.9778807706134,2473.9778807706134,55.714285714285715,55.714285714285715,140.0,140.0,0,0,0,0,0.6606002692162086,-19.97496170409803
2.35,2.0,2.85,50,1,1.2056713401783266,1.2056713401783266,1.2056713401783266,3306.2793863544985,3306.2793863544985,3306.2793863544985,56.375838926174495,56.375838926174495,149.0,149.0,1,1,0,0,0.3851187952014259,-19.40203054053109
2.35,2.1,2.65,20,1,1.228556675265816,1.228556675265816,1.228556675265816,4421.265592096513,4421.265592096513,4421.265592096513,59.30232558139535,59.30232558139535,172.0,172.0,1,1,1,0,0.13121028958629366,-22.287138405523844
2.35,2.1,2.65,35,1,1.0883077652012205,1.0883077652012205,1.0883077652012205,2034.4463004303707,2034.4463004303707,2034.4463004303707,56.994818652849744,56.994818652849744,193.0,193.0,0,1,0,0,0.065467232641917,-28.082750559891657
2.35,2.1,2.65,50,1,1.0882989199364552,1.0882989199364552,1.0882989199364552,2289.914926841187,2289.914926841187,2289.914926841187,56.58536585365853,56.58536585365853,205.0,205.0,0,1,0,0,0.04180544020901977,-28.19478599516093
2.35,2.1,2.75,20,1,1.4347975311390617,1.4347975311390617,1.4347975311390617,6816.125646186411,6816.125646186411,6816.125646186411,59.73154362416108,59.73154362416108,149.0,149.0,1,1,0,0,0.5792609916134348,-17.273447576927992
2.35,2.1,2.75,35,1,1.2794973496478854,1.2794973496478854,1.2794973496478854,5332.374205187354,5332.374205187354,5332.374205187354,58.43373493975904,58.43373493975904,166.0,166.0,1,1,1,0,0.14421026837500572,-17.27344757692826
2.35,2.1,2.75,50,1,1.1955877302625562,1.1955877302625562,1.1955877302625562,4307.0975569133425,4307.0975569133425,4307.0975569133425,57.14285714285714,57.14285714285714,175.0,175.0,1,1,1,0,0.13276698999024417,-20.42647868946036
2.35,2.1,2.85,20,1,1.201374058580385,1.201374058580385,1.201374058580385,2602.8193267820984,2602.8193267820984,2602.8193267820984,55.55555555555556,55.55555555555556,126.0,126.0,1,1,0,0,0.6638634390510596,-19.402030540531168
2.35,2.1,2.85,35,1,1.1656931365698182,1.1656931365698182,1.1656931365698182,2473.9778807706134,2473.9778807706134,2473.9778807706134,55.714285714285715,55.714285714285715,140.0,140.0,0,0,0,0,0.6606002692162086,-19.97496170409803
2.35,2.1,2.85,50,1,1.2056713401783266,1.2056713401783266,1.2056713401783266,3306.2793863544985,3306.2793863544985,3306.2793863544985,56.375838926174495,56.375838926174495,149.0,149.0,1,1,0,0,0.3851187952014259,-19.40203054053109
2.35,2.2,2.65,20,1,1.2681755980421714,1.2681755980421714,1.2681755980421714,5076.027957266878,5076.027957266878,5076.027957266878,59.64912280701754,59.64912280701754,171.0,171.0,1,1,1,0,0.03309714841345235,-19.030338161798266
2.35,2.2,2.65,35,1,1.1045049013521369,1.1045049013521369,1.1045049013521369,2295.546503539186,2295.546503539186,2295.546503539186,57.52688172043011,57.52688172043011,186.0,186.0,0,1,0,0,0.14827173624298506,-26.372802202071767
2.35,2.2,2.65,50,1,1.1089978678016088,1.1089978678016088,1.1089978678016088,2607.763817327405,2607.763817327405,2607.763817327405,57.51295336787565,57.51295336787565,193.0,193.0,0,1,0,0,0.09965899088021146,-25.78319113260539
2.35,2.2,2.75,20,1,1.4347975311390617,1.4347975311390617,1.4347975311390617,6816.125646186411,6816.125646186411,6816.125646186411,59.73154362416108,59.73154362416108,149.0,149.0,1,1,0,0,0.5792609916134348,-17.273447576927992
2.35,2.2,2.75,35,1,1.3446903336295521,1.3446903336295521,1.3446903336295521,6331.327125221177,6331.327125221177,6331.327125221177,59.25925925925925,59.25925925925925,162.0,162.0,1,1,1,0,0.1938216166693727,-17.27344757692826
2.35,2.2,2.75,50,1,1.2366132932436527,1.2366132932436527,1.2366132932436527,4836.804158517224,4836.804158517224,4836.804158517224,57.98816568047337,57.98816568047337,169.0,169.0,1,1,1,0,0.16323343356655795,-19.09463507297583
2.35,2.2,2.85,20,1,1.201374058580385,1.201374058580385,1.201374058580385,2602.8193267820984,2602.8193267820984,2602.8193267820984,55.55555555555556,55.55555555555556,126.0,126.0,1,1,0,0,0.6638634390510596,-19.402030540531168
2.35,2.2,2.85,35,1,1.2084230350244547,1.2084230350244547,1.2084230350244547,3022.0930955738922,3022.0930955738922,3022.0930955738922,56.20437956204379,56.20437956204379,137.0,137.0,1,0,0,0,0.8067642582565849,-19.402030540530856
2.35,2.2,2.85,50,1,1.2677222197698998,1.2677222197698998,1.2677222197698998,4169.13594793574,4169.13594793574,4169.13594793574,57.24137931034483,57.24137931034483,145.0,145.0,1,1,0,0,0.45225051769352054,-19.40203054053109
2.35,2.25,2.65,20,1,1.2681755980421714,1.2681755980421714,1.2681755980421714,5076.027957266878,5076.027957266878,5076.027957266878,59.64912280701754,59.64912280701754,171.0,171.0,1,1,1,0,0.03309714841345235,-19.030338161798266
2.35,2.25,2.65,35,1,1.1160664190592153,1.1160664190592153,1.1160664190592153,2528.1767183059483,2528.1767183059483,2528.1767183059483,57.83783783783784,57.83783783783784,185.0,185.0,0,1,0,0,0.1681710548923554,-24.97978475209688
2.35,2.25,2.65,50,1,1.1357626491009793,1.1357626491009793,1.1357626491009793,3184.7258457688727,3184.7258457688727,3184.7258457688727,58.1151832460733,58.1151832460733,191.0,191.0,0,1,0,0,0.08194277480714218,-22.38684890974968
2.35,2.25,2.75,20,1,1.4347975311390617,1.4347975311390617,1.4347975311390617,6816.125646186411,6816.125646186411,6816.125646186411,59.73154362416108,59.73154362416108,149.0,149.0,1,1,0,0,0.5792609916134348,-17.273447576927992
2.35,2.25,2.75,35,1,1.3446903336295521,1.3446903336295521,1.3446903336295521,6331.327125221177,6331.327125221177,6331.327125221177,59.25925925925925,59.25925925925925,162.0,162.0,1,1,1,0,0.1938216166693727,-17.27344757692826
2.35,2.25,2.75,50,1,1.260056610307592,1.260056610307592,1.260056610307592,5227.666940875591,5227.666940875591,5227.666940875591,58.333333333333336,58.333333333333336,168.0,168.0,1,1,1,0,0.23896360070261147,-19.09463507297583
2.35,2.25,2.85,20,1,1.201374058580385,1.201374058580385,1.201374058580385,2602.8193267820984,2602.8193267820984,2602.8193267820984,55.55555555555556,55.55555555555556,126.0,126.0,1,1,0,0,0.6638634390510596,-19.402030540531168
2.35,2.25,2.85,35,1,1.2084230350244547,1.2084230350244547,1.2084230350244547,3022.0930955738922,3022.0930955738922,3022.0930955738922,56.20437956204379,56.20437956204379,137.0,137.0,1,0,0,0,0.8067642582565849,-19.402030540530856
2.35,2.25,2.85,50,1,1.2677222197698998,1.2677222197698998,1.2677222197698998,4169.13594793574,4169.13594793574,4169.13594793574,57.24137931034483,57.24137931034483,145.0,145.0,1,1,0,0,0.45225051769352054,-19.40203054053109
2.35,2.3,2.65,20,1,1.3643306207553525,1.3643306207553525,1.3643306207553525,6550.260584268111,6550.260584268111,6550.260584268111,60.0,60.0,170.0,170.0,1,1,1,0,0.24665489432346277,-19.030338161798266
2.35,2.3,2.65,35,1,1.1545446858774566,1.1545446858774566,1.1545446858774566,3238.5970326633296,3238.5970326633296,3238.5970326633296,57.92349726775956,57.92349726775956,183.0,183.0,0,1,0,0,0.08443489495210588,-20.725703244633298
2.35,2.3,2.65,50,1,1.1656123417127224,1.1656123417127224,1.1656123417127224,3732.6700854481596,3732.6700854481596,3732.6700854481596,57.97872340425532,57.97872340425532,188.0,188.0,0,1,0,0,0.02266563763134699,-19.030338161798323
2.35,2.3,2.75,20,1,1.4347975311390617,1.4347975311390617,1.4347975311390617,6816.125646186411,6816.125646186411,6816.125646186411,59.73154362416108,59.73154362416108,149.0,149.0,1,1,0,0,0.5792609916134348,-17.273447576927992
2.35,2.3,2.75,35,1,1.3446903336295521,1.3446903336295521,1.3446903336295521,6331.327125221177,6331.327125221177,6331.327125221177,59.25925925925925,59.25925925925925,162.0,162.0,1,1,1,0,0.1938216166693727,-17.27344757692826
2.35,2.3,2.75,50,1,1.2356436723699793,1.2356436723699793,1.2356436723699793,4700.488391124096,4700.488391124096,4700.488391124096,58.08383233532935,58.08383233532935,167.0,167.0,1,1,1,0,0.14987588842191157,-19.09463507297583
2.35,2.3,2.85,20,1,1.201374058580385,1.201374058580385,1.201374058580385,2602.8193267820984,2602.8193267820984,2602.8193267820984,55.55555555555556,55.55555555555556,126.0,126.0,1,1,0,0,0.6638634390510596,-19.402030540531168
2.35,2.3,2.85,35,1,1.2084230350244547,1.2084230350244547,1.2084230350244547,3022.0930955738922,3022.0930955738922,3022.0930955738922,56.20437956204379,56.20437956204379,137.0,137.0,1,0,0,0,0.8067642582565849,-19.402030540530856
2.35,2.3,2.85,50,1,1.2677222197698998,1.2677222197698998,1.2677222197698998,4169.13594793574,4169.13594793574,4169.13594793574,57.24137931034483,57.24137931034483,145.0,145.0,1,1,0,0,0.45225051769352054,-19.40203054053109
