legacy_file,symbol,kind,line,current_responsibility,target_owner,action,target_module,notes
__init__.py,(module),module,1,package marker,none,ignore,n/a,No production port.
backtest.py,_profile_code,function,57,"mixed orchestration, strategy evaluation, vectorbt execution and metrics",research_service,rewrite/split,application/backtests/orchestrator.py,Do not port strategy feature/signal construction or vectorbt coupling.
backtest.py,ensure_finite_metric,function,61,"mixed orchestration, strategy evaluation, vectorbt execution and metrics",research_service,rewrite/split,application/backtests/orchestrator.py,Do not port strategy feature/signal construction or vectorbt coupling.
backtest.py,_nullable_finite,function,69,"mixed orchestration, strategy evaluation, vectorbt execution and metrics",research_service,rewrite/split,application/backtests/orchestrator.py,Do not port strategy feature/signal construction or vectorbt coupling.
backtest.py,_open_high_low_for_vectorbt,function,75,"mixed orchestration, strategy evaluation, vectorbt execution and metrics",research_service,rewrite/split,application/backtests/orchestrator.py,Do not port strategy feature/signal construction or vectorbt coupling.
backtest.py,_uses_managed_execution_integration,function,93,"mixed orchestration, strategy evaluation, vectorbt execution and metrics",research_service,rewrite/split,application/backtests/orchestrator.py,Do not port strategy feature/signal construction or vectorbt coupling.
backtest.py,_phase_rule_eval_context,function,102,"mixed orchestration, strategy evaluation, vectorbt execution and metrics",research_service,rewrite/split,application/backtests/orchestrator.py,Do not port strategy feature/signal construction or vectorbt coupling.
backtest.py,_runtime_exit_signals_by_side,function,116,"mixed orchestration, strategy evaluation, vectorbt execution and metrics",research_service,rewrite/split,application/backtests/orchestrator.py,Do not port strategy feature/signal construction or vectorbt coupling.
backtest.py,_build_side_metrics,function,146,"mixed orchestration, strategy evaluation, vectorbt execution and metrics",research_service,rewrite/split,application/backtests/orchestrator.py,Do not port strategy feature/signal construction or vectorbt coupling.
backtest.py,build_trade_side_metrics,function,178,"mixed orchestration, strategy evaluation, vectorbt execution and metrics",research_service,rewrite/split,application/backtests/orchestrator.py,Do not port strategy feature/signal construction or vectorbt coupling.
backtest.py,_equity_metrics_from_trades,function,218,"mixed orchestration, strategy evaluation, vectorbt execution and metrics",research_service,rewrite/split,application/backtests/orchestrator.py,Do not port strategy feature/signal construction or vectorbt coupling.
backtest.py,_run_execution_integrated_strategy_spec,function,253,"mixed orchestration, strategy evaluation, vectorbt execution and metrics",research_service,rewrite/split,application/backtests/orchestrator.py,Do not port strategy feature/signal construction or vectorbt coupling.
backtest.py,run_strategy_spec,function,329,"mixed orchestration, strategy evaluation, vectorbt execution and metrics",research_service,rewrite/split,application/backtests/orchestrator.py,Do not port strategy feature/signal construction or vectorbt coupling.
data_loader.py,load_candles_once,function,15,legacy candle loading,market_data_service,replace,adapters/market_data/http_client.py,Use MarketDataPort; do not port DB access.
exit_arbitration.py,_candidate_priority,function,24,exit candidate priority and deterministic selection,research_service,rewrite,execution/arbitration.py,Preserve explicit deterministic ordering with typed candidates.
exit_arbitration.py,ArbitrationResult,class,42,exit candidate priority and deterministic selection,research_service,rewrite,execution/arbitration.py,Preserve explicit deterministic ordering with typed candidates.
exit_arbitration.py,ExitArbitrator,class,49,exit candidate priority and deterministic selection,research_service,rewrite,execution/arbitration.py,Preserve explicit deterministic ordering with typed candidates.
exit_arbitration.py,arbitration_metadata,function,75,exit candidate priority and deterministic selection,research_service,rewrite,execution/arbitration.py,Preserve explicit deterministic ordering with typed candidates.
exit_attribution.py,ExitAttributionContext,class,15,fill-price rules plus report attribution,research_service,split/rewrite,execution/fills.py + diagnostics/exit_attribution.py,Separate actual fill selection from descriptive attribution.
exit_attribution.py,ExitAttributionResult,class,33,fill-price rules plus report attribution,research_service,split/rewrite,execution/fills.py + diagnostics/exit_attribution.py,Separate actual fill selection from descriptive attribution.
exit_attribution.py,build_exit_instance_component_map,function,42,fill-price rules plus report attribution,research_service,split/rewrite,execution/fills.py + diagnostics/exit_attribution.py,Separate actual fill selection from descriptive attribution.
exit_attribution.py,_finite,function,57,fill-price rules plus report attribution,research_service,split/rewrite,execution/fills.py + diagnostics/exit_attribution.py,Separate actual fill selection from descriptive attribution.
exit_attribution.py,_resolve_profile,function,67,fill-price rules plus report attribution,research_service,split/rewrite,execution/fills.py + diagnostics/exit_attribution.py,Separate actual fill selection from descriptive attribution.
exit_attribution.py,_null_attribution,function,81,fill-price rules plus report attribution,research_service,split/rewrite,execution/fills.py + diagnostics/exit_attribution.py,Separate actual fill selection from descriptive attribution.
exit_attribution.py,_rule_index_for_instance,function,85,fill-price rules plus report attribution,research_service,split/rewrite,execution/fills.py + diagnostics/exit_attribution.py,Separate actual fill selection from descriptive attribution.
exit_attribution.py,_metadata_for_rule,function,92,fill-price rules plus report attribution,research_service,split/rewrite,execution/fills.py + diagnostics/exit_attribution.py,Separate actual fill selection from descriptive attribution.
exit_attribution.py,_attribution_for_instance,function,109,fill-price rules plus report attribution,research_service,split/rewrite,execution/fills.py + diagnostics/exit_attribution.py,Separate actual fill selection from descriptive attribution.
exit_attribution.py,_agg_sl_tp_at_entry,function,132,fill-price rules plus report attribution,research_service,split/rewrite,execution/fills.py + diagnostics/exit_attribution.py,Separate actual fill selection from descriptive attribution.
exit_attribution.py,_pick_distance_instance,function,155,fill-price rules plus report attribution,research_service,split/rewrite,execution/fills.py + diagnostics/exit_attribution.py,Separate actual fill selection from descriptive attribution.
exit_attribution.py,_stop_hit_long,function,187,fill-price rules plus report attribution,research_service,split/rewrite,execution/fills.py + diagnostics/exit_attribution.py,Separate actual fill selection from descriptive attribution.
exit_attribution.py,_stop_hit_short,function,208,fill-price rules plus report attribution,research_service,split/rewrite,execution/fills.py + diagnostics/exit_attribution.py,Separate actual fill selection from descriptive attribution.
exit_attribution.py,fill_price_for_distance_exit,function,229,fill-price rules plus report attribution,research_service,split/rewrite,execution/fills.py + diagnostics/exit_attribution.py,Separate actual fill selection from descriptive attribution.
exit_attribution.py,_levels_from_ratios,function,265,fill-price rules plus report attribution,research_service,split/rewrite,execution/fills.py + diagnostics/exit_attribution.py,Separate actual fill selection from descriptive attribution.
exit_attribution.py,classify_exit_attribution,function,282,fill-price rules plus report attribution,research_service,split/rewrite,execution/fills.py + diagnostics/exit_attribution.py,Separate actual fill selection from descriptive attribution.
exit_attribution.py,classify_exit_reason,function,401,fill-price rules plus report attribution,research_service,split/rewrite,execution/fills.py + diagnostics/exit_attribution.py,Separate actual fill selection from descriptive attribution.
exit_policy_candidates.py,collect_exit_policy_bar_candidates,function,26,standard exit-policy candidate generation,strategy_engine,do_not_port,n/a,Strategy Engine response must contain these decisions.
exit_policy_candidates.py,_signal_candidates_for_bar,function,192,standard exit-policy candidate generation,strategy_engine,do_not_port,n/a,Strategy Engine response must contain these decisions.
exit_policy_candidates.py,profile_at_bar,function,227,standard exit-policy candidate generation,strategy_engine,do_not_port,n/a,Strategy Engine response must contain these decisions.
exits.py,PortfolioExitOutputs,class,33,strategy exit signal/level calculation,strategy_engine,do_not_port,n/a,Already authoritative in Strategy Engine.
exits.py,compose_exit_signals,function,57,strategy exit signal/level calculation,strategy_engine,do_not_port,n/a,Already authoritative in Strategy Engine.
exits.py,_false_series,function,68,strategy exit signal/level calculation,strategy_engine,do_not_port,n/a,Already authoritative in Strategy Engine.
exits.py,_nan_series,function,72,strategy exit signal/level calculation,strategy_engine,do_not_port,n/a,Already authoritative in Strategy Engine.
exits.py,_rsi_column,function,76,strategy exit signal/level calculation,strategy_engine,do_not_port,n/a,Already authoritative in Strategy Engine.
exits.py,_distance_column,function,82,strategy exit signal/level calculation,strategy_engine,do_not_port,n/a,Already authoritative in Strategy Engine.
exits.py,_ema_column,function,88,strategy exit signal/level calculation,strategy_engine,do_not_port,n/a,Already authoritative in Strategy Engine.
exits.py,_signal_series_for_side,function,94,strategy exit signal/level calculation,strategy_engine,do_not_port,n/a,Already authoritative in Strategy Engine.
exits.py,_compile_signal_series,function,122,strategy exit signal/level calculation,strategy_engine,do_not_port,n/a,Already authoritative in Strategy Engine.
exits.py,_compile_distance_series,function,152,strategy exit signal/level calculation,strategy_engine,do_not_port,n/a,Already authoritative in Strategy Engine.
exits.py,_selected_series_by_profile,function,185,strategy exit signal/level calculation,strategy_engine,do_not_port,n/a,Already authoritative in Strategy Engine.
exits.py,_stop_ready,function,199,strategy exit signal/level calculation,strategy_engine,do_not_port,n/a,Already authoritative in Strategy Engine.
exits.py,_stop_ready_by_profile,function,213,strategy exit signal/level calculation,strategy_engine,do_not_port,n/a,Already authoritative in Strategy Engine.
exits.py,build_exit_outputs_from_spec,function,223,strategy exit signal/level calculation,strategy_engine,do_not_port,n/a,Already authoritative in Strategy Engine.
managed_bar_open_candidates.py,_runtime_rule,function,28,managed exit candidate generation at bar open,strategy_engine/research_service seam,replace with contract,execution/candidate_adapter.py,Consume managed decisions; Research decides actual fill/arbitration.
managed_bar_open_candidates.py,collect_managed_bar_open_candidates,function,38,managed exit candidate generation at bar open,strategy_engine/research_service seam,replace with contract,execution/candidate_adapter.py,Consume managed decisions; Research decides actual fill/arbitration.
managed_comparison.py,baseline_vs_managed_summary_placeholder,function,8,baseline/managed research reporting,research_service,port later/refactor,reports/managed_comparison.py,Reporting only; no runtime comparison mode.
managed_comparison.py,trade_pair_key,function,22,baseline/managed research reporting,research_service,port later/refactor,reports/managed_comparison.py,Reporting only; no runtime comparison mode.
managed_comparison.py,_closed_trades_by_pair_key,function,43,baseline/managed research reporting,research_service,port later/refactor,reports/managed_comparison.py,Reporting only; no runtime comparison mode.
managed_comparison.py,exit_layer_for_record,function,55,baseline/managed research reporting,research_service,port later/refactor,reports/managed_comparison.py,Reporting only; no runtime comparison mode.
managed_comparison.py,_managed_exit_candidate_type,function,81,baseline/managed research reporting,research_service,port later/refactor,reports/managed_comparison.py,Reporting only; no runtime comparison mode.
managed_comparison.py,_managed_exit_component_id,function,93,baseline/managed research reporting,research_service,port later/refactor,reports/managed_comparison.py,Reporting only; no runtime comparison mode.
managed_comparison.py,_active_take_at_exit,function,105,baseline/managed research reporting,research_service,port later/refactor,reports/managed_comparison.py,Reporting only; no runtime comparison mode.
managed_comparison.py,_comparison_entry,function,115,baseline/managed research reporting,research_service,port later/refactor,reports/managed_comparison.py,Reporting only; no runtime comparison mode.
managed_comparison.py,_is_managed_stop_close,function,139,baseline/managed research reporting,research_service,port later/refactor,reports/managed_comparison.py,Reporting only; no runtime comparison mode.
managed_comparison.py,_is_runtime_exit_close,function,149,baseline/managed research reporting,research_service,port later/refactor,reports/managed_comparison.py,Reporting only; no runtime comparison mode.
managed_comparison.py,_take_disabled_at_exit,function,155,baseline/managed research reporting,research_service,port later/refactor,reports/managed_comparison.py,Reporting only; no runtime comparison mode.
managed_comparison.py,build_baseline_vs_managed_summary,function,160,baseline/managed research reporting,research_service,port later/refactor,reports/managed_comparison.py,Reporting only; no runtime comparison mode.
managed_comparison.py,derive_break_even_stop_view,function,229,baseline/managed research reporting,research_service,port later/refactor,reports/managed_comparison.py,Reporting only; no runtime comparison mode.
managed_comparison.py,_resolve_variant,function,246,baseline/managed research reporting,research_service,port later/refactor,reports/managed_comparison.py,Reporting only; no runtime comparison mode.
managed_comparison.py,apply_baseline_vs_managed_comparison_to_report,function,262,baseline/managed research reporting,research_service,port later/refactor,reports/managed_comparison.py,Reporting only; no runtime comparison mode.
managed_components/__init__.py,(module),module,1,managed-policy calculation,strategy_engine,do_not_port,n/a,Already authoritative in Strategy Engine managed replay/evaluation.
managed_components/activation.py,_phase_rank,function,6,managed-policy calculation,strategy_engine,do_not_port,n/a,Already authoritative in Strategy Engine managed replay/evaluation.
managed_components/activation.py,phase_at_least_met,function,10,managed-policy calculation,strategy_engine,do_not_port,n/a,Already authoritative in Strategy Engine managed replay/evaluation.
managed_components/atr.py,management_atr_key,function,11,managed-policy calculation,strategy_engine,do_not_port,n/a,Already authoritative in Strategy Engine managed replay/evaluation.
managed_components/atr.py,atr_value_at_bar,function,21,managed-policy calculation,strategy_engine,do_not_port,n/a,Already authoritative in Strategy Engine managed replay/evaluation.
managed_components/atr.py,finite_float,function,41,managed-policy calculation,strategy_engine,do_not_port,n/a,Already authoritative in Strategy Engine managed replay/evaluation.
managed_components/runtime_exit.py,RuntimeExitTrigger,class,29,managed-policy calculation,strategy_engine,do_not_port,n/a,Already authoritative in Strategy Engine managed replay/evaluation.
managed_components/runtime_exit.py,_runtime_exit_rule_to_exit_rule,function,37,managed-policy calculation,strategy_engine,do_not_port,n/a,Already authoritative in Strategy Engine managed replay/evaluation.
managed_components/runtime_exit.py,compile_runtime_exit_signal_series,function,64,managed-policy calculation,strategy_engine,do_not_port,n/a,Already authoritative in Strategy Engine managed replay/evaluation.
managed_components/runtime_exit.py,evaluate_runtime_exits,function,102,managed-policy calculation,strategy_engine,do_not_port,n/a,Already authoritative in Strategy Engine managed replay/evaluation.
managed_components/runtime_exit.py,runtime_exit_candidate_type,function,146,managed-policy calculation,strategy_engine,do_not_port,n/a,Already authoritative in Strategy Engine managed replay/evaluation.
managed_components/snapshot.py,ManagementEvaluationResult,class,42,managed-policy calculation,strategy_engine,do_not_port,n/a,Already authoritative in Strategy Engine managed replay/evaluation.
managed_components/snapshot.py,_management_event,function,48,managed-policy calculation,strategy_engine,do_not_port,n/a,Already authoritative in Strategy Engine managed replay/evaluation.
managed_components/snapshot.py,_stop_changed,function,78,managed-policy calculation,strategy_engine,do_not_port,n/a,Already authoritative in Strategy Engine managed replay/evaluation.
managed_components/snapshot.py,evaluate_management_layers,function,84,managed-policy calculation,strategy_engine,do_not_port,n/a,Already authoritative in Strategy Engine managed replay/evaluation.
managed_components/stop.py,StopCandidate,class,26,managed-policy calculation,strategy_engine,do_not_port,n/a,Already authoritative in Strategy Engine managed replay/evaluation.
managed_components/stop.py,apply_tighten_only_stop,function,32,managed-policy calculation,strategy_engine,do_not_port,n/a,Already authoritative in Strategy Engine managed replay/evaluation.
managed_components/stop.py,merge_stop_candidates,function,45,managed-policy calculation,strategy_engine,do_not_port,n/a,Already authoritative in Strategy Engine managed replay/evaluation.
managed_components/stop.py,evaluate_break_even_stop,function,57,managed-policy calculation,strategy_engine,do_not_port,n/a,Already authoritative in Strategy Engine managed replay/evaluation.
managed_components/stop.py,evaluate_lock_profit_stop,function,90,managed-policy calculation,strategy_engine,do_not_port,n/a,Already authoritative in Strategy Engine managed replay/evaluation.
managed_components/stop.py,evaluate_stop_management,function,119,managed-policy calculation,strategy_engine,do_not_port,n/a,Already authoritative in Strategy Engine managed replay/evaluation.
managed_components/take.py,normalize_take_profile_action,function,22,managed-policy calculation,strategy_engine,do_not_port,n/a,Already authoritative in Strategy Engine managed replay/evaluation.
managed_components/take.py,TakeProfileSelection,class,27,managed-policy calculation,strategy_engine,do_not_port,n/a,Already authoritative in Strategy Engine managed replay/evaluation.
managed_components/take.py,take_profile_descriptor,function,33,managed-policy calculation,strategy_engine,do_not_port,n/a,Already authoritative in Strategy Engine managed replay/evaluation.
managed_components/take.py,evaluate_take_management,function,42,managed-policy calculation,strategy_engine,do_not_port,n/a,Already authoritative in Strategy Engine managed replay/evaluation.
managed_execution_loop.py,_OpenPosition,class,44,position lifecycle mixed with managed-policy evaluation,research_service,rewrite/split,execution/simulator.py,Consume policy decisions from Strategy Engine; retain only execution state/fills.
managed_execution_loop.py,ManagedExecutionLoopResult,class,55,position lifecycle mixed with managed-policy evaluation,research_service,rewrite/split,execution/simulator.py,Consume policy decisions from Strategy Engine; retain only execution state/fills.
managed_execution_loop.py,_trade_id,function,61,position lifecycle mixed with managed-policy evaluation,research_service,rewrite/split,execution/simulator.py,Consume policy decisions from Strategy Engine; retain only execution state/fills.
managed_execution_loop.py,_exit_attribution_from_candidate,function,65,position lifecycle mixed with managed-policy evaluation,research_service,rewrite/split,execution/simulator.py,Consume policy decisions from Strategy Engine; retain only execution state/fills.
managed_execution_loop.py,_precise_exit_layer,function,97,position lifecycle mixed with managed-policy evaluation,research_service,rewrite/split,execution/simulator.py,Consume policy decisions from Strategy Engine; retain only execution state/fills.
managed_execution_loop.py,_exit_owner_for_layer,function,109,position lifecycle mixed with managed-policy evaluation,research_service,rewrite/split,execution/simulator.py,Consume policy decisions from Strategy Engine; retain only execution state/fills.
managed_execution_loop.py,_close_events,function,115,position lifecycle mixed with managed-policy evaluation,research_service,rewrite/split,execution/simulator.py,Consume policy decisions from Strategy Engine; retain only execution state/fills.
managed_execution_loop.py,run_managed_execution_loop,function,181,position lifecycle mixed with managed-policy evaluation,research_service,rewrite/split,execution/simulator.py,Consume policy decisions from Strategy Engine; retain only execution state/fills.
managed_execution_loop.py,execution_result_to_managed_runtime_result,function,358,position lifecycle mixed with managed-policy evaluation,research_service,rewrite/split,execution/simulator.py,Consume policy decisions from Strategy Engine; retain only execution state/fills.
managed_exit_provider.py,EndOfBarProviderUpdate,class,38,runtime managed-policy provider,strategy_engine,do_not_port,n/a,Managed policy is computed by Strategy Engine.
managed_exit_provider.py,ManagedExitProvider,class,45,runtime managed-policy provider,strategy_engine,do_not_port,n/a,Managed policy is computed by Strategy Engine.
report_table.py,_flatten_metrics,function,10,terminal report presentation,research_service,port later,reports/console_table.py,Keep outside execution core.
report_table.py,comparison_row,function,28,terminal report presentation,research_service,port later,reports/console_table.py,Keep outside execution core.
report_table.py,_format_cell,function,74,terminal report presentation,research_service,port later,reports/console_table.py,Keep outside execution core.
report_table.py,print_comparison_table,function,82,terminal report presentation,research_service,port later,reports/console_table.py,Keep outside execution core.
result_models.py,LoadedCandles,class,10,legacy result DTOs,research_service,replace,domain/backtests.py,Define new immutable typed domain contracts.
result_models.py,SideMetrics,class,20,legacy result DTOs,research_service,replace,domain/backtests.py,Define new immutable typed domain contracts.
result_models.py,OpenTradesBreakdown,class,38,legacy result DTOs,research_service,replace,domain/backtests.py,Define new immutable typed domain contracts.
result_models.py,VariantMetrics,class,50,legacy result DTOs,research_service,replace,domain/backtests.py,Define new immutable typed domain contracts.
result_models.py,VariantResult,class,102,legacy result DTOs,research_service,replace,domain/backtests.py,Define new immutable typed domain contracts.
results.py,_repo_root,function,36,"trade normalization, metrics, artifact payload and writing",research_service,split/rewrite,accounting/ + reports/ + artifacts/,"Separate accounting, projections and persistence."
results.py,default_results_dir,function,40,"trade normalization, metrics, artifact payload and writing",research_service,split/rewrite,accounting/ + reports/ + artifacts/,"Separate accounting, projections and persistence."
results.py,build_run_id,function,44,"trade normalization, metrics, artifact payload and writing",research_service,split/rewrite,accounting/ + reports/ + artifacts/,"Separate accounting, projections and persistence."
results.py,sanitize_run_id_suffix,function,67,"trade normalization, metrics, artifact payload and writing",research_service,split/rewrite,accounting/ + reports/ + artifacts/,"Separate accounting, projections and persistence."
results.py,_format_created_at,function,78,"trade normalization, metrics, artifact payload and writing",research_service,split/rewrite,accounting/ + reports/ + artifacts/,"Separate accounting, projections and persistence."
results.py,_scalar_json_safe,function,86,"trade normalization, metrics, artifact payload and writing",research_service,split/rewrite,accounting/ + reports/ + artifacts/,"Separate accounting, projections and persistence."
results.py,json_safe,function,123,"trade normalization, metrics, artifact payload and writing",research_service,split/rewrite,accounting/ + reports/ + artifacts/,"Separate accounting, projections and persistence."
results.py,_series_index_aligned,function,138,"trade normalization, metrics, artifact payload and writing",research_service,split/rewrite,accounting/ + reports/ + artifacts/,"Separate accounting, projections and persistence."
results.py,_attribution_context_aligned,function,142,"trade normalization, metrics, artifact payload and writing",research_service,split/rewrite,accounting/ + reports/ + artifacts/,"Separate accounting, projections and persistence."
results.py,_can_use_exit_attribution,function,156,"trade normalization, metrics, artifact payload and writing",research_service,split/rewrite,accounting/ + reports/ + artifacts/,"Separate accounting, projections and persistence."
results.py,_context_state_label,function,177,"trade normalization, metrics, artifact payload and writing",research_service,split/rewrite,accounting/ + reports/ + artifacts/,"Separate accounting, projections and persistence."
results.py,_profile_label,function,183,"trade normalization, metrics, artifact payload and writing",research_service,split/rewrite,accounting/ + reports/ + artifacts/,"Separate accounting, projections and persistence."
results.py,_trade_fees_paid,function,189,"trade normalization, metrics, artifact payload and writing",research_service,split/rewrite,accounting/ + reports/ + artifacts/,"Separate accounting, projections and persistence."
results.py,_gross_return_pct,function,200,"trade normalization, metrics, artifact payload and writing",research_service,split/rewrite,accounting/ + reports/ + artifacts/,"Separate accounting, projections and persistence."
results.py,_closed_trades,function,214,"trade normalization, metrics, artifact payload and writing",research_service,split/rewrite,accounting/ + reports/ + artifacts/,"Separate accounting, projections and persistence."
results.py,_profit_factor_from_pnls,function,218,"trade normalization, metrics, artifact payload and writing",research_service,split/rewrite,accounting/ + reports/ + artifacts/,"Separate accounting, projections and persistence."
results.py,_avg_hold_bars,function,226,"trade normalization, metrics, artifact payload and writing",research_service,split/rewrite,accounting/ + reports/ + artifacts/,"Separate accounting, projections and persistence."
results.py,_bucket_metrics,function,233,"trade normalization, metrics, artifact payload and writing",research_service,split/rewrite,accounting/ + reports/ + artifacts/,"Separate accounting, projections and persistence."
results.py,_profile_bucket_metrics,function,252,"trade normalization, metrics, artifact payload and writing",research_service,split/rewrite,accounting/ + reports/ + artifacts/,"Separate accounting, projections and persistence."
results.py,build_profile_breakdown,function,262,"trade normalization, metrics, artifact payload and writing",research_service,split/rewrite,accounting/ + reports/ + artifacts/,"Separate accounting, projections and persistence."
results.py,build_profile_side_breakdown,function,274,"trade normalization, metrics, artifact payload and writing",research_service,split/rewrite,accounting/ + reports/ + artifacts/,"Separate accounting, projections and persistence."
results.py,build_exit_reason_breakdown,function,300,"trade normalization, metrics, artifact payload and writing",research_service,split/rewrite,accounting/ + reports/ + artifacts/,"Separate accounting, projections and persistence."
results.py,build_bounce_counter_breakdown,function,308,"trade normalization, metrics, artifact payload and writing",research_service,split/rewrite,accounting/ + reports/ + artifacts/,"Separate accounting, projections and persistence."
results.py,build_trade_quality_breakdowns,function,343,"trade normalization, metrics, artifact payload and writing",research_service,split/rewrite,accounting/ + reports/ + artifacts/,"Separate accounting, projections and persistence."
results.py,build_fee_diagnostics,function,351,"trade normalization, metrics, artifact payload and writing",research_service,split/rewrite,accounting/ + reports/ + artifacts/,"Separate accounting, projections and persistence."
results.py,_index_to_open_time_ms,function,374,"trade normalization, metrics, artifact payload and writing",research_service,split/rewrite,accounting/ + reports/ + artifacts/,"Separate accounting, projections and persistence."
results.py,extract_trade_records,function,393,"trade normalization, metrics, artifact payload and writing",research_service,split/rewrite,accounting/ + reports/ + artifacts/,"Separate accounting, projections and persistence."
results.py,build_execution_integrated_trade_records,function,597,"trade normalization, metrics, artifact payload and writing",research_service,split/rewrite,accounting/ + reports/ + artifacts/,"Separate accounting, projections and persistence."
results.py,_empty_managed_breakdown_entry,function,698,"trade normalization, metrics, artifact payload and writing",research_service,split/rewrite,accounting/ + reports/ + artifacts/,"Separate accounting, projections and persistence."
results.py,_accumulate_managed_breakdown,function,702,"trade normalization, metrics, artifact payload and writing",research_service,split/rewrite,accounting/ + reports/ + artifacts/,"Separate accounting, projections and persistence."
results.py,build_managed_layer_breakdowns,function,715,"trade normalization, metrics, artifact payload and writing",research_service,split/rewrite,accounting/ + reports/ + artifacts/,"Separate accounting, projections and persistence."
results.py,baseline_vs_managed_summary_placeholder,function,763,"trade normalization, metrics, artifact payload and writing",research_service,split/rewrite,accounting/ + reports/ + artifacts/,"Separate accounting, projections and persistence."
results.py,build_research_run_payload,function,773,"trade normalization, metrics, artifact payload and writing",research_service,split/rewrite,accounting/ + reports/ + artifacts/,"Separate accounting, projections and persistence."
results.py,run_report_relpath,function,838,"trade normalization, metrics, artifact payload and writing",research_service,split/rewrite,accounting/ + reports/ + artifacts/,"Separate accounting, projections and persistence."
results.py,run_summary_report_relpath,function,842,"trade normalization, metrics, artifact payload and writing",research_service,split/rewrite,accounting/ + reports/ + artifacts/,"Separate accounting, projections and persistence."
results.py,_trade_record_counts,function,846,"trade normalization, metrics, artifact payload and writing",research_service,split/rewrite,accounting/ + reports/ + artifacts/,"Separate accounting, projections and persistence."
results.py,build_compact_report_payload,function,856,"trade normalization, metrics, artifact payload and writing",research_service,split/rewrite,accounting/ + reports/ + artifacts/,"Separate accounting, projections and persistence."
results.py,write_research_results,function,895,"trade normalization, metrics, artifact payload and writing",research_service,split/rewrite,accounting/ + reports/ + artifacts/,"Separate accounting, projections and persistence."
runner.py,run_strategy_specs_from_config,function,27,config-to-run orchestration,research_service,rewrite,application/backtests/run_backtest.py,Call StrategyEnginePort and MarketDataPort directly.
runner.py,run_strategy_specs_from_config_returning_paths,function,92,config-to-run orchestration,research_service,rewrite,application/backtests/run_backtest.py,Call StrategyEnginePort and MarketDataPort directly.
runner.py,_validated_specs_for_single_market,function,111,config-to-run orchestration,research_service,rewrite,application/backtests/run_backtest.py,Call StrategyEnginePort and MarketDataPort directly.
runner.py,_batch_success_metadata,function,128,config-to-run orchestration,research_service,rewrite,application/backtests/run_backtest.py,Call StrategyEnginePort and MarketDataPort directly.
signal_trace.py,UnsupportedTraceComponentError,class,74,strategy trace construction and Workbench projection,strategy_engine/research_service seam,split/replace,diagnostics/signal_trace_projector.py,Strategy evidence comes from Strategy Engine; Research projects DTO.
signal_trace.py,_rsi_column,function,96,strategy trace construction and Workbench projection,strategy_engine/research_service seam,split/replace,diagnostics/signal_trace_projector.py,Strategy evidence comes from Strategy Engine; Research projects DTO.
signal_trace.py,_false_series,function,102,strategy trace construction and Workbench projection,strategy_engine/research_service seam,split/replace,diagnostics/signal_trace_projector.py,Strategy evidence comes from Strategy Engine; Research projects DTO.
signal_trace.py,_bool_list,function,106,strategy trace construction and Workbench projection,strategy_engine/research_service seam,split/replace,diagnostics/signal_trace_projector.py,Strategy evidence comes from Strategy Engine; Research projects DTO.
signal_trace.py,_float_list,function,110,strategy trace construction and Workbench projection,strategy_engine/research_service seam,split/replace,diagnostics/signal_trace_projector.py,Strategy evidence comes from Strategy Engine; Research projects DTO.
signal_trace.py,_object_list,function,120,strategy trace construction and Workbench projection,strategy_engine/research_service seam,split/replace,diagnostics/signal_trace_projector.py,Strategy evidence comes from Strategy Engine; Research projects DTO.
signal_trace.py,_series_to_values,function,132,strategy trace construction and Workbench projection,strategy_engine/research_service seam,split/replace,diagnostics/signal_trace_projector.py,Strategy evidence comes from Strategy Engine; Research projects DTO.
signal_trace.py,_serialize_internals,function,140,strategy trace construction and Workbench projection,strategy_engine/research_service seam,split/replace,diagnostics/signal_trace_projector.py,Strategy evidence comes from Strategy Engine; Research projects DTO.
signal_trace.py,_index_to_times_sec,function,155,strategy trace construction and Workbench projection,strategy_engine/research_service seam,split/replace,diagnostics/signal_trace_projector.py,Strategy evidence comes from Strategy Engine; Research projects DTO.
signal_trace.py,SideSignalTrace,class,162,strategy trace construction and Workbench projection,strategy_engine/research_service seam,split/replace,diagnostics/signal_trace_projector.py,Strategy evidence comes from Strategy Engine; Research projects DTO.
signal_trace.py,ComponentEventData,class,175,strategy trace construction and Workbench projection,strategy_engine/research_service seam,split/replace,diagnostics/signal_trace_projector.py,Strategy evidence comes from Strategy Engine; Research projects DTO.
signal_trace.py,SignalTraceBundleData,class,192,strategy trace construction and Workbench projection,strategy_engine/research_service seam,split/replace,diagnostics/signal_trace_projector.py,Strategy evidence comes from Strategy Engine; Research projects DTO.
signal_trace.py,_build_side_trace,function,202,strategy trace construction and Workbench projection,strategy_engine/research_service seam,split/replace,diagnostics/signal_trace_projector.py,Strategy evidence comes from Strategy Engine; Research projects DTO.
signal_trace.py,_resolve_feature_timeframe,function,376,strategy trace construction and Workbench projection,strategy_engine/research_service seam,split/replace,diagnostics/signal_trace_projector.py,Strategy evidence comes from Strategy Engine; Research projects DTO.
signal_trace.py,_rising_edge_indices,function,383,strategy trace construction and Workbench projection,strategy_engine/research_service seam,split/replace,diagnostics/signal_trace_projector.py,Strategy evidence comes from Strategy Engine; Research projects DTO.
signal_trace.py,_contiguous_blocked_runs,function,391,strategy trace construction and Workbench projection,strategy_engine/research_service seam,split/replace,diagnostics/signal_trace_projector.py,Strategy evidence comes from Strategy Engine; Research projects DTO.
signal_trace.py,_contiguous_true_runs,function,408,strategy trace construction and Workbench projection,strategy_engine/research_service seam,split/replace,diagnostics/signal_trace_projector.py,Strategy evidence comes from Strategy Engine; Research projects DTO.
signal_trace.py,_span_id,function,414,strategy trace construction and Workbench projection,strategy_engine/research_service seam,split/replace,diagnostics/signal_trace_projector.py,Strategy evidence comes from Strategy Engine; Research projects DTO.
signal_trace.py,_span_id_for_source_index,function,418,strategy trace construction and Workbench projection,strategy_engine/research_service seam,split/replace,diagnostics/signal_trace_projector.py,Strategy evidence comes from Strategy Engine; Research projects DTO.
signal_trace.py,_event_label,function,434,strategy trace construction and Workbench projection,strategy_engine/research_service seam,split/replace,diagnostics/signal_trace_projector.py,Strategy evidence comes from Strategy Engine; Research projects DTO.
signal_trace.py,_event_tooltip,function,452,strategy trace construction and Workbench projection,strategy_engine/research_service seam,split/replace,diagnostics/signal_trace_projector.py,Strategy evidence comes from Strategy Engine; Research projects DTO.
signal_trace.py,_raw_rsi_threshold_series,function,478,strategy trace construction and Workbench projection,strategy_engine/research_service seam,split/replace,diagnostics/signal_trace_projector.py,Strategy evidence comes from Strategy Engine; Research projects DTO.
signal_trace.py,_sides_for_spec,function,503,strategy trace construction and Workbench projection,strategy_engine/research_service seam,split/replace,diagnostics/signal_trace_projector.py,Strategy evidence comes from Strategy Engine; Research projects DTO.
signal_trace.py,_collect_rsi_exit_rules,function,512,strategy trace construction and Workbench projection,strategy_engine/research_service seam,split/replace,diagnostics/signal_trace_projector.py,Strategy evidence comes from Strategy Engine; Research projects DTO.
signal_trace.py,_anchor_stack_period_meta,function,533,strategy trace construction and Workbench projection,strategy_engine/research_service seam,split/replace,diagnostics/signal_trace_projector.py,Strategy evidence comes from Strategy Engine; Research projects DTO.
signal_trace.py,_setup_params_meta_for_rule,function,542,strategy trace construction and Workbench projection,strategy_engine/research_service seam,split/replace,diagnostics/signal_trace_projector.py,Strategy evidence comes from Strategy Engine; Research projects DTO.
signal_trace.py,_setup_params_meta,function,577,strategy trace construction and Workbench projection,strategy_engine/research_service seam,split/replace,diagnostics/signal_trace_projector.py,Strategy evidence comes from Strategy Engine; Research projects DTO.
signal_trace.py,_rsi_blocker_threshold,function,581,strategy trace construction and Workbench projection,strategy_engine/research_service seam,split/replace,diagnostics/signal_trace_projector.py,Strategy evidence comes from Strategy Engine; Research projects DTO.
signal_trace.py,_trace_bool_at,function,589,strategy trace construction and Workbench projection,strategy_engine/research_service seam,split/replace,diagnostics/signal_trace_projector.py,Strategy evidence comes from Strategy Engine; Research projects DTO.
signal_trace.py,_trace_int_at,function,596,strategy trace construction and Workbench projection,strategy_engine/research_service seam,split/replace,diagnostics/signal_trace_projector.py,Strategy evidence comes from Strategy Engine; Research projects DTO.
signal_trace.py,_ema_bounce_metadata,function,603,strategy trace construction and Workbench projection,strategy_engine/research_service seam,split/replace,diagnostics/signal_trace_projector.py,Strategy evidence comes from Strategy Engine; Research projects DTO.
signal_trace.py,_append_ema_bounce_counter_events,function,635,strategy trace construction and Workbench projection,strategy_engine/research_service seam,split/replace,diagnostics/signal_trace_projector.py,Strategy evidence comes from Strategy Engine; Research projects DTO.
signal_trace.py,_format_width_tooltip,function,781,strategy trace construction and Workbench projection,strategy_engine/research_service seam,split/replace,diagnostics/signal_trace_projector.py,Strategy evidence comes from Strategy Engine; Research projects DTO.
signal_trace.py,_width_trace_float,function,785,strategy trace construction and Workbench projection,strategy_engine/research_service seam,split/replace,diagnostics/signal_trace_projector.py,Strategy evidence comes from Strategy Engine; Research projects DTO.
signal_trace.py,_anchor_stack_width_span_start_tooltip,function,792,strategy trace construction and Workbench projection,strategy_engine/research_service seam,split/replace,diagnostics/signal_trace_projector.py,Strategy evidence comes from Strategy Engine; Research projects DTO.
signal_trace.py,_anchor_stack_width_span_end_tooltip,function,814,strategy trace construction and Workbench projection,strategy_engine/research_service seam,split/replace,diagnostics/signal_trace_projector.py,Strategy evidence comes from Strategy Engine; Research projects DTO.
signal_trace.py,_append_anchor_stack_width_setup_events,function,829,strategy trace construction and Workbench projection,strategy_engine/research_service seam,split/replace,diagnostics/signal_trace_projector.py,Strategy evidence comes from Strategy Engine; Research projects DTO.
signal_trace.py,build_component_events,function,925,strategy trace construction and Workbench projection,strategy_engine/research_service seam,split/replace,diagnostics/signal_trace_projector.py,Strategy evidence comes from Strategy Engine; Research projects DTO.
signal_trace.py,build_signal_trace_from_spec,function,1138,strategy trace construction and Workbench projection,strategy_engine/research_service seam,split/replace,diagnostics/signal_trace_projector.py,Strategy evidence comes from Strategy Engine; Research projects DTO.
signal_trace.py,_slice_indexed_list,function,1262,strategy trace construction and Workbench projection,strategy_engine/research_service seam,split/replace,diagnostics/signal_trace_projector.py,Strategy evidence comes from Strategy Engine; Research projects DTO.
signal_trace.py,slice_signal_trace,function,1275,strategy trace construction and Workbench projection,strategy_engine/research_service seam,split/replace,diagnostics/signal_trace_projector.py,Strategy evidence comes from Strategy Engine; Research projects DTO.
signals.py,PortfolioSignals,class,44,strategy entry/blocker signal calculation,strategy_engine,do_not_port,n/a,Already authoritative in Strategy Engine.
signals.py,_SideSignalOutputs,class,51,strategy entry/blocker signal calculation,strategy_engine,do_not_port,n/a,Already authoritative in Strategy Engine.
signals.py,compose_final_signals,function,56,strategy entry/blocker signal calculation,strategy_engine,do_not_port,n/a,Already authoritative in Strategy Engine.
signals.py,compose_blocker_signals,function,70,strategy entry/blocker signal calculation,strategy_engine,do_not_port,n/a,Already authoritative in Strategy Engine.
signals.py,_false_series,function,81,strategy entry/blocker signal calculation,strategy_engine,do_not_port,n/a,Already authoritative in Strategy Engine.
signals.py,_apply_blocker_context_gate,function,85,strategy entry/blocker signal calculation,strategy_engine,do_not_port,n/a,Already authoritative in Strategy Engine.
signals.py,_rsi_column,function,112,strategy entry/blocker signal calculation,strategy_engine,do_not_port,n/a,Already authoritative in Strategy Engine.
signals.py,_evaluate_blocker,function,118,strategy entry/blocker signal calculation,strategy_engine,do_not_port,n/a,Already authoritative in Strategy Engine.
signals.py,_blocker_counter_entry,function,154,strategy entry/blocker signal calculation,strategy_engine,do_not_port,n/a,Already authoritative in Strategy Engine.
signals.py,_build_side_signals,function,183,strategy entry/blocker signal calculation,strategy_engine,do_not_port,n/a,Already authoritative in Strategy Engine.
signals.py,build_signals_from_spec,function,272,strategy entry/blocker signal calculation,strategy_engine,do_not_port,n/a,Already authoritative in Strategy Engine.
trade_analyzer.py,TradeQualityConfig,class,36,post-trade path and quality diagnostics,research_service,port/refactor,diagnostics/trade_quality.py,Operate on MarketFrame and TradeRecord.
trade_analyzer.py,trade_quality_config_payload,function,54,post-trade path and quality diagnostics,research_service,port/refactor,diagnostics/trade_quality.py,Operate on MarketFrame and TradeRecord.
trade_analyzer.py,path_diagnostics_config_payload,function,58,post-trade path and quality diagnostics,research_service,port/refactor,diagnostics/trade_quality.py,Operate on MarketFrame and TradeRecord.
trade_analyzer.py,TradePathCore,class,70,post-trade path and quality diagnostics,research_service,port/refactor,diagnostics/trade_quality.py,Operate on MarketFrame and TradeRecord.
trade_analyzer.py,_finite_float,function,87,post-trade path and quality diagnostics,research_service,port/refactor,diagnostics/trade_quality.py,Operate on MarketFrame and TradeRecord.
trade_analyzer.py,_ratio_or_none,function,99,post-trade path and quality diagnostics,research_service,port/refactor,diagnostics/trade_quality.py,Operate on MarketFrame and TradeRecord.
trade_analyzer.py,_bar_time_ms,function,105,post-trade path and quality diagnostics,research_service,port/refactor,diagnostics/trade_quality.py,Operate on MarketFrame and TradeRecord.
trade_analyzer.py,_resolve_reference_profile,function,133,post-trade path and quality diagnostics,research_service,port/refactor,diagnostics/trade_quality.py,Operate on MarketFrame and TradeRecord.
trade_analyzer.py,_entry_atr,function,147,post-trade path and quality diagnostics,research_service,port/refactor,diagnostics/trade_quality.py,Operate on MarketFrame and TradeRecord.
trade_analyzer.py,_is_stop_loss_exit,function,159,post-trade path and quality diagnostics,research_service,port/refactor,diagnostics/trade_quality.py,Operate on MarketFrame and TradeRecord.
trade_analyzer.py,_bad_context_for_direction,function,170,post-trade path and quality diagnostics,research_service,port/refactor,diagnostics/trade_quality.py,Operate on MarketFrame and TradeRecord.
trade_analyzer.py,_high_mfe,function,178,post-trade path and quality diagnostics,research_service,port/refactor,diagnostics/trade_quality.py,Operate on MarketFrame and TradeRecord.
trade_analyzer.py,_low_mfe,function,186,post-trade path and quality diagnostics,research_service,port/refactor,diagnostics/trade_quality.py,Operate on MarketFrame and TradeRecord.
trade_analyzer.py,_large_giveback,function,194,post-trade path and quality diagnostics,research_service,port/refactor,diagnostics/trade_quality.py,Operate on MarketFrame and TradeRecord.
trade_analyzer.py,classify_quality_flags,function,199,post-trade path and quality diagnostics,research_service,port/refactor,diagnostics/trade_quality.py,Operate on MarketFrame and TradeRecord.
trade_analyzer.py,_compute_trade_path_core,function,235,post-trade path and quality diagnostics,research_service,port/refactor,diagnostics/trade_quality.py,Operate on MarketFrame and TradeRecord.
trade_analyzer.py,_flat_fields_from_core,function,312,post-trade path and quality diagnostics,research_service,port/refactor,diagnostics/trade_quality.py,Operate on MarketFrame and TradeRecord.
trade_analyzer.py,_build_nested_path_diagnostics,function,339,post-trade path and quality diagnostics,research_service,port/refactor,diagnostics/trade_quality.py,Operate on MarketFrame and TradeRecord.
trade_analyzer.py,_tp_touched,function,367,post-trade path and quality diagnostics,research_service,port/refactor,diagnostics/trade_quality.py,Operate on MarketFrame and TradeRecord.
trade_analyzer.py,_sl_touched,function,380,post-trade path and quality diagnostics,research_service,port/refactor,diagnostics/trade_quality.py,Operate on MarketFrame and TradeRecord.
trade_analyzer.py,_compute_reference_levels,function,393,post-trade path and quality diagnostics,research_service,port/refactor,diagnostics/trade_quality.py,Operate on MarketFrame and TradeRecord.
trade_analyzer.py,compute_trade_quality_metrics,function,487,post-trade path and quality diagnostics,research_service,port/refactor,diagnostics/trade_quality.py,Operate on MarketFrame and TradeRecord.
trade_analyzer.py,build_trade_quality_diagnostics,function,512,post-trade path and quality diagnostics,research_service,port/refactor,diagnostics/trade_quality.py,Operate on MarketFrame and TradeRecord.
trade_analyzer.py,_avg_non_null,function,558,post-trade path and quality diagnostics,research_service,port/refactor,diagnostics/trade_quality.py,Operate on MarketFrame and TradeRecord.
trade_analyzer.py,_median,function,566,post-trade path and quality diagnostics,research_service,port/refactor,diagnostics/trade_quality.py,Operate on MarketFrame and TradeRecord.
trade_analyzer.py,_percentile,function,577,post-trade path and quality diagnostics,research_service,port/refactor,diagnostics/trade_quality.py,Operate on MarketFrame and TradeRecord.
trade_analyzer.py,_finite_values,function,592,post-trade path and quality diagnostics,research_service,port/refactor,diagnostics/trade_quality.py,Operate on MarketFrame and TradeRecord.
trade_analyzer.py,_path_summary_bucket,function,601,post-trade path and quality diagnostics,research_service,port/refactor,diagnostics/trade_quality.py,Operate on MarketFrame and TradeRecord.
trade_analyzer.py,_closed_with_path_diagnostics,function,676,post-trade path and quality diagnostics,research_service,port/refactor,diagnostics/trade_quality.py,Operate on MarketFrame and TradeRecord.
trade_analyzer.py,build_path_diagnostics_summary,function,684,post-trade path and quality diagnostics,research_service,port/refactor,diagnostics/trade_quality.py,Operate on MarketFrame and TradeRecord.
trade_analyzer.py,_quality_bucket,function,720,post-trade path and quality diagnostics,research_service,port/refactor,diagnostics/trade_quality.py,Operate on MarketFrame and TradeRecord.
trade_analyzer.py,build_quality_flag_breakdown,function,736,post-trade path and quality diagnostics,research_service,port/refactor,diagnostics/trade_quality.py,Operate on MarketFrame and TradeRecord.
trade_analyzer.py,build_exit_component_quality_breakdown,function,746,post-trade path and quality diagnostics,research_service,port/refactor,diagnostics/trade_quality.py,Operate on MarketFrame and TradeRecord.
trade_runtime.py,TradeRuntimeState,class,69,managed-policy state mixed with diagnostics and summaries,strategy_engine/research_service seam,split/replace,diagnostics/trade_management.py,Do not port phase/policy evaluator; retain projections/summaries only.
trade_runtime.py,TradeManagementEvent,class,92,managed-policy state mixed with diagnostics and summaries,strategy_engine/research_service seam,split/replace,diagnostics/trade_management.py,Do not port phase/policy evaluator; retain projections/summaries only.
trade_runtime.py,TradeRuntimeResult,class,111,managed-policy state mixed with diagnostics and summaries,strategy_engine/research_service seam,split/replace,diagnostics/trade_management.py,Do not port phase/policy evaluator; retain projections/summaries only.
trade_runtime.py,ActiveManagementSnapshot,class,117,managed-policy state mixed with diagnostics and summaries,strategy_engine/research_service seam,split/replace,diagnostics/trade_management.py,Do not port phase/policy evaluator; retain projections/summaries only.
trade_runtime.py,ExitCandidate,class,128,managed-policy state mixed with diagnostics and summaries,strategy_engine/research_service seam,split/replace,diagnostics/trade_management.py,Do not port phase/policy evaluator; retain projections/summaries only.
trade_runtime.py,ManagedExitContext,class,144,managed-policy state mixed with diagnostics and summaries,strategy_engine/research_service seam,split/replace,diagnostics/trade_management.py,Do not port phase/policy evaluator; retain projections/summaries only.
trade_runtime.py,ManagedTradeRuntimeState,class,161,managed-policy state mixed with diagnostics and summaries,strategy_engine/research_service seam,split/replace,diagnostics/trade_management.py,Do not port phase/policy evaluator; retain projections/summaries only.
trade_runtime.py,ManagedTradeRuntimeResult,class,168,managed-policy state mixed with diagnostics and summaries,strategy_engine/research_service seam,split/replace,diagnostics/trade_management.py,Do not port phase/policy evaluator; retain projections/summaries only.
trade_runtime.py,empty_active_management_snapshot,function,173,managed-policy state mixed with diagnostics and summaries,strategy_engine/research_service seam,split/replace,diagnostics/trade_management.py,Do not port phase/policy evaluator; retain projections/summaries only.
trade_runtime.py,is_managed_exit_mode,function,177,managed-policy state mixed with diagnostics and summaries,strategy_engine/research_service seam,split/replace,diagnostics/trade_management.py,Do not port phase/policy evaluator; retain projections/summaries only.
trade_runtime.py,has_behavior_changing_management_rules,function,181,managed-policy state mixed with diagnostics and summaries,strategy_engine/research_service seam,split/replace,diagnostics/trade_management.py,Do not port phase/policy evaluator; retain projections/summaries only.
trade_runtime.py,_index_to_time_ms,function,197,managed-policy state mixed with diagnostics and summaries,strategy_engine/research_service seam,split/replace,diagnostics/trade_management.py,Do not port phase/policy evaluator; retain projections/summaries only.
trade_runtime.py,_phase_rank,function,204,managed-policy state mixed with diagnostics and summaries,strategy_engine/research_service seam,split/replace,diagnostics/trade_management.py,Do not port phase/policy evaluator; retain projections/summaries only.
trade_runtime.py,_finite_float,function,208,managed-policy state mixed with diagnostics and summaries,strategy_engine/research_service seam,split/replace,diagnostics/trade_management.py,Do not port phase/policy evaluator; retain projections/summaries only.
trade_runtime.py,_initial_state,function,218,managed-policy state mixed with diagnostics and summaries,strategy_engine/research_service seam,split/replace,diagnostics/trade_management.py,Do not port phase/policy evaluator; retain projections/summaries only.
trade_runtime.py,update_trade_runtime_state,function,254,managed-policy state mixed with diagnostics and summaries,strategy_engine/research_service seam,split/replace,diagnostics/trade_management.py,Do not port phase/policy evaluator; retain projections/summaries only.
trade_runtime.py,_resolve_eval_context,function,281,managed-policy state mixed with diagnostics and summaries,strategy_engine/research_service seam,split/replace,diagnostics/trade_management.py,Do not port phase/policy evaluator; retain projections/summaries only.
trade_runtime.py,evaluate_phase_rules,function,293,managed-policy state mixed with diagnostics and summaries,strategy_engine/research_service seam,split/replace,diagnostics/trade_management.py,Do not port phase/policy evaluator; retain projections/summaries only.
trade_runtime.py,_build_managed_exit_context,function,347,managed-policy state mixed with diagnostics and summaries,strategy_engine/research_service seam,split/replace,diagnostics/trade_management.py,Do not port phase/policy evaluator; retain projections/summaries only.
trade_runtime.py,_recompute_active_management_snapshot,function,373,managed-policy state mixed with diagnostics and summaries,strategy_engine/research_service seam,split/replace,diagnostics/trade_management.py,Do not port phase/policy evaluator; retain projections/summaries only.
trade_runtime.py,_exit_executed_event,function,399,managed-policy state mixed with diagnostics and summaries,strategy_engine/research_service seam,split/replace,diagnostics/trade_management.py,Do not port phase/policy evaluator; retain projections/summaries only.
trade_runtime.py,run_managed_exit_runtime,function,426,managed-policy state mixed with diagnostics and summaries,strategy_engine/research_service seam,split/replace,diagnostics/trade_management.py,Do not port phase/policy evaluator; retain projections/summaries only.
trade_runtime.py,managed_trade_management_block_for_trade,function,536,managed-policy state mixed with diagnostics and summaries,strategy_engine/research_service seam,split/replace,diagnostics/trade_management.py,Do not port phase/policy evaluator; retain projections/summaries only.
trade_runtime.py,apply_managed_trade_management_diagnostics,function,583,managed-policy state mixed with diagnostics and summaries,strategy_engine/research_service seam,split/replace,diagnostics/trade_management.py,Do not port phase/policy evaluator; retain projections/summaries only.
trade_runtime.py,build_trade_runtime_diagnostics,function,602,managed-policy state mixed with diagnostics and summaries,strategy_engine/research_service seam,split/replace,diagnostics/trade_management.py,Do not port phase/policy evaluator; retain projections/summaries only.
trade_runtime.py,_event_payload,function,667,managed-policy state mixed with diagnostics and summaries,strategy_engine/research_service seam,split/replace,diagnostics/trade_management.py,Do not port phase/policy evaluator; retain projections/summaries only.
trade_runtime.py,trade_management_events_payload,function,687,managed-policy state mixed with diagnostics and summaries,strategy_engine/research_service seam,split/replace,diagnostics/trade_management.py,Do not port phase/policy evaluator; retain projections/summaries only.
trade_runtime.py,_events_by_trade_id,function,694,managed-policy state mixed with diagnostics and summaries,strategy_engine/research_service seam,split/replace,diagnostics/trade_management.py,Do not port phase/policy evaluator; retain projections/summaries only.
trade_runtime.py,_exit_layer,function,703,managed-policy state mixed with diagnostics and summaries,strategy_engine/research_service seam,split/replace,diagnostics/trade_management.py,Do not port phase/policy evaluator; retain projections/summaries only.
trade_runtime.py,_capture_fields,function,713,managed-policy state mixed with diagnostics and summaries,strategy_engine/research_service seam,split/replace,diagnostics/trade_management.py,Do not port phase/policy evaluator; retain projections/summaries only.
trade_runtime.py,trade_management_block_for_trade,function,726,managed-policy state mixed with diagnostics and summaries,strategy_engine/research_service seam,split/replace,diagnostics/trade_management.py,Do not port phase/policy evaluator; retain projections/summaries only.
trade_runtime.py,apply_trade_management_diagnostics,function,772,managed-policy state mixed with diagnostics and summaries,strategy_engine/research_service seam,split/replace,diagnostics/trade_management.py,Do not port phase/policy evaluator; retain projections/summaries only.
trade_runtime.py,_finite_values,function,791,managed-policy state mixed with diagnostics and summaries,strategy_engine/research_service seam,split/replace,diagnostics/trade_management.py,Do not port phase/policy evaluator; retain projections/summaries only.
trade_runtime.py,_avg,function,806,managed-policy state mixed with diagnostics and summaries,strategy_engine/research_service seam,split/replace,diagnostics/trade_management.py,Do not port phase/policy evaluator; retain projections/summaries only.
trade_runtime.py,_median,function,810,managed-policy state mixed with diagnostics and summaries,strategy_engine/research_service seam,split/replace,diagnostics/trade_management.py,Do not port phase/policy evaluator; retain projections/summaries only.
trade_runtime.py,_percentile,function,820,managed-policy state mixed with diagnostics and summaries,strategy_engine/research_service seam,split/replace,diagnostics/trade_management.py,Do not port phase/policy evaluator; retain projections/summaries only.
trade_runtime.py,_profit_factor,function,831,managed-policy state mixed with diagnostics and summaries,strategy_engine/research_service seam,split/replace,diagnostics/trade_management.py,Do not port phase/policy evaluator; retain projections/summaries only.
trade_runtime.py,_exit_reason_mix,function,840,managed-policy state mixed with diagnostics and summaries,strategy_engine/research_service seam,split/replace,diagnostics/trade_management.py,Do not port phase/policy evaluator; retain projections/summaries only.
trade_runtime.py,_exit_layer_mix,function,848,managed-policy state mixed with diagnostics and summaries,strategy_engine/research_service seam,split/replace,diagnostics/trade_management.py,Do not port phase/policy evaluator; retain projections/summaries only.
trade_runtime.py,_phase_bucket,function,858,managed-policy state mixed with diagnostics and summaries,strategy_engine/research_service seam,split/replace,diagnostics/trade_management.py,Do not port phase/policy evaluator; retain projections/summaries only.
trade_runtime.py,_reached_phase,function,882,managed-policy state mixed with diagnostics and summaries,strategy_engine/research_service seam,split/replace,diagnostics/trade_management.py,Do not port phase/policy evaluator; retain projections/summaries only.
trade_runtime.py,_summary_for_records,function,892,managed-policy state mixed with diagnostics and summaries,strategy_engine/research_service seam,split/replace,diagnostics/trade_management.py,Do not port phase/policy evaluator; retain projections/summaries only.
trade_runtime.py,build_trade_management_summary,function,906,managed-policy state mixed with diagnostics and summaries,strategy_engine/research_service seam,split/replace,diagnostics/trade_management.py,Do not port phase/policy evaluator; retain projections/summaries only.
